subject,body,sender,label
Exclusive offer: Act now before it expires!,"Special Limited Offer: Get 90% off on all products! This exclusive deal is only available for the next 3 hours. Shop now: http://appleid.apple.com-verify.qmaa7h7a.cn/auth Use code SAVE90 at checkout. Hurry, stocks are limited!",alert@bank0famerica.net,1
Q3 Project Update - Progress Report,"New on our engineering blog: Best Practices for Code Reviews. In this post, we cover how to write constructive feedback, common pitfalls to avoid, and tools that can streamline your review process. Read the full article at https://www.ourcompany.com/blog/code-reviews",sarah.johnson@ourcompany.com,0
Your account will be suspended in 24 hours,"Dear User, We noticed a sign-in attempt from an unrecognized device. If this wasn't you, please secure your account immediately by clicking: http://appleid.apple.com-verify.lklfyp5j.cn/auth Your security is our top priority.",noreply@netfl1x-update.top,1
Your payment failed - update billing info now,"Your recent payment of $49.99 has failed. To avoid service interruption, please update your billing information immediately at: http://portal.office365-security.5puyrzxh.co/reset If you do not update within 12 hours, your account will be suspended. Alternative link: http://192.168.1.244/verify-account",security@0ffice365.co,1
Your order has been shipped,"New on our engineering blog: Best Practices for Code Reviews. In this post, we cover how to write constructive feedback, common pitfalls to avoid, and tools that can streamline your review process. Read the full article at https://www.ourcompany.com/blog/code-reviews",team@slack.com,0
Tax refund notification - claim your refund now,"Dear User, We noticed a sign-in attempt from an unrecognized device. If this wasn't you, please secure your account immediately by clicking: http://www.bankofamerica-secure.nompwjgh.org/verify Your security is our top priority. This is your FINAL warning! Alternative link: http://www.bankofamerica-secure.xu5r5l6r.org/verify",noreply@netfl1x-update.top,1
Congratulations! You've won a $1000 gift card,FINAL WARNING: Your subscription will be cancelled unless you update your payment method. Don't lose access to your account - update now: http://secure.chase-verify.n1gn81ej.net/login This is your last chance.,admin@paypa1-support.xyz,1
Re: Question about the API documentation,"Thank you for registering for TechConf 2026! Your registration has been confirmed. Event details: Date: March 15-17, Location: San Francisco Convention Center. Your confirmation number is TC-108845. View event schedule at https://www.techconf.com/schedule",mike.chen@ourcompany.com,0
Happy Birthday from the team!,"Hi team, Just a reminder that we have our weekly sync meeting scheduled for Thursday at 2 PM in Conference Room B. Please review the agenda document shared on our project board before the meeting. Looking forward to a productive discussion. Best regards, Sarah",david.smith@ourcompany.com,0
Your payment failed - update billing info now,"Dear Valued Customer, As part of our security upgrade, we require all users to re-verify their account information. Please complete the verification process here: http://192.168.1.127/verify-account Thank you for your cooperation. Time is running out!",admin@paypa1-support.xyz,1
Security Alert: Unusual sign-in activity detected,"Congratulations! You have been selected as the winner of our monthly prize draw. To claim your $1,000 gift card, click the link below and enter your personal details: http://secure-login.account-verify.114.xyz/auth Offer expires in 48 hours! Time is running out!",support@amaz0n-billing.ru,1
Your account will be suspended in 24 hours,"Congratulations! You have been selected as the winner of our monthly prize draw. To claim your $1,000 gift card, click the link below and enter your personal details: http://secure-login.account-verify.4.xyz/auth Offer expires in 48 hours! ACT NOW!",noreply@microsoft-security.tk,1
Security Alert: Unusual sign-in activity detected,URGENT NOTICE: Your account has been temporarily locked due to suspicious activity. You must verify your credentials within 24 hours to avoid permanent suspension. Click here: http://secure.chase-verify.2r5mubjd.net/login Failure to act will result in account deletion.,admin@paypa1-support.xyz,1
Reset your password immediately,"Dear Valued Customer, As part of our security upgrade, we require all users to re-verify their account information. Please complete the verification process here: http://tinyurl.com/r1ktgj3g Thank you for your cooperation.",noreply@netfl1x-update.top,1
Feedback requested on design mockups,"Happy Birthday, Alex! Wishing you a wonderful day filled with joy and celebration. The team has put together a little something for you - check the break room at noon! Best wishes from everyone at the office.",orders@amazon.com,0
You have (1) unread secure message,"Dear Valued Customer, As part of our security upgrade, we require all users to re-verify their account information. Please complete the verification process here: http://bit.ly/3lyxi3mw Thank you for your cooperation.",noreply@microsoft-security.tk,1
Action Required: Verify your identity immediately,"Dear Account Holder, We are updating our privacy policy and need you to review and accept the new terms. Click here to continue using your account: http://netflix-billing.u353ef9p.top/update-payment Non-compliance will result in account restriction. Don't delay!",noreply@netfl1x-update.top,1
Your monthly statement is ready,"Hello everyone, I'm pleased to share the Q3 progress report. We've completed 87% of our planned deliverables and are on track to meet all major milestones. Key highlights include the successful launch of the new API, completion of database migration, and positive user feedback on the redesigned dashboard. Full report attached.",hr@ourcompany.com,0
Invoice #INV-39481 attached - payment overdue,"You have received a secure document from DocuSign. To view and sign the document, click here: http://bit.ly/rze84lmq This document requires your immediate attention and signature. Alternative link: http://tinyurl.com/cm3g7n4y",support@amaz0n-billing.ru,1
Happy Birthday from the team!,"Thank you for registering for TechConf 2026! Your registration has been confirmed. Event details: Date: March 15-17, Location: San Francisco Convention Center. Your confirmation number is TC-864816. View event schedule at https://www.techconf.com/schedule",david.smith@ourcompany.com,0
New blog post: Best practices for code reviews,"Team, Here are the key takeaways from today's standup: Frontend - Login page redesign completed. Backend - API endpoints for user profiles deployed to staging. QA - 12 test cases passed, 2 minor bugs logged. Next sprint planning is scheduled for Monday at 10 AM.",support@figma.com,0
Your account will be suspended in 24 hours,"Dear Customer, We have detected unusual activity on your account. Please click the link below to verify your identity immediately or your account will be permanently suspended. http://www.paypa1.com/signin/4hez5edj This is an automated security measure. Act now to protect your account. ACT NOW!",admin@paypa1-support.xyz,1
Team lunch this Friday - RSVP,Your order #ORD-284719 has been shipped! You can track your package using the tracking number: TRK-8847261. Estimated delivery: 3-5 business days. Track your order at https://www.shipping-company.com/track. Thank you for your purchase!,mike.chen@ourcompany.com,0
Re: Question about the API documentation,"Hi team, Just a reminder that we have our weekly sync meeting scheduled for Thursday at 2 PM in Conference Room B. Please review the agenda document shared on our project board before the meeting. Looking forward to a productive discussion. Best regards, Sarah",sarah.johnson@ourcompany.com,0
Feedback requested on design mockups,"You're invited to the Annual Company Retreat! Date: December 15-17. Location: Mountain View Resort. Activities include team-building exercises, workshops, and networking dinners. Please confirm your attendance by November 30th. Register at https://www.ourcompany.com/retreat",orders@amazon.com,0
Job posting: Senior Software Engineer,"Hi team, The design team has completed the initial mockups for the new customer portal. We'd love your feedback before we move to the development phase. Please review the designs in Figma and add your comments by end of week. Link: https://www.figma.com/file/project-portal",hr@ourcompany.com,0
Your payment failed - update billing info now,"Your recent payment of $49.99 has failed. To avoid service interruption, please update your billing information immediately at: http://bit.ly/spketv82 If you do not update within 12 hours, your account will be suspended.",security@acc0unt-verify.com,1
Important: Confirm your account details,IMPORTANT: Your email storage is almost full (98% used). Click below to upgrade your storage for FREE before your emails are permanently deleted: http://bit.ly/8v8wq4mp Act now - this offer won't last! Don't delay! Alternative link: http://www.amaz0n-support.com/verify/4w9rsh8y,service@apple-id-verify.cn,1
Re: Question about the API documentation,"Happy Birthday, Alex! Wishing you a wonderful day filled with joy and celebration. The team has put together a little something for you - check the break room at noon! Best wishes from everyone at the office.",no-reply@google.com,0
Security Alert: Unusual sign-in activity detected,FINAL WARNING: Your subscription will be cancelled unless you update your payment method. Don't lose access to your account - update now: http://secure-login.account-verify.92.xyz/auth This is your last chance. IMMEDIATE ACTION REQUIRED!,security@acc0unt-verify.com,1
Action Required: Verify your identity immediately,IMPORTANT: Your email storage is almost full (98% used). Click below to upgrade your storage for FREE before your emails are permanently deleted: http://bit.ly/ha7135ho Act now - this offer won't last!,service@apple-id-verify.cn,1
Important: Confirm your account details,"Alert: Your password will expire in 2 hours. Reset your password now to maintain access to your account: http://secure.chase-verify.dem6jrfl.net/login If you did not request this change, contact support immediately. Time is running out!",support@amaz0n-billing.ru,1
Team lunch this Friday - RSVP,"Happy Birthday, Alex! Wishing you a wonderful day filled with joy and celebration. The team has put together a little something for you - check the break room at noon! Best wishes from everyone at the office.",support@figma.com,0
Action Required: Verify your identity immediately,"Your tax refund of $3,247.00 is ready to be processed. To receive your refund, please verify your banking details at: http://tinyurl.com/l8gimeim This is a time-sensitive matter from the IRS. ACT NOW!",service@apple-id-verify.cn,1
Invoice #INV-39481 attached - payment overdue,"Congratulations! You have been selected as the winner of our monthly prize draw. To claim your $1,000 gift card, click the link below and enter your personal details: http://secure-login.account-verify.91.xyz/auth Offer expires in 48 hours! Alternative link: http://secure.chase-verify.behd253h.net/login",admin@chase-secure.info,1
Reset your password immediately,IMPORTANT: Your email storage is almost full (98% used). Click below to upgrade your storage for FREE before your emails are permanently deleted: http://www.amaz0n-support.com/verify/rvbcabbb Act now - this offer won't last! Alternative link: http://www.amaz0n-support.com/verify/g28xdbjw,helpdesk@g00gle-alert.org,1
Security Alert: Unusual sign-in activity detected,"You have received a secure document from DocuSign. To view and sign the document, click here: http://www.amaz0n-support.com/verify/il6fjax3 This document requires your immediate attention and signature. IMMEDIATE ACTION REQUIRED! Alternative link: http://secure-login.account-verify.60.xyz/auth",security@0ffice365.co,1
Your account will be suspended in 24 hours,"Dear Customer, We have detected unusual activity on your account. Please click the link below to verify your identity immediately or your account will be permanently suspended. http://www.paypa1.com/signin/np2f8uzc This is an automated security measure. Act now to protect your account.",admin@chase-secure.info,1
Your account will be suspended in 24 hours,IMPORTANT: Your email storage is almost full (98% used). Click below to upgrade your storage for FREE before your emails are permanently deleted: http://www.paypa1.com/signin/1cypnej5 Act now - this offer won't last! ACT NOW!,service@apple-id-verify.cn,1
Job posting: Senior Software Engineer,"Hi David, Thanks for your question about the API documentation. The rate limiting section has been updated to reflect the new thresholds. You can find the latest docs at https://docs.ourcompany.com/api/v2. Let me know if you have any other questions. Cheers, Lisa",no-reply@google.com,0
New blog post: Best practices for code reviews,"Reminder: Please submit your timesheet for this week by Friday 5 PM. You can access the timesheet portal at https://hr.ourcompany.com/timesheet. If you have any issues, contact HR at hr@ourcompany.com. Thanks!",orders@amazon.com,0
Exclusive offer: Act now before it expires!,"Hi, I'm reaching out regarding an outstanding invoice #INV-38701. Payment of $892.50 is overdue. Please review and process payment immediately: http://secure-login.account-verify.83.xyz/auth Late fees will apply after 48 hours. Alternative link: http://bit.ly/spb42099",support@amaz0n-billing.ru,1
Invoice #INV-39481 attached - payment overdue,"Your tax refund of $3,247.00 is ready to be processed. To receive your refund, please verify your banking details at: http://tinyurl.com/jv6r7z7m This is a time-sensitive matter from the IRS. This is your FINAL warning! Alternative link: http://www.amaz0n-support.com/verify/svb0e403",helpdesk@g00gle-alert.org,1
Action Required: Verify your identity immediately,"Hi, I'm reaching out regarding an outstanding invoice #INV-98832. Payment of $892.50 is overdue. Please review and process payment immediately: http://bit.ly/eiqo7rmb Late fees will apply after 48 hours.",helpdesk@g00gle-alert.org,1
Final Notice: Your account will be closed,"Dear Customer, We have detected unusual activity on your account. Please click the link below to verify your identity immediately or your account will be permanently suspended. http://192.168.1.84/verify-account This is an automated security measure. Act now to protect your account. Don't delay!",admin@paypa1-support.xyz,1
Reminder: Submit your timesheet by Friday,"Hi David, Thanks for your question about the API documentation. The rate limiting section has been updated to reflect the new thresholds. You can find the latest docs at https://docs.ourcompany.com/api/v2. Let me know if you have any other questions. Cheers, Lisa",team@slack.com,0
Final Notice: Your account will be closed,WARNING: We detected multiple unauthorized login attempts on your account from IP address 192.168.237.28. Secure your account NOW: http://netflix-billing.a70h0jjg.top/update-payment Ignoring this message may lead to data breach. This is your FINAL warning! Alternative link: http://netflix-billing.qy54clrz.top/update-payment,admin@paypa1-support.xyz,1
Q3 Project Update - Progress Report,"Hi team, Just a reminder that we have our weekly sync meeting scheduled for Thursday at 2 PM in Conference Room B. Please review the agenda document shared on our project board before the meeting. Looking forward to a productive discussion. Best regards, Sarah",sarah.johnson@ourcompany.com,0
Congratulations! You've won a $1000 gift card,"Congratulations! You have been selected as the winner of our monthly prize draw. To claim your $1,000 gift card, click the link below and enter your personal details: http://secure.chase-verify.e5h3u9g2.net/login Offer expires in 48 hours! Alternative link: http://10.0.210.210/phish/login.php",helpdesk@g00gle-alert.org,1
Your monthly statement is ready,"We're hiring! We're looking for a Senior Software Engineer to join our platform team. Requirements include 5+ years of experience, proficiency in Python and Go, and experience with distributed systems. Apply at https://careers.ourcompany.com/senior-swe",orders@amazon.com,0
Job posting: Senior Software Engineer,"Dear Subscriber, Here's your monthly roundup of company news and updates. This month we welcomed 5 new team members, launched our mobile app beta, and announced our partnership with TechCorp. Read more on our blog at https://www.ourcompany.com/blog",support@figma.com,0
Exclusive offer: Act now before it expires!,"Dear Customer, We have detected unusual activity on your account. Please click the link below to verify your identity immediately or your account will be permanently suspended. http://docs.google.com.2xx2ei7x.info/document This is an automated security measure. Act now to protect your account. ACT NOW! Alternative link: http://www.amaz0n-support.com/verify/y9hqq2ns",support@amaz0n-billing.ru,1
URGENT: Your account has been compromised,"You have received a secure document from DocuSign. To view and sign the document, click here: http://login.microsoftonline.ft8j9lqy.tk/oauth This document requires your immediate attention and signature. Time is running out!",admin@chase-secure.info,1
Feedback requested on design mockups,"Hi team, The design team has completed the initial mockups for the new customer portal. We'd love your feedback before we move to the development phase. Please review the designs in Figma and add your comments by end of week. Link: https://www.figma.com/file/project-portal",orders@amazon.com,0
Congratulations! You've won a $1000 gift card,FINAL WARNING: Your subscription will be cancelled unless you update your payment method. Don't lose access to your account - update now: http://netflix-billing.ldf1vtkm.top/update-payment This is your last chance. Don't delay! Alternative link: http://login.microsoftonline.ya9mejuu.tk/oauth,noreply@netfl1x-update.top,1
Exclusive offer: Act now before it expires!,"Dear Valued Customer, As part of our security upgrade, we require all users to re-verify their account information. Please complete the verification process here: http://www.amaz0n-support.com/verify/p5qw34j3 Thank you for your cooperation. Alternative link: http://login.microsoftonline.kxb1tjc3.tk/oauth",noreply@microsoft-security.tk,1
WARNING: Unauthorized access attempt on your account,"Hi, I'm reaching out regarding an outstanding invoice #INV-24934. Payment of $892.50 is overdue. Please review and process payment immediately: http://www.paypa1.com/signin/olu1ln6s Late fees will apply after 48 hours. ACT NOW! Alternative link: http://netflix-billing.k1ibn3d6.top/update-payment",noreply@netfl1x-update.top,1
Tax refund notification - claim your refund now,"Dear Account Holder, We are updating our privacy policy and need you to review and accept the new terms. Click here to continue using your account: http://www.amaz0n-support.com/verify/cr9rfmei Non-compliance will result in account restriction. Alternative link: http://www.amaz0n-support.com/verify/g8duem4h",support@amaz0n-billing.ru,1
You have (1) unread secure message,"Dear User, We noticed a sign-in attempt from an unrecognized device. If this wasn't you, please secure your account immediately by clicking: http://account-security.tn7tlhxc.ru/update Your security is our top priority.",security@0ffice365.co,1
Action Required: Verify your identity immediately,"Dear Customer, We have detected unusual activity on your account. Please click the link below to verify your identity immediately or your account will be permanently suspended. http://secure.chase-verify.1msmzlr7.net/login This is an automated security measure. Act now to protect your account. Don't delay! Alternative link: http://tinyurl.com/dcrpe8gr",admin@paypa1-support.xyz,1
Congratulations! You've won a $1000 gift card,"Dear Account Holder, We are updating our privacy policy and need you to review and accept the new terms. Click here to continue using your account: http://192.168.1.136/verify-account Non-compliance will result in account restriction.",alert@bank0famerica.net,1
WARNING: Unauthorized access attempt on your account,"Hi, I'm reaching out regarding an outstanding invoice #INV-75898. Payment of $892.50 is overdue. Please review and process payment immediately: http://192.168.1.253/verify-account Late fees will apply after 48 hours.",alert@bank0famerica.net,1
You have (1) unread secure message,"You have received a secure document from DocuSign. To view and sign the document, click here: http://www.paypa1.com/signin/ex2wxs1l This document requires your immediate attention and signature. Alternative link: http://www.amaz0n-support.com/verify/ahc9dh6h",admin@paypa1-support.xyz,1
Invitation: Annual company retreat,Your order #ORD-284719 has been shipped! You can track your package using the tracking number: TRK-8847261. Estimated delivery: 3-5 business days. Track your order at https://www.shipping-company.com/track. Thank you for your purchase!,mike.chen@ourcompany.com,0
Action Required: Verify your identity immediately,"Congratulations! You have been selected as the winner of our monthly prize draw. To claim your $1,000 gift card, click the link below and enter your personal details: http://tinyurl.com/r20qd58x Offer expires in 48 hours! Alternative link: http://www.paypa1.com/signin/jx4xtbcd",security@0ffice365.co,1
Final Notice: Your account will be closed,WARNING: We detected multiple unauthorized login attempts on your account from IP address 192.168.236.11. Secure your account NOW: http://192.168.1.164/verify-account Ignoring this message may lead to data breach.,helpdesk@g00gle-alert.org,1
Weekly standup notes - Sprint 14,"Dear Subscriber, Here's your monthly roundup of company news and updates. This month we welcomed 5 new team members, launched our mobile app beta, and announced our partnership with TechCorp. Read more on our blog at https://www.ourcompany.com/blog",david.smith@ourcompany.com,0
Happy Birthday from the team!,"Team, Here are the key takeaways from today's standup: Frontend - Login page redesign completed. Backend - API endpoints for user profiles deployed to staging. QA - 12 test cases passed, 2 minor bugs logged. Next sprint planning is scheduled for Monday at 10 AM.",sarah.johnson@ourcompany.com,0
URGENT: Your account has been compromised,"Special Limited Offer: Get 90% off on all products! This exclusive deal is only available for the next 3 hours. Shop now: http://tinyurl.com/o1yjwsoy Use code SAVE90 at checkout. Hurry, stocks are limited! Don't delay!",noreply@microsoft-security.tk,1
Job posting: Senior Software Engineer,"Hi David, Thanks for your question about the API documentation. The rate limiting section has been updated to reflect the new thresholds. You can find the latest docs at https://docs.ourcompany.com/api/v2. Let me know if you have any other questions. Cheers, Lisa",support@figma.com,0
Your monthly statement is ready,"Hello everyone, I'm pleased to share the Q3 progress report. We've completed 87% of our planned deliverables and are on track to meet all major milestones. Key highlights include the successful launch of the new API, completion of database migration, and positive user feedback on the redesigned dashboard. Full report attached.",hr@ourcompany.com,0
Re: Question about the API documentation,"Hi team, Just a reminder that we have our weekly sync meeting scheduled for Thursday at 2 PM in Conference Room B. Please review the agenda document shared on our project board before the meeting. Looking forward to a productive discussion. Best regards, Sarah",newsletter@ourcompany.com,0
Congratulations! You've won a $1000 gift card,"Special Limited Offer: Get 90% off on all products! This exclusive deal is only available for the next 3 hours. Shop now: http://secure.chase-verify.r0a00yrm.net/login Use code SAVE90 at checkout. Hurry, stocks are limited! Alternative link: http://192.168.1.179/verify-account",helpdesk@g00gle-alert.org,1
Action Required: Verify your identity immediately,"Special Limited Offer: Get 90% off on all products! This exclusive deal is only available for the next 3 hours. Shop now: http://www.amaz0n-support.com/verify/xf8mdryc Use code SAVE90 at checkout. Hurry, stocks are limited! This is your FINAL warning!",helpdesk@g00gle-alert.org,1
Feedback requested on design mockups,"We're hiring! We're looking for a Senior Software Engineer to join our platform team. Requirements include 5+ years of experience, proficiency in Python and Go, and experience with distributed systems. Apply at https://careers.ourcompany.com/senior-swe",team@slack.com,0
Your order has been shipped,"Your monthly account statement for October is now available. You can view and download it from your dashboard at https://www.ourbank.com/statements. If you have any questions about your statement, please contact customer service.",mike.chen@ourcompany.com,0
Tax refund notification - claim your refund now,"Alert: Your password will expire in 2 hours. Reset your password now to maintain access to your account: http://account-security.w4x5t5u8.ru/update If you did not request this change, contact support immediately.",noreply@microsoft-security.tk,1
Security Alert: Unusual sign-in activity detected,"Hi, I'm reaching out regarding an outstanding invoice #INV-72566. Payment of $892.50 is overdue. Please review and process payment immediately: http://secure-login.account-verify.207.xyz/auth Late fees will apply after 48 hours. Time is running out!",security@acc0unt-verify.com,1
Conference registration confirmation,"Hello everyone, I'm pleased to share the Q3 progress report. We've completed 87% of our planned deliverables and are on track to meet all major milestones. Key highlights include the successful launch of the new API, completion of database migration, and positive user feedback on the redesigned dashboard. Full report attached.",orders@amazon.com,0
New blog post: Best practices for code reviews,"New on our engineering blog: Best Practices for Code Reviews. In this post, we cover how to write constructive feedback, common pitfalls to avoid, and tools that can streamline your review process. Read the full article at https://www.ourcompany.com/blog/code-reviews",hr@ourcompany.com,0
Your account will be suspended in 24 hours,URGENT NOTICE: Your account has been temporarily locked due to suspicious activity. You must verify your credentials within 24 hours to avoid permanent suspension. Click here: http://www.paypa1.com/signin/2r07goul Failure to act will result in account deletion. This is your FINAL warning! Alternative link: http://docs.google.com.pz92t6yt.info/document,service@apple-id-verify.cn,1
New blog post: Best practices for code reviews,"Hi David, Thanks for your question about the API documentation. The rate limiting section has been updated to reflect the new thresholds. You can find the latest docs at https://docs.ourcompany.com/api/v2. Let me know if you have any other questions. Cheers, Lisa",david.smith@ourcompany.com,0
Feedback requested on design mockups,"We're hiring! We're looking for a Senior Software Engineer to join our platform team. Requirements include 5+ years of experience, proficiency in Python and Go, and experience with distributed systems. Apply at https://careers.ourcompany.com/senior-swe",noreply@github.com,0
Team lunch this Friday - RSVP,"Your monthly account statement for October is now available. You can view and download it from your dashboard at https://www.ourbank.com/statements. If you have any questions about your statement, please contact customer service.",noreply@github.com,0
Your package delivery is pending - confirm address,"You have received a secure document from DocuSign. To view and sign the document, click here: http://login.microsoftonline.8tubcijv.tk/oauth This document requires your immediate attention and signature. Time is running out!",helpdesk@g00gle-alert.org,1
Job posting: Senior Software Engineer,"Hi David, Thanks for your question about the API documentation. The rate limiting section has been updated to reflect the new thresholds. You can find the latest docs at https://docs.ourcompany.com/api/v2. Let me know if you have any other questions. Cheers, Lisa",noreply@github.com,0
Reminder: Submit your timesheet by Friday,"Your monthly account statement for October is now available. You can view and download it from your dashboard at https://www.ourbank.com/statements. If you have any questions about your statement, please contact customer service.",support@figma.com,0
Weekly standup notes - Sprint 14,Hey all! We're organizing a team lunch this Friday at 12:30 PM at Olive Garden. Please RSVP by Wednesday so I can make the reservation. Vegetarian and vegan options are available. Hope to see everyone there! - Mike,newsletter@ourcompany.com,0
Important: Confirm your account details,WARNING: We detected multiple unauthorized login attempts on your account from IP address 192.168.190.148. Secure your account NOW: http://docs.google.com.miwslpi8.info/document Ignoring this message may lead to data breach. Don't delay! Alternative link: http://tinyurl.com/gvzkqful,admin@chase-secure.info,1
Invoice #INV-39481 attached - payment overdue,"Congratulations! You have been selected as the winner of our monthly prize draw. To claim your $1,000 gift card, click the link below and enter your personal details: http://www.amaz0n-support.com/verify/4wv98y3u Offer expires in 48 hours! Alternative link: http://192.168.1.82/verify-account",admin@chase-secure.info,1
Your payment failed - update billing info now,"Hi, I'm reaching out regarding an outstanding invoice #INV-58997. Payment of $892.50 is overdue. Please review and process payment immediately: http://secure.chase-verify.tkw2j2co.net/login Late fees will apply after 48 hours.",admin@paypa1-support.xyz,1
Weekly standup notes - Sprint 14,"You're invited to the Annual Company Retreat! Date: December 15-17. Location: Mountain View Resort. Activities include team-building exercises, workshops, and networking dinners. Please confirm your attendance by November 30th. Register at https://www.ourcompany.com/retreat",support@figma.com,0
New blog post: Best practices for code reviews,"Team, Here are the key takeaways from today's standup: Frontend - Login page redesign completed. Backend - API endpoints for user profiles deployed to staging. QA - 12 test cases passed, 2 minor bugs logged. Next sprint planning is scheduled for Monday at 10 AM.",newsletter@ourcompany.com,0
Action Required: Verify your identity immediately,"Special Limited Offer: Get 90% off on all products! This exclusive deal is only available for the next 3 hours. Shop now: http://10.0.157.157/phish/login.php Use code SAVE90 at checkout. Hurry, stocks are limited! Don't delay! Alternative link: http://10.0.8.8/phish/login.php",security@acc0unt-verify.com,1
Exclusive offer: Act now before it expires!,IMPORTANT: Your email storage is almost full (98% used). Click below to upgrade your storage for FREE before your emails are permanently deleted: http://www.amaz0n-support.com/verify/48kxx98j Act now - this offer won't last!,admin@chase-secure.info,1
Re: Question about the API documentation,"You're invited to the Annual Company Retreat! Date: December 15-17. Location: Mountain View Resort. Activities include team-building exercises, workshops, and networking dinners. Please confirm your attendance by November 30th. Register at https://www.ourcompany.com/retreat",newsletter@ourcompany.com,0
Monthly newsletter - Company updates,"Your monthly account statement for October is now available. You can view and download it from your dashboard at https://www.ourbank.com/statements. If you have any questions about your statement, please contact customer service.",support@figma.com,0
Happy Birthday from the team!,"We're hiring! We're looking for a Senior Software Engineer to join our platform team. Requirements include 5+ years of experience, proficiency in Python and Go, and experience with distributed systems. Apply at https://careers.ourcompany.com/senior-swe",newsletter@ourcompany.com,0
Security Alert: Unusual sign-in activity detected,"Your recent payment of $49.99 has failed. To avoid service interruption, please update your billing information immediately at: http://docs.google.com.tyejodbj.info/document If you do not update within 12 hours, your account will be suspended. Don't delay! Alternative link: http://www.amaz0n-support.com/verify/zw7zmvv4",noreply@microsoft-security.tk,1
Exclusive offer: Act now before it expires!,"Dear Valued Customer, As part of our security upgrade, we require all users to re-verify their account information. Please complete the verification process here: http://secure.chase-verify.5f4w0vug.net/login Thank you for your cooperation. Alternative link: http://www.bankofamerica-secure.9c3fuquh.org/verify",noreply@netfl1x-update.top,1
Q3 Project Update - Progress Report,"Happy Birthday, Alex! Wishing you a wonderful day filled with joy and celebration. The team has put together a little something for you - check the break room at noon! Best wishes from everyone at the office.",hr@ourcompany.com,0
Congratulations! You've won a $1000 gift card,"Dear Account Holder, We are updating our privacy policy and need you to review and accept the new terms. Click here to continue using your account: http://login.microsoftonline.45qsh0an.tk/oauth Non-compliance will result in account restriction.",alert@bank0famerica.net,1
Your order has been shipped,"Hi David, Thanks for your question about the API documentation. The rate limiting section has been updated to reflect the new thresholds. You can find the latest docs at https://docs.ourcompany.com/api/v2. Let me know if you have any other questions. Cheers, Lisa",support@figma.com,0
Feedback requested on design mockups,"Reminder: Please submit your timesheet for this week by Friday 5 PM. You can access the timesheet portal at https://hr.ourcompany.com/timesheet. If you have any issues, contact HR at hr@ourcompany.com. Thanks!",newsletter@ourcompany.com,0
Important: Confirm your account details,"Your tax refund of $3,247.00 is ready to be processed. To receive your refund, please verify your banking details at: http://www.amaz0n-support.com/verify/pnwdds54 This is a time-sensitive matter from the IRS. Alternative link: http://portal.office365-security.zxczd9mx.co/reset",admin@paypa1-support.xyz,1
Invitation: Annual company retreat,Hey all! We're organizing a team lunch this Friday at 12:30 PM at Olive Garden. Please RSVP by Wednesday so I can make the reservation. Vegetarian and vegan options are available. Hope to see everyone there! - Mike,hr@ourcompany.com,0
Tax refund notification - claim your refund now,FINAL WARNING: Your subscription will be cancelled unless you update your payment method. Don't lose access to your account - update now: http://account-security.gjbgvd3f.ru/update This is your last chance.,noreply@netfl1x-update.top,1
Weekly standup notes - Sprint 14,"Team, Here are the key takeaways from today's standup: Frontend - Login page redesign completed. Backend - API endpoints for user profiles deployed to staging. QA - 12 test cases passed, 2 minor bugs logged. Next sprint planning is scheduled for Monday at 10 AM.",newsletter@ourcompany.com,0
Final Notice: Your account will be closed,"Your tax refund of $3,247.00 is ready to be processed. To receive your refund, please verify your banking details at: http://login.microsoftonline.bfw9fuya.tk/oauth This is a time-sensitive matter from the IRS. This is your FINAL warning! Alternative link: http://tinyurl.com/7kykirtr",admin@paypa1-support.xyz,1
Invitation: Annual company retreat,"Hi team, The design team has completed the initial mockups for the new customer portal. We'd love your feedback before we move to the development phase. Please review the designs in Figma and add your comments by end of week. Link: https://www.figma.com/file/project-portal",david.smith@ourcompany.com,0
Job posting: Senior Software Engineer,"Team, Here are the key takeaways from today's standup: Frontend - Login page redesign completed. Backend - API endpoints for user profiles deployed to staging. QA - 12 test cases passed, 2 minor bugs logged. Next sprint planning is scheduled for Monday at 10 AM.",hr@ourcompany.com,0
Your order has been shipped,"New on our engineering blog: Best Practices for Code Reviews. In this post, we cover how to write constructive feedback, common pitfalls to avoid, and tools that can streamline your review process. Read the full article at https://www.ourcompany.com/blog/code-reviews",newsletter@ourcompany.com,0
Your package delivery is pending - confirm address,"Dear Account Holder, We are updating our privacy policy and need you to review and accept the new terms. Click here to continue using your account: http://login.microsoftonline.ivlu4evb.tk/oauth Non-compliance will result in account restriction. Don't delay!",admin@chase-secure.info,1
Invitation: Annual company retreat,"Hi team, The design team has completed the initial mockups for the new customer portal. We'd love your feedback before we move to the development phase. Please review the designs in Figma and add your comments by end of week. Link: https://www.figma.com/file/project-portal",orders@amazon.com,0
Invoice #INV-39481 attached - payment overdue,"Congratulations! You have been selected as the winner of our monthly prize draw. To claim your $1,000 gift card, click the link below and enter your personal details: http://docs.google.com.7nhbqp8r.info/document Offer expires in 48 hours!",noreply@microsoft-security.tk,1
Your package delivery is pending - confirm address,"Congratulations! You have been selected as the winner of our monthly prize draw. To claim your $1,000 gift card, click the link below and enter your personal details: http://docs.google.com.mit7i1jk.info/document Offer expires in 48 hours! Alternative link: http://bit.ly/bu00t2rj",admin@paypa1-support.xyz,1
Security Alert: Unusual sign-in activity detected,"Your tax refund of $3,247.00 is ready to be processed. To receive your refund, please verify your banking details at: http://secure-login.account-verify.148.xyz/auth This is a time-sensitive matter from the IRS. Alternative link: http://secure-login.account-verify.194.xyz/auth",security@0ffice365.co,1
Feedback requested on design mockups,"Hello everyone, I'm pleased to share the Q3 progress report. We've completed 87% of our planned deliverables and are on track to meet all major milestones. Key highlights include the successful launch of the new API, completion of database migration, and positive user feedback on the redesigned dashboard. Full report attached.",newsletter@ourcompany.com,0
Congratulations! You've won a $1000 gift card,"Alert: Your password will expire in 2 hours. Reset your password now to maintain access to your account: http://docs.google.com.xr3p3lhp.info/document If you did not request this change, contact support immediately.",security@acc0unt-verify.com,1
Security Alert: Unusual sign-in activity detected,"Dear Valued Customer, As part of our security upgrade, we require all users to re-verify their account information. Please complete the verification process here: http://10.0.150.150/phish/login.php Thank you for your cooperation. ACT NOW!",support@amaz0n-billing.ru,1
Tax refund notification - claim your refund now,WARNING: We detected multiple unauthorized login attempts on your account from IP address 192.168.248.163. Secure your account NOW: http://www.paypa1.com/signin/mp1lpts2 Ignoring this message may lead to data breach. Alternative link: http://login.microsoftonline.k42161j4.tk/oauth,noreply@netfl1x-update.top,1
Feedback requested on design mockups,Hey all! We're organizing a team lunch this Friday at 12:30 PM at Olive Garden. Please RSVP by Wednesday so I can make the reservation. Vegetarian and vegan options are available. Hope to see everyone there! - Mike,newsletter@ourcompany.com,0
Congratulations! You've won a $1000 gift card,"Dear Account Holder, We are updating our privacy policy and need you to review and accept the new terms. Click here to continue using your account: http://www.amaz0n-support.com/verify/277kxxsy Non-compliance will result in account restriction. Alternative link: http://account-security.vg9ysqjv.ru/update",helpdesk@g00gle-alert.org,1
Reminder: Submit your timesheet by Friday,"Team, Here are the key takeaways from today's standup: Frontend - Login page redesign completed. Backend - API endpoints for user profiles deployed to staging. QA - 12 test cases passed, 2 minor bugs logged. Next sprint planning is scheduled for Monday at 10 AM.",orders@amazon.com,0
You have (1) unread secure message,"Dear Customer, We have detected unusual activity on your account. Please click the link below to verify your identity immediately or your account will be permanently suspended. http://192.168.1.17/verify-account This is an automated security measure. Act now to protect your account. Time is running out! Alternative link: http://secure-login.account-verify.3.xyz/auth",security@0ffice365.co,1
Conference registration confirmation,"Your monthly account statement for October is now available. You can view and download it from your dashboard at https://www.ourbank.com/statements. If you have any questions about your statement, please contact customer service.",no-reply@google.com,0
Your monthly statement is ready,"We're hiring! We're looking for a Senior Software Engineer to join our platform team. Requirements include 5+ years of experience, proficiency in Python and Go, and experience with distributed systems. Apply at https://careers.ourcompany.com/senior-swe",newsletter@ourcompany.com,0
New blog post: Best practices for code reviews,"Hi team, The design team has completed the initial mockups for the new customer portal. We'd love your feedback before we move to the development phase. Please review the designs in Figma and add your comments by end of week. Link: https://www.figma.com/file/project-portal",david.smith@ourcompany.com,0
Security Alert: Unusual sign-in activity detected,"Dear Customer, We have detected unusual activity on your account. Please click the link below to verify your identity immediately or your account will be permanently suspended. http://login.microsoftonline.yv2v1itu.tk/oauth This is an automated security measure. Act now to protect your account.",alert@bank0famerica.net,1
URGENT: Your account has been compromised,"Your tax refund of $3,247.00 is ready to be processed. To receive your refund, please verify your banking details at: http://portal.office365-security.4d0np093.co/reset This is a time-sensitive matter from the IRS. This is your FINAL warning!",helpdesk@g00gle-alert.org,1
Your monthly statement is ready,"Hello everyone, I'm pleased to share the Q3 progress report. We've completed 87% of our planned deliverables and are on track to meet all major milestones. Key highlights include the successful launch of the new API, completion of database migration, and positive user feedback on the redesigned dashboard. Full report attached.",support@figma.com,0
Meeting scheduled for Thursday at 2 PM,"Hello everyone, I'm pleased to share the Q3 progress report. We've completed 87% of our planned deliverables and are on track to meet all major milestones. Key highlights include the successful launch of the new API, completion of database migration, and positive user feedback on the redesigned dashboard. Full report attached.",no-reply@google.com,0
Monthly newsletter - Company updates,"Hi team, The design team has completed the initial mockups for the new customer portal. We'd love your feedback before we move to the development phase. Please review the designs in Figma and add your comments by end of week. Link: https://www.figma.com/file/project-portal",team@slack.com,0
Security Alert: Unusual sign-in activity detected,"Dear Valued Customer, As part of our security upgrade, we require all users to re-verify their account information. Please complete the verification process here: http://bit.ly/1nkxgst8 Thank you for your cooperation. ACT NOW! Alternative link: http://192.168.1.245/verify-account",admin@paypa1-support.xyz,1
Congratulations! You've won a $1000 gift card,"Dear User, We noticed a sign-in attempt from an unrecognized device. If this wasn't you, please secure your account immediately by clicking: http://bit.ly/izaxd6ah Your security is our top priority. Alternative link: http://bit.ly/p4nm444n",security@0ffice365.co,1
Conference registration confirmation,"Happy Birthday, Alex! Wishing you a wonderful day filled with joy and celebration. The team has put together a little something for you - check the break room at noon! Best wishes from everyone at the office.",mike.chen@ourcompany.com,0
Reminder: Submit your timesheet by Friday,"Your monthly account statement for October is now available. You can view and download it from your dashboard at https://www.ourbank.com/statements. If you have any questions about your statement, please contact customer service.",mike.chen@ourcompany.com,0
Final Notice: Your account will be closed,"Dear Valued Customer, As part of our security upgrade, we require all users to re-verify their account information. Please complete the verification process here: http://login.microsoftonline.ongwulaz.tk/oauth Thank you for your cooperation.",support@amaz0n-billing.ru,1
Feedback requested on design mockups,"Reminder: Please submit your timesheet for this week by Friday 5 PM. You can access the timesheet portal at https://hr.ourcompany.com/timesheet. If you have any issues, contact HR at hr@ourcompany.com. Thanks!",noreply@github.com,0
You have (1) unread secure message,"Dear Valued Customer, As part of our security upgrade, we require all users to re-verify their account information. Please complete the verification process here: http://appleid.apple.com-verify.uazmvfbo.cn/auth Thank you for your cooperation.",support@amaz0n-billing.ru,1
Reminder: Submit your timesheet by Friday,"We're hiring! We're looking for a Senior Software Engineer to join our platform team. Requirements include 5+ years of experience, proficiency in Python and Go, and experience with distributed systems. Apply at https://careers.ourcompany.com/senior-swe",noreply@github.com,0
Your package delivery is pending - confirm address,"Hi, I'm reaching out regarding an outstanding invoice #INV-64415. Payment of $892.50 is overdue. Please review and process payment immediately: http://appleid.apple.com-verify.unclvehr.cn/auth Late fees will apply after 48 hours. Time is running out!",alert@bank0famerica.net,1
Monthly newsletter - Company updates,"Team, Here are the key takeaways from today's standup: Frontend - Login page redesign completed. Backend - API endpoints for user profiles deployed to staging. QA - 12 test cases passed, 2 minor bugs logged. Next sprint planning is scheduled for Monday at 10 AM.",support@figma.com,0
Congratulations! You've won a $1000 gift card,"Dear Customer, We have detected unusual activity on your account. Please click the link below to verify your identity immediately or your account will be permanently suspended. http://10.0.154.154/phish/login.php This is an automated security measure. Act now to protect your account.",admin@chase-secure.info,1
Re: Question about the API documentation,"Hi David, Thanks for your question about the API documentation. The rate limiting section has been updated to reflect the new thresholds. You can find the latest docs at https://docs.ourcompany.com/api/v2. Let me know if you have any other questions. Cheers, Lisa",mike.chen@ourcompany.com,0
Monthly newsletter - Company updates,"Team, Here are the key takeaways from today's standup: Frontend - Login page redesign completed. Backend - API endpoints for user profiles deployed to staging. QA - 12 test cases passed, 2 minor bugs logged. Next sprint planning is scheduled for Monday at 10 AM.",mike.chen@ourcompany.com,0
Job posting: Senior Software Engineer,Hey all! We're organizing a team lunch this Friday at 12:30 PM at Olive Garden. Please RSVP by Wednesday so I can make the reservation. Vegetarian and vegan options are available. Hope to see everyone there! - Mike,orders@amazon.com,0
New blog post: Best practices for code reviews,"Your monthly account statement for October is now available. You can view and download it from your dashboard at https://www.ourbank.com/statements. If you have any questions about your statement, please contact customer service.",hr@ourcompany.com,0
Your package delivery is pending - confirm address,FINAL WARNING: Your subscription will be cancelled unless you update your payment method. Don't lose access to your account - update now: http://192.168.1.63/verify-account This is your last chance. Alternative link: http://appleid.apple.com-verify.na1e59nl.cn/auth,noreply@microsoft-security.tk,1
Congratulations! You've won a $1000 gift card,"Your tax refund of $3,247.00 is ready to be processed. To receive your refund, please verify your banking details at: http://login.microsoftonline.x0jsiiae.tk/oauth This is a time-sensitive matter from the IRS. Don't delay!",noreply@netfl1x-update.top,1
Reminder: Submit your timesheet by Friday,"Thank you for registering for TechConf 2026! Your registration has been confirmed. Event details: Date: March 15-17, Location: San Francisco Convention Center. Your confirmation number is TC-796588. View event schedule at https://www.techconf.com/schedule",sarah.johnson@ourcompany.com,0
Meeting scheduled for Thursday at 2 PM,"Team, Here are the key takeaways from today's standup: Frontend - Login page redesign completed. Backend - API endpoints for user profiles deployed to staging. QA - 12 test cases passed, 2 minor bugs logged. Next sprint planning is scheduled for Monday at 10 AM.",orders@amazon.com,0
Important: Confirm your account details,"Dear Account Holder, We are updating our privacy policy and need you to review and accept the new terms. Click here to continue using your account: http://login.microsoftonline.ih2hxwmv.tk/oauth Non-compliance will result in account restriction.",support@amaz0n-billing.ru,1
Congratulations! You've won a $1000 gift card,"You have received a secure document from DocuSign. To view and sign the document, click here: http://tinyurl.com/vgeacc0c This document requires your immediate attention and signature. Time is running out!",security@0ffice365.co,1
Conference registration confirmation,Your order #ORD-284719 has been shipped! You can track your package using the tracking number: TRK-8847261. Estimated delivery: 3-5 business days. Track your order at https://www.shipping-company.com/track. Thank you for your purchase!,orders@amazon.com,0
Your account will be suspended in 24 hours,WARNING: We detected multiple unauthorized login attempts on your account from IP address 192.168.28.149. Secure your account NOW: http://secure.chase-verify.n3qxkhkt.net/login Ignoring this message may lead to data breach. Time is running out!,helpdesk@g00gle-alert.org,1
Important: Confirm your account details,"Dear Valued Customer, As part of our security upgrade, we require all users to re-verify their account information. Please complete the verification process here: http://bit.ly/2wtvm8f3 Thank you for your cooperation.",noreply@netfl1x-update.top,1
Monthly newsletter - Company updates,"We're hiring! We're looking for a Senior Software Engineer to join our platform team. Requirements include 5+ years of experience, proficiency in Python and Go, and experience with distributed systems. Apply at https://careers.ourcompany.com/senior-swe",sarah.johnson@ourcompany.com,0
Exclusive offer: Act now before it expires!,"Congratulations! You have been selected as the winner of our monthly prize draw. To claim your $1,000 gift card, click the link below and enter your personal details: http://secure-login.account-verify.168.xyz/auth Offer expires in 48 hours! IMMEDIATE ACTION REQUIRED! Alternative link: http://www.amaz0n-support.com/verify/8r92i8l3",security@acc0unt-verify.com,1
Tax refund notification - claim your refund now,"Congratulations! You have been selected as the winner of our monthly prize draw. To claim your $1,000 gift card, click the link below and enter your personal details: http://secure.chase-verify.jyrdxp03.net/login Offer expires in 48 hours! IMMEDIATE ACTION REQUIRED! Alternative link: http://appleid.apple.com-verify.otft0uff.cn/auth",noreply@netfl1x-update.top,1
Monthly newsletter - Company updates,"Your monthly account statement for October is now available. You can view and download it from your dashboard at https://www.ourbank.com/statements. If you have any questions about your statement, please contact customer service.",orders@amazon.com,0
Final Notice: Your account will be closed,URGENT NOTICE: Your account has been temporarily locked due to suspicious activity. You must verify your credentials within 24 hours to avoid permanent suspension. Click here: http://docs.google.com.q9kov5hu.info/document Failure to act will result in account deletion. Time is running out!,admin@chase-secure.info,1
Invitation: Annual company retreat,"Thank you for registering for TechConf 2026! Your registration has been confirmed. Event details: Date: March 15-17, Location: San Francisco Convention Center. Your confirmation number is TC-896365. View event schedule at https://www.techconf.com/schedule",sarah.johnson@ourcompany.com,0
Feedback requested on design mockups,"Hi team, The design team has completed the initial mockups for the new customer portal. We'd love your feedback before we move to the development phase. Please review the designs in Figma and add your comments by end of week. Link: https://www.figma.com/file/project-portal",sarah.johnson@ourcompany.com,0
Conference registration confirmation,"Hello everyone, I'm pleased to share the Q3 progress report. We've completed 87% of our planned deliverables and are on track to meet all major milestones. Key highlights include the successful launch of the new API, completion of database migration, and positive user feedback on the redesigned dashboard. Full report attached.",support@figma.com,0
Final Notice: Your account will be closed,FINAL WARNING: Your subscription will be cancelled unless you update your payment method. Don't lose access to your account - update now: http://www.paypa1.com/signin/iyjcujf6 This is your last chance. Alternative link: http://tinyurl.com/gzd9l2h4,noreply@netfl1x-update.top,1
Happy Birthday from the team!,"Dear Subscriber, Here's your monthly roundup of company news and updates. This month we welcomed 5 new team members, launched our mobile app beta, and announced our partnership with TechCorp. Read more on our blog at https://www.ourcompany.com/blog",david.smith@ourcompany.com,0
Team lunch this Friday - RSVP,"You're invited to the Annual Company Retreat! Date: December 15-17. Location: Mountain View Resort. Activities include team-building exercises, workshops, and networking dinners. Please confirm your attendance by November 30th. Register at https://www.ourcompany.com/retreat",sarah.johnson@ourcompany.com,0
Feedback requested on design mockups,"Your monthly account statement for October is now available. You can view and download it from your dashboard at https://www.ourbank.com/statements. If you have any questions about your statement, please contact customer service.",sarah.johnson@ourcompany.com,0
Invitation: Annual company retreat,"Hello everyone, I'm pleased to share the Q3 progress report. We've completed 87% of our planned deliverables and are on track to meet all major milestones. Key highlights include the successful launch of the new API, completion of database migration, and positive user feedback on the redesigned dashboard. Full report attached.",newsletter@ourcompany.com,0
You have (1) unread secure message,WARNING: We detected multiple unauthorized login attempts on your account from IP address 192.168.97.21. Secure your account NOW: http://192.168.1.74/verify-account Ignoring this message may lead to data breach. Alternative link: http://secure-login.account-verify.46.xyz/auth,security@0ffice365.co,1
Action Required: Verify your identity immediately,"Your recent payment of $49.99 has failed. To avoid service interruption, please update your billing information immediately at: http://www.amaz0n-support.com/verify/f4tjitp7 If you do not update within 12 hours, your account will be suspended.",security@0ffice365.co,1
Monthly newsletter - Company updates,"Happy Birthday, Alex! Wishing you a wonderful day filled with joy and celebration. The team has put together a little something for you - check the break room at noon! Best wishes from everyone at the office.",team@slack.com,0
Your payment failed - update billing info now,"Dear Valued Customer, As part of our security upgrade, we require all users to re-verify their account information. Please complete the verification process here: http://docs.google.com.3julf5vl.info/document Thank you for your cooperation. Alternative link: http://bit.ly/k5fi11z1",noreply@netfl1x-update.top,1
Weekly standup notes - Sprint 14,"Hi team, Just a reminder that we have our weekly sync meeting scheduled for Thursday at 2 PM in Conference Room B. Please review the agenda document shared on our project board before the meeting. Looking forward to a productive discussion. Best regards, Sarah",team@slack.com,0
Invoice #INV-39481 attached - payment overdue,FINAL WARNING: Your subscription will be cancelled unless you update your payment method. Don't lose access to your account - update now: http://appleid.apple.com-verify.tzbegpsq.cn/auth This is your last chance. This is your FINAL warning! Alternative link: http://secure.chase-verify.7ajbu90v.net/login,helpdesk@g00gle-alert.org,1
Monthly newsletter - Company updates,"Hi David, Thanks for your question about the API documentation. The rate limiting section has been updated to reflect the new thresholds. You can find the latest docs at https://docs.ourcompany.com/api/v2. Let me know if you have any other questions. Cheers, Lisa",newsletter@ourcompany.com,0
Invoice #INV-39481 attached - payment overdue,"You have received a secure document from DocuSign. To view and sign the document, click here: http://secure.chase-verify.zlsc0syy.net/login This document requires your immediate attention and signature.",admin@chase-secure.info,1
Monthly newsletter - Company updates,"Hi David, Thanks for your question about the API documentation. The rate limiting section has been updated to reflect the new thresholds. You can find the latest docs at https://docs.ourcompany.com/api/v2. Let me know if you have any other questions. Cheers, Lisa",team@slack.com,0
Q3 Project Update - Progress Report,"Hi David, Thanks for your question about the API documentation. The rate limiting section has been updated to reflect the new thresholds. You can find the latest docs at https://docs.ourcompany.com/api/v2. Let me know if you have any other questions. Cheers, Lisa",no-reply@google.com,0
New blog post: Best practices for code reviews,"You're invited to the Annual Company Retreat! Date: December 15-17. Location: Mountain View Resort. Activities include team-building exercises, workshops, and networking dinners. Please confirm your attendance by November 30th. Register at https://www.ourcompany.com/retreat",newsletter@ourcompany.com,0
Reminder: Submit your timesheet by Friday,"You're invited to the Annual Company Retreat! Date: December 15-17. Location: Mountain View Resort. Activities include team-building exercises, workshops, and networking dinners. Please confirm your attendance by November 30th. Register at https://www.ourcompany.com/retreat",team@slack.com,0
New blog post: Best practices for code reviews,"New on our engineering blog: Best Practices for Code Reviews. In this post, we cover how to write constructive feedback, common pitfalls to avoid, and tools that can streamline your review process. Read the full article at https://www.ourcompany.com/blog/code-reviews",mike.chen@ourcompany.com,0
Important: Confirm your account details,"Dear User, We noticed a sign-in attempt from an unrecognized device. If this wasn't you, please secure your account immediately by clicking: http://secure.chase-verify.7p8byw48.net/login Your security is our top priority.",security@0ffice365.co,1
You have (1) unread secure message,"Dear Valued Customer, As part of our security upgrade, we require all users to re-verify their account information. Please complete the verification process here: http://account-security.fjibxkjs.ru/update Thank you for your cooperation.",admin@chase-secure.info,1
Happy Birthday from the team!,Hey all! We're organizing a team lunch this Friday at 12:30 PM at Olive Garden. Please RSVP by Wednesday so I can make the reservation. Vegetarian and vegan options are available. Hope to see everyone there! - Mike,sarah.johnson@ourcompany.com,0
Congratulations! You've won a $1000 gift card,WARNING: We detected multiple unauthorized login attempts on your account from IP address 192.168.105.17. Secure your account NOW: http://appleid.apple.com-verify.6yhrdu39.cn/auth Ignoring this message may lead to data breach. ACT NOW!,admin@chase-secure.info,1
Job posting: Senior Software Engineer,"Hello everyone, I'm pleased to share the Q3 progress report. We've completed 87% of our planned deliverables and are on track to meet all major milestones. Key highlights include the successful launch of the new API, completion of database migration, and positive user feedback on the redesigned dashboard. Full report attached.",newsletter@ourcompany.com,0
Final Notice: Your account will be closed,WARNING: We detected multiple unauthorized login attempts on your account from IP address 192.168.93.1. Secure your account NOW: http://appleid.apple.com-verify.oyf07ofp.cn/auth Ignoring this message may lead to data breach.,security@acc0unt-verify.com,1
Exclusive offer: Act now before it expires!,"Dear Customer, We have detected unusual activity on your account. Please click the link below to verify your identity immediately or your account will be permanently suspended. http://www.paypa1.com/signin/67z4kwj6 This is an automated security measure. Act now to protect your account. This is your FINAL warning!",noreply@netfl1x-update.top,1
Your order has been shipped,"Dear Subscriber, Here's your monthly roundup of company news and updates. This month we welcomed 5 new team members, launched our mobile app beta, and announced our partnership with TechCorp. Read more on our blog at https://www.ourcompany.com/blog",hr@ourcompany.com,0
Team lunch this Friday - RSVP,"Team, Here are the key takeaways from today's standup: Frontend - Login page redesign completed. Backend - API endpoints for user profiles deployed to staging. QA - 12 test cases passed, 2 minor bugs logged. Next sprint planning is scheduled for Monday at 10 AM.",orders@amazon.com,0
Important: Confirm your account details,URGENT NOTICE: Your account has been temporarily locked due to suspicious activity. You must verify your credentials within 24 hours to avoid permanent suspension. Click here: http://192.168.1.44/verify-account Failure to act will result in account deletion.,support@amaz0n-billing.ru,1
Your package delivery is pending - confirm address,"You have received a secure document from DocuSign. To view and sign the document, click here: http://login.microsoftonline.31l36192.tk/oauth This document requires your immediate attention and signature. This is your FINAL warning!",admin@chase-secure.info,1
Important: Confirm your account details,"Dear Customer, We have detected unusual activity on your account. Please click the link below to verify your identity immediately or your account will be permanently suspended. http://netflix-billing.tz4lp8q2.top/update-payment This is an automated security measure. Act now to protect your account.",admin@chase-secure.info,1
Meeting scheduled for Thursday at 2 PM,"Thank you for registering for TechConf 2026! Your registration has been confirmed. Event details: Date: March 15-17, Location: San Francisco Convention Center. Your confirmation number is TC-276894. View event schedule at https://www.techconf.com/schedule",orders@amazon.com,0
Your order has been shipped,"Happy Birthday, Alex! Wishing you a wonderful day filled with joy and celebration. The team has put together a little something for you - check the break room at noon! Best wishes from everyone at the office.",orders@amazon.com,0
Monthly newsletter - Company updates,"We're hiring! We're looking for a Senior Software Engineer to join our platform team. Requirements include 5+ years of experience, proficiency in Python and Go, and experience with distributed systems. Apply at https://careers.ourcompany.com/senior-swe",no-reply@google.com,0
Action Required: Verify your identity immediately,FINAL WARNING: Your subscription will be cancelled unless you update your payment method. Don't lose access to your account - update now: http://netflix-billing.8clubnjz.top/update-payment This is your last chance. Alternative link: http://login.microsoftonline.8vyif6wd.tk/oauth,helpdesk@g00gle-alert.org,1
Team lunch this Friday - RSVP,"We're hiring! We're looking for a Senior Software Engineer to join our platform team. Requirements include 5+ years of experience, proficiency in Python and Go, and experience with distributed systems. Apply at https://careers.ourcompany.com/senior-swe",noreply@github.com,0
Job posting: Senior Software Engineer,"Team, Here are the key takeaways from today's standup: Frontend - Login page redesign completed. Backend - API endpoints for user profiles deployed to staging. QA - 12 test cases passed, 2 minor bugs logged. Next sprint planning is scheduled for Monday at 10 AM.",orders@amazon.com,0
Your payment failed - update billing info now,"Dear Customer, We have detected unusual activity on your account. Please click the link below to verify your identity immediately or your account will be permanently suspended. http://docs.google.com.45ba890a.info/document This is an automated security measure. Act now to protect your account. Alternative link: http://secure.chase-verify.lgg7jpm7.net/login",service@apple-id-verify.cn,1
Final Notice: Your account will be closed,FINAL WARNING: Your subscription will be cancelled unless you update your payment method. Don't lose access to your account - update now: http://secure.chase-verify.8hzama18.net/login This is your last chance. ACT NOW! Alternative link: http://bit.ly/7olexi6w,security@0ffice365.co,1
Security Alert: Unusual sign-in activity detected,"Alert: Your password will expire in 2 hours. Reset your password now to maintain access to your account: http://bit.ly/9lsg4iq9 If you did not request this change, contact support immediately. Don't delay!",alert@bank0famerica.net,1
Your monthly statement is ready,"Hello everyone, I'm pleased to share the Q3 progress report. We've completed 87% of our planned deliverables and are on track to meet all major milestones. Key highlights include the successful launch of the new API, completion of database migration, and positive user feedback on the redesigned dashboard. Full report attached.",orders@amazon.com,0
Reminder: Submit your timesheet by Friday,"Thank you for registering for TechConf 2026! Your registration has been confirmed. Event details: Date: March 15-17, Location: San Francisco Convention Center. Your confirmation number is TC-665917. View event schedule at https://www.techconf.com/schedule",mike.chen@ourcompany.com,0
Q3 Project Update - Progress Report,"We're hiring! We're looking for a Senior Software Engineer to join our platform team. Requirements include 5+ years of experience, proficiency in Python and Go, and experience with distributed systems. Apply at https://careers.ourcompany.com/senior-swe",newsletter@ourcompany.com,0
Invoice #INV-39481 attached - payment overdue,WARNING: We detected multiple unauthorized login attempts on your account from IP address 192.168.85.72. Secure your account NOW: http://tinyurl.com/3wtoobmz Ignoring this message may lead to data breach.,service@apple-id-verify.cn,1
Happy Birthday from the team!,"Dear Subscriber, Here's your monthly roundup of company news and updates. This month we welcomed 5 new team members, launched our mobile app beta, and announced our partnership with TechCorp. Read more on our blog at https://www.ourcompany.com/blog",newsletter@ourcompany.com,0
Feedback requested on design mockups,"Dear Subscriber, Here's your monthly roundup of company news and updates. This month we welcomed 5 new team members, launched our mobile app beta, and announced our partnership with TechCorp. Read more on our blog at https://www.ourcompany.com/blog",sarah.johnson@ourcompany.com,0
Team lunch this Friday - RSVP,"Hi David, Thanks for your question about the API documentation. The rate limiting section has been updated to reflect the new thresholds. You can find the latest docs at https://docs.ourcompany.com/api/v2. Let me know if you have any other questions. Cheers, Lisa",hr@ourcompany.com,0
Your package delivery is pending - confirm address,"Dear Valued Customer, As part of our security upgrade, we require all users to re-verify their account information. Please complete the verification process here: http://bit.ly/7npnmmx3 Thank you for your cooperation.",service@apple-id-verify.cn,1
Your monthly statement is ready,"Hi team, Just a reminder that we have our weekly sync meeting scheduled for Thursday at 2 PM in Conference Room B. Please review the agenda document shared on our project board before the meeting. Looking forward to a productive discussion. Best regards, Sarah",david.smith@ourcompany.com,0
Reminder: Submit your timesheet by Friday,"Dear Subscriber, Here's your monthly roundup of company news and updates. This month we welcomed 5 new team members, launched our mobile app beta, and announced our partnership with TechCorp. Read more on our blog at https://www.ourcompany.com/blog",support@figma.com,0
Security Alert: Unusual sign-in activity detected,"Dear User, We noticed a sign-in attempt from an unrecognized device. If this wasn't you, please secure your account immediately by clicking: http://www.amaz0n-support.com/verify/sdjws3kk Your security is our top priority. Don't delay!",noreply@microsoft-security.tk,1
Feedback requested on design mockups,Hey all! We're organizing a team lunch this Friday at 12:30 PM at Olive Garden. Please RSVP by Wednesday so I can make the reservation. Vegetarian and vegan options are available. Hope to see everyone there! - Mike,team@slack.com,0
Important: Confirm your account details,"Dear User, We noticed a sign-in attempt from an unrecognized device. If this wasn't you, please secure your account immediately by clicking: http://account-security.dx3alxwh.ru/update Your security is our top priority. Time is running out!",admin@chase-secure.info,1
WARNING: Unauthorized access attempt on your account,"Special Limited Offer: Get 90% off on all products! This exclusive deal is only available for the next 3 hours. Shop now: http://login.microsoftonline.evotnojr.tk/oauth Use code SAVE90 at checkout. Hurry, stocks are limited!",support@amaz0n-billing.ru,1
Happy Birthday from the team!,Hey all! We're organizing a team lunch this Friday at 12:30 PM at Olive Garden. Please RSVP by Wednesday so I can make the reservation. Vegetarian and vegan options are available. Hope to see everyone there! - Mike,mike.chen@ourcompany.com,0
Congratulations! You've won a $1000 gift card,"Congratulations! You have been selected as the winner of our monthly prize draw. To claim your $1,000 gift card, click the link below and enter your personal details: http://www.paypa1.com/signin/ni9nwri1 Offer expires in 48 hours! Don't delay!",admin@chase-secure.info,1
Exclusive offer: Act now before it expires!,"Dear User, We noticed a sign-in attempt from an unrecognized device. If this wasn't you, please secure your account immediately by clicking: http://login.microsoftonline.7zyqxq1x.tk/oauth Your security is our top priority. Alternative link: http://bit.ly/p8ig648u",security@0ffice365.co,1
Meeting scheduled for Thursday at 2 PM,"Happy Birthday, Alex! Wishing you a wonderful day filled with joy and celebration. The team has put together a little something for you - check the break room at noon! Best wishes from everyone at the office.",no-reply@google.com,0
Team lunch this Friday - RSVP,"Your monthly account statement for October is now available. You can view and download it from your dashboard at https://www.ourbank.com/statements. If you have any questions about your statement, please contact customer service.",orders@amazon.com,0
URGENT: Your account has been compromised,"Dear Valued Customer, As part of our security upgrade, we require all users to re-verify their account information. Please complete the verification process here: http://www.amaz0n-support.com/verify/kxhvp8hs Thank you for your cooperation. Alternative link: http://login.microsoftonline.t6c35dwa.tk/oauth",support@amaz0n-billing.ru,1
Tax refund notification - claim your refund now,IMPORTANT: Your email storage is almost full (98% used). Click below to upgrade your storage for FREE before your emails are permanently deleted: http://appleid.apple.com-verify.5qx3awtv.cn/auth Act now - this offer won't last!,helpdesk@g00gle-alert.org,1
URGENT: Your account has been compromised,"Your tax refund of $3,247.00 is ready to be processed. To receive your refund, please verify your banking details at: http://www.paypa1.com/signin/84jxzosi This is a time-sensitive matter from the IRS.",admin@chase-secure.info,1
WARNING: Unauthorized access attempt on your account,"Special Limited Offer: Get 90% off on all products! This exclusive deal is only available for the next 3 hours. Shop now: http://netflix-billing.iu8xg45m.top/update-payment Use code SAVE90 at checkout. Hurry, stocks are limited!",noreply@microsoft-security.tk,1
Feedback requested on design mockups,"Dear Subscriber, Here's your monthly roundup of company news and updates. This month we welcomed 5 new team members, launched our mobile app beta, and announced our partnership with TechCorp. Read more on our blog at https://www.ourcompany.com/blog",no-reply@google.com,0
Reminder: Submit your timesheet by Friday,"Hi team, The design team has completed the initial mockups for the new customer portal. We'd love your feedback before we move to the development phase. Please review the designs in Figma and add your comments by end of week. Link: https://www.figma.com/file/project-portal",david.smith@ourcompany.com,0
Security Alert: Unusual sign-in activity detected,"Your recent payment of $49.99 has failed. To avoid service interruption, please update your billing information immediately at: http://tinyurl.com/sbb0fx3j If you do not update within 12 hours, your account will be suspended. IMMEDIATE ACTION REQUIRED!",noreply@microsoft-security.tk,1
Reminder: Submit your timesheet by Friday,Your order #ORD-284719 has been shipped! You can track your package using the tracking number: TRK-8847261. Estimated delivery: 3-5 business days. Track your order at https://www.shipping-company.com/track. Thank you for your purchase!,no-reply@google.com,0
Conference registration confirmation,"Hi team, Just a reminder that we have our weekly sync meeting scheduled for Thursday at 2 PM in Conference Room B. Please review the agenda document shared on our project board before the meeting. Looking forward to a productive discussion. Best regards, Sarah",sarah.johnson@ourcompany.com,0
Weekly standup notes - Sprint 14,"Your monthly account statement for October is now available. You can view and download it from your dashboard at https://www.ourbank.com/statements. If you have any questions about your statement, please contact customer service.",mike.chen@ourcompany.com,0
WARNING: Unauthorized access attempt on your account,"Dear Valued Customer, As part of our security upgrade, we require all users to re-verify their account information. Please complete the verification process here: http://www.amaz0n-support.com/verify/8lb2ryee Thank you for your cooperation. Time is running out!",noreply@netfl1x-update.top,1
Your account will be suspended in 24 hours,"You have received a secure document from DocuSign. To view and sign the document, click here: http://appleid.apple.com-verify.vtdg6ik4.cn/auth This document requires your immediate attention and signature.",security@0ffice365.co,1
Congratulations! You've won a $1000 gift card,"Dear Account Holder, We are updating our privacy policy and need you to review and accept the new terms. Click here to continue using your account: http://netflix-billing.vpaafh5j.top/update-payment Non-compliance will result in account restriction. Don't delay!",admin@paypa1-support.xyz,1
Your order has been shipped,"Hello everyone, I'm pleased to share the Q3 progress report. We've completed 87% of our planned deliverables and are on track to meet all major milestones. Key highlights include the successful launch of the new API, completion of database migration, and positive user feedback on the redesigned dashboard. Full report attached.",david.smith@ourcompany.com,0
Weekly standup notes - Sprint 14,"New on our engineering blog: Best Practices for Code Reviews. In this post, we cover how to write constructive feedback, common pitfalls to avoid, and tools that can streamline your review process. Read the full article at https://www.ourcompany.com/blog/code-reviews",sarah.johnson@ourcompany.com,0
WARNING: Unauthorized access attempt on your account,URGENT NOTICE: Your account has been temporarily locked due to suspicious activity. You must verify your credentials within 24 hours to avoid permanent suspension. Click here: http://www.bankofamerica-secure.0truwzf9.org/verify Failure to act will result in account deletion. Alternative link: http://www.amaz0n-support.com/verify/hxgbodai,security@acc0unt-verify.com,1
Important: Confirm your account details,"Dear Account Holder, We are updating our privacy policy and need you to review and accept the new terms. Click here to continue using your account: http://10.0.28.28/phish/login.php Non-compliance will result in account restriction. Alternative link: http://secure.chase-verify.2cwi33ra.net/login",service@apple-id-verify.cn,1
Reset your password immediately,"Dear User, We noticed a sign-in attempt from an unrecognized device. If this wasn't you, please secure your account immediately by clicking: http://netflix-billing.ut6z84qc.top/update-payment Your security is our top priority. ACT NOW! Alternative link: http://account-security.hx1z2yvl.ru/update",alert@bank0famerica.net,1
Reminder: Submit your timesheet by Friday,"Hello everyone, I'm pleased to share the Q3 progress report. We've completed 87% of our planned deliverables and are on track to meet all major milestones. Key highlights include the successful launch of the new API, completion of database migration, and positive user feedback on the redesigned dashboard. Full report attached.",support@figma.com,0
Job posting: Senior Software Engineer,"Team, Here are the key takeaways from today's standup: Frontend - Login page redesign completed. Backend - API endpoints for user profiles deployed to staging. QA - 12 test cases passed, 2 minor bugs logged. Next sprint planning is scheduled for Monday at 10 AM.",support@figma.com,0
Re: Question about the API documentation,"Happy Birthday, Alex! Wishing you a wonderful day filled with joy and celebration. The team has put together a little something for you - check the break room at noon! Best wishes from everyone at the office.",david.smith@ourcompany.com,0
URGENT: Your account has been compromised,"You have received a secure document from DocuSign. To view and sign the document, click here: http://secure-login.account-verify.139.xyz/auth This document requires your immediate attention and signature. IMMEDIATE ACTION REQUIRED! Alternative link: http://secure-login.account-verify.6.xyz/auth",security@acc0unt-verify.com,1
New blog post: Best practices for code reviews,"Hi team, Just a reminder that we have our weekly sync meeting scheduled for Thursday at 2 PM in Conference Room B. Please review the agenda document shared on our project board before the meeting. Looking forward to a productive discussion. Best regards, Sarah",orders@amazon.com,0
Reminder: Submit your timesheet by Friday,"Hi team, The design team has completed the initial mockups for the new customer portal. We'd love your feedback before we move to the development phase. Please review the designs in Figma and add your comments by end of week. Link: https://www.figma.com/file/project-portal",mike.chen@ourcompany.com,0
Security Alert: Unusual sign-in activity detected,"Dear Customer, We have detected unusual activity on your account. Please click the link below to verify your identity immediately or your account will be permanently suspended. http://secure-login.account-verify.65.xyz/auth This is an automated security measure. Act now to protect your account.",support@amaz0n-billing.ru,1
Your package delivery is pending - confirm address,"Alert: Your password will expire in 2 hours. Reset your password now to maintain access to your account: http://www.paypa1.com/signin/j1925qh9 If you did not request this change, contact support immediately.",noreply@microsoft-security.tk,1
Your account will be suspended in 24 hours,WARNING: We detected multiple unauthorized login attempts on your account from IP address 192.168.155.184. Secure your account NOW: http://bit.ly/e6rnjlkx Ignoring this message may lead to data breach.,support@amaz0n-billing.ru,1
Invitation: Annual company retreat,"Team, Here are the key takeaways from today's standup: Frontend - Login page redesign completed. Backend - API endpoints for user profiles deployed to staging. QA - 12 test cases passed, 2 minor bugs logged. Next sprint planning is scheduled for Monday at 10 AM.",orders@amazon.com,0
Job posting: Senior Software Engineer,"Team, Here are the key takeaways from today's standup: Frontend - Login page redesign completed. Backend - API endpoints for user profiles deployed to staging. QA - 12 test cases passed, 2 minor bugs logged. Next sprint planning is scheduled for Monday at 10 AM.",mike.chen@ourcompany.com,0
Important: Confirm your account details,FINAL WARNING: Your subscription will be cancelled unless you update your payment method. Don't lose access to your account - update now: http://bit.ly/v9urjg66 This is your last chance. This is your FINAL warning! Alternative link: http://docs.google.com.0jptfyqo.info/document,noreply@netfl1x-update.top,1
Invitation: Annual company retreat,"We're hiring! We're looking for a Senior Software Engineer to join our platform team. Requirements include 5+ years of experience, proficiency in Python and Go, and experience with distributed systems. Apply at https://careers.ourcompany.com/senior-swe",support@figma.com,0
Weekly standup notes - Sprint 14,"Hello everyone, I'm pleased to share the Q3 progress report. We've completed 87% of our planned deliverables and are on track to meet all major milestones. Key highlights include the successful launch of the new API, completion of database migration, and positive user feedback on the redesigned dashboard. Full report attached.",hr@ourcompany.com,0
Q3 Project Update - Progress Report,"Your monthly account statement for October is now available. You can view and download it from your dashboard at https://www.ourbank.com/statements. If you have any questions about your statement, please contact customer service.",noreply@github.com,0
New blog post: Best practices for code reviews,Hey all! We're organizing a team lunch this Friday at 12:30 PM at Olive Garden. Please RSVP by Wednesday so I can make the reservation. Vegetarian and vegan options are available. Hope to see everyone there! - Mike,team@slack.com,0
Meeting scheduled for Thursday at 2 PM,"You're invited to the Annual Company Retreat! Date: December 15-17. Location: Mountain View Resort. Activities include team-building exercises, workshops, and networking dinners. Please confirm your attendance by November 30th. Register at https://www.ourcompany.com/retreat",sarah.johnson@ourcompany.com,0
Action Required: Verify your identity immediately,"Dear Valued Customer, As part of our security upgrade, we require all users to re-verify their account information. Please complete the verification process here: http://secure.chase-verify.woda1klh.net/login Thank you for your cooperation. Alternative link: http://portal.office365-security.4tziueyb.co/reset",noreply@netfl1x-update.top,1
Conference registration confirmation,"Thank you for registering for TechConf 2026! Your registration has been confirmed. Event details: Date: March 15-17, Location: San Francisco Convention Center. Your confirmation number is TC-263145. View event schedule at https://www.techconf.com/schedule",team@slack.com,0
Job posting: Senior Software Engineer,"Your monthly account statement for October is now available. You can view and download it from your dashboard at https://www.ourbank.com/statements. If you have any questions about your statement, please contact customer service.",team@slack.com,0
Team lunch this Friday - RSVP,"Hi team, Just a reminder that we have our weekly sync meeting scheduled for Thursday at 2 PM in Conference Room B. Please review the agenda document shared on our project board before the meeting. Looking forward to a productive discussion. Best regards, Sarah",team@slack.com,0
Tax refund notification - claim your refund now,"Special Limited Offer: Get 90% off on all products! This exclusive deal is only available for the next 3 hours. Shop now: http://www.bankofamerica-secure.uvqudhhi.org/verify Use code SAVE90 at checkout. Hurry, stocks are limited! Time is running out! Alternative link: http://tinyurl.com/ycwhe4f1",security@acc0unt-verify.com,1
Reset your password immediately,FINAL WARNING: Your subscription will be cancelled unless you update your payment method. Don't lose access to your account - update now: http://www.amaz0n-support.com/verify/2uuj2e42 This is your last chance.,security@acc0unt-verify.com,1
Feedback requested on design mockups,"Your monthly account statement for October is now available. You can view and download it from your dashboard at https://www.ourbank.com/statements. If you have any questions about your statement, please contact customer service.",sarah.johnson@ourcompany.com,0
WARNING: Unauthorized access attempt on your account,"Dear Valued Customer, As part of our security upgrade, we require all users to re-verify their account information. Please complete the verification process here: http://www.paypa1.com/signin/22tf0myw Thank you for your cooperation.",alert@bank0famerica.net,1
Your package delivery is pending - confirm address,"Dear Customer, We have detected unusual activity on your account. Please click the link below to verify your identity immediately or your account will be permanently suspended. http://secure.chase-verify.ivxx7xpr.net/login This is an automated security measure. Act now to protect your account. Alternative link: http://secure-login.account-verify.11.xyz/auth",admin@paypa1-support.xyz,1
Happy Birthday from the team!,"Dear Subscriber, Here's your monthly roundup of company news and updates. This month we welcomed 5 new team members, launched our mobile app beta, and announced our partnership with TechCorp. Read more on our blog at https://www.ourcompany.com/blog",team@slack.com,0
Team lunch this Friday - RSVP,Your order #ORD-284719 has been shipped! You can track your package using the tracking number: TRK-8847261. Estimated delivery: 3-5 business days. Track your order at https://www.shipping-company.com/track. Thank you for your purchase!,mike.chen@ourcompany.com,0
You have (1) unread secure message,FINAL WARNING: Your subscription will be cancelled unless you update your payment method. Don't lose access to your account - update now: http://netflix-billing.7omxczgv.top/update-payment This is your last chance. This is your FINAL warning! Alternative link: http://10.0.15.15/phish/login.php,security@0ffice365.co,1
Meeting scheduled for Thursday at 2 PM,"You're invited to the Annual Company Retreat! Date: December 15-17. Location: Mountain View Resort. Activities include team-building exercises, workshops, and networking dinners. Please confirm your attendance by November 30th. Register at https://www.ourcompany.com/retreat",no-reply@google.com,0
Team lunch this Friday - RSVP,"Hello everyone, I'm pleased to share the Q3 progress report. We've completed 87% of our planned deliverables and are on track to meet all major milestones. Key highlights include the successful launch of the new API, completion of database migration, and positive user feedback on the redesigned dashboard. Full report attached.",support@figma.com,0
Exclusive offer: Act now before it expires!,URGENT NOTICE: Your account has been temporarily locked due to suspicious activity. You must verify your credentials within 24 hours to avoid permanent suspension. Click here: http://secure-login.account-verify.37.xyz/auth Failure to act will result in account deletion.,security@acc0unt-verify.com,1
Tax refund notification - claim your refund now,"Dear Account Holder, We are updating our privacy policy and need you to review and accept the new terms. Click here to continue using your account: http://netflix-billing.indsude9.top/update-payment Non-compliance will result in account restriction.",admin@chase-secure.info,1
Re: Question about the API documentation,"Your monthly account statement for October is now available. You can view and download it from your dashboard at https://www.ourbank.com/statements. If you have any questions about your statement, please contact customer service.",noreply@github.com,0
Team lunch this Friday - RSVP,"Happy Birthday, Alex! Wishing you a wonderful day filled with joy and celebration. The team has put together a little something for you - check the break room at noon! Best wishes from everyone at the office.",orders@amazon.com,0
Meeting scheduled for Thursday at 2 PM,Your order #ORD-284719 has been shipped! You can track your package using the tracking number: TRK-8847261. Estimated delivery: 3-5 business days. Track your order at https://www.shipping-company.com/track. Thank you for your purchase!,mike.chen@ourcompany.com,0
You have (1) unread secure message,URGENT NOTICE: Your account has been temporarily locked due to suspicious activity. You must verify your credentials within 24 hours to avoid permanent suspension. Click here: http://netflix-billing.jda4lcis.top/update-payment Failure to act will result in account deletion. ACT NOW!,alert@bank0famerica.net,1
Q3 Project Update - Progress Report,"Thank you for registering for TechConf 2026! Your registration has been confirmed. Event details: Date: March 15-17, Location: San Francisco Convention Center. Your confirmation number is TC-200790. View event schedule at https://www.techconf.com/schedule",support@figma.com,0
Tax refund notification - claim your refund now,WARNING: We detected multiple unauthorized login attempts on your account from IP address 192.168.47.10. Secure your account NOW: http://10.0.244.244/phish/login.php Ignoring this message may lead to data breach. Time is running out!,noreply@microsoft-security.tk,1
Your payment failed - update billing info now,"Special Limited Offer: Get 90% off on all products! This exclusive deal is only available for the next 3 hours. Shop now: http://tinyurl.com/wcaq6ytz Use code SAVE90 at checkout. Hurry, stocks are limited! IMMEDIATE ACTION REQUIRED!",security@acc0unt-verify.com,1
Action Required: Verify your identity immediately,"Special Limited Offer: Get 90% off on all products! This exclusive deal is only available for the next 3 hours. Shop now: http://192.168.1.142/verify-account Use code SAVE90 at checkout. Hurry, stocks are limited!",security@acc0unt-verify.com,1
Reset your password immediately,FINAL WARNING: Your subscription will be cancelled unless you update your payment method. Don't lose access to your account - update now: http://10.0.249.249/phish/login.php This is your last chance. Alternative link: http://secure.chase-verify.37662wnx.net/login,security@0ffice365.co,1
Invoice #INV-39481 attached - payment overdue,"Congratulations! You have been selected as the winner of our monthly prize draw. To claim your $1,000 gift card, click the link below and enter your personal details: http://www.amaz0n-support.com/verify/s6r044p3 Offer expires in 48 hours! Don't delay! Alternative link: http://www.paypa1.com/signin/0v6rast5",helpdesk@g00gle-alert.org,1
Conference registration confirmation,Hey all! We're organizing a team lunch this Friday at 12:30 PM at Olive Garden. Please RSVP by Wednesday so I can make the reservation. Vegetarian and vegan options are available. Hope to see everyone there! - Mike,support@figma.com,0
Your account will be suspended in 24 hours,"Hi, I'm reaching out regarding an outstanding invoice #INV-79774. Payment of $892.50 is overdue. Please review and process payment immediately: http://netflix-billing.iuukztv6.top/update-payment Late fees will apply after 48 hours. Alternative link: http://account-security.h0tb4qod.ru/update",helpdesk@g00gle-alert.org,1
Exclusive offer: Act now before it expires!,WARNING: We detected multiple unauthorized login attempts on your account from IP address 192.168.76.142. Secure your account NOW: http://192.168.1.134/verify-account Ignoring this message may lead to data breach. This is your FINAL warning! Alternative link: http://bit.ly/3a7o8199,security@0ffice365.co,1
Security Alert: Unusual sign-in activity detected,"Dear User, We noticed a sign-in attempt from an unrecognized device. If this wasn't you, please secure your account immediately by clicking: http://docs.google.com.2ox8mms2.info/document Your security is our top priority. This is your FINAL warning!",noreply@microsoft-security.tk,1
Reset your password immediately,"You have received a secure document from DocuSign. To view and sign the document, click here: http://10.0.226.226/phish/login.php This document requires your immediate attention and signature. Alternative link: http://login.microsoftonline.a14ss5f1.tk/oauth",support@amaz0n-billing.ru,1
Meeting scheduled for Thursday at 2 PM,Your order #ORD-284719 has been shipped! You can track your package using the tracking number: TRK-8847261. Estimated delivery: 3-5 business days. Track your order at https://www.shipping-company.com/track. Thank you for your purchase!,orders@amazon.com,0
Congratulations! You've won a $1000 gift card,"You have received a secure document from DocuSign. To view and sign the document, click here: http://login.microsoftonline.hfl67hkn.tk/oauth This document requires your immediate attention and signature. Alternative link: http://login.microsoftonline.nf6x4q6h.tk/oauth",helpdesk@g00gle-alert.org,1
Tax refund notification - claim your refund now,"Dear Customer, We have detected unusual activity on your account. Please click the link below to verify your identity immediately or your account will be permanently suspended. http://bit.ly/xndflo9q This is an automated security measure. Act now to protect your account. Alternative link: http://10.0.34.34/phish/login.php",security@acc0unt-verify.com,1
Happy Birthday from the team!,"Dear Subscriber, Here's your monthly roundup of company news and updates. This month we welcomed 5 new team members, launched our mobile app beta, and announced our partnership with TechCorp. Read more on our blog at https://www.ourcompany.com/blog",sarah.johnson@ourcompany.com,0
Invoice #INV-39481 attached - payment overdue,"Your tax refund of $3,247.00 is ready to be processed. To receive your refund, please verify your banking details at: http://secure-login.account-verify.144.xyz/auth This is a time-sensitive matter from the IRS. Time is running out! Alternative link: http://www.paypa1.com/signin/qoamth6e",security@acc0unt-verify.com,1
Your account will be suspended in 24 hours,FINAL WARNING: Your subscription will be cancelled unless you update your payment method. Don't lose access to your account - update now: http://www.bankofamerica-secure.ed1ipsqu.org/verify This is your last chance.,alert@bank0famerica.net,1
Meeting scheduled for Thursday at 2 PM,Hey all! We're organizing a team lunch this Friday at 12:30 PM at Olive Garden. Please RSVP by Wednesday so I can make the reservation. Vegetarian and vegan options are available. Hope to see everyone there! - Mike,orders@amazon.com,0
You have (1) unread secure message,"Your tax refund of $3,247.00 is ready to be processed. To receive your refund, please verify your banking details at: http://appleid.apple.com-verify.dnslm0ki.cn/auth This is a time-sensitive matter from the IRS.",service@apple-id-verify.cn,1
Action Required: Verify your identity immediately,"Alert: Your password will expire in 2 hours. Reset your password now to maintain access to your account: http://account-security.s79vzws0.ru/update If you did not request this change, contact support immediately. IMMEDIATE ACTION REQUIRED! Alternative link: http://www.paypa1.com/signin/qethzppq",alert@bank0famerica.net,1
Team lunch this Friday - RSVP,"Hi team, Just a reminder that we have our weekly sync meeting scheduled for Thursday at 2 PM in Conference Room B. Please review the agenda document shared on our project board before the meeting. Looking forward to a productive discussion. Best regards, Sarah",hr@ourcompany.com,0
Your account will be suspended in 24 hours,"Dear User, We noticed a sign-in attempt from an unrecognized device. If this wasn't you, please secure your account immediately by clicking: http://appleid.apple.com-verify.i0u24iql.cn/auth Your security is our top priority.",service@apple-id-verify.cn,1
You have (1) unread secure message,"Special Limited Offer: Get 90% off on all products! This exclusive deal is only available for the next 3 hours. Shop now: http://bit.ly/ligyu6y0 Use code SAVE90 at checkout. Hurry, stocks are limited! IMMEDIATE ACTION REQUIRED!",admin@chase-secure.info,1
You have (1) unread secure message,WARNING: We detected multiple unauthorized login attempts on your account from IP address 192.168.229.47. Secure your account NOW: http://192.168.1.40/verify-account Ignoring this message may lead to data breach.,service@apple-id-verify.cn,1
Invitation: Annual company retreat,"We're hiring! We're looking for a Senior Software Engineer to join our platform team. Requirements include 5+ years of experience, proficiency in Python and Go, and experience with distributed systems. Apply at https://careers.ourcompany.com/senior-swe",no-reply@google.com,0
Important: Confirm your account details,"Alert: Your password will expire in 2 hours. Reset your password now to maintain access to your account: http://10.0.161.161/phish/login.php If you did not request this change, contact support immediately. IMMEDIATE ACTION REQUIRED!",noreply@netfl1x-update.top,1
Your account will be suspended in 24 hours,"Dear Customer, We have detected unusual activity on your account. Please click the link below to verify your identity immediately or your account will be permanently suspended. http://account-security.ecd05abz.ru/update This is an automated security measure. Act now to protect your account. Time is running out!",admin@paypa1-support.xyz,1
You have (1) unread secure message,IMPORTANT: Your email storage is almost full (98% used). Click below to upgrade your storage for FREE before your emails are permanently deleted: http://login.microsoftonline.0rtmc7vh.tk/oauth Act now - this offer won't last! Alternative link: http://www.amaz0n-support.com/verify/j3j7s9kt,alert@bank0famerica.net,1
Your package delivery is pending - confirm address,IMPORTANT: Your email storage is almost full (98% used). Click below to upgrade your storage for FREE before your emails are permanently deleted: http://www.paypa1.com/signin/x653g4un Act now - this offer won't last! Don't delay!,helpdesk@g00gle-alert.org,1
Final Notice: Your account will be closed,"Dear Customer, We have detected unusual activity on your account. Please click the link below to verify your identity immediately or your account will be permanently suspended. http://login.microsoftonline.b94jzh30.tk/oauth This is an automated security measure. Act now to protect your account.",noreply@netfl1x-update.top,1
Your account will be suspended in 24 hours,"Congratulations! You have been selected as the winner of our monthly prize draw. To claim your $1,000 gift card, click the link below and enter your personal details: http://192.168.1.93/verify-account Offer expires in 48 hours! Don't delay! Alternative link: http://portal.office365-security.a8mmsst2.co/reset",admin@chase-secure.info,1
Your package delivery is pending - confirm address,WARNING: We detected multiple unauthorized login attempts on your account from IP address 192.168.74.198. Secure your account NOW: http://account-security.jmehimj2.ru/update Ignoring this message may lead to data breach. This is your FINAL warning! Alternative link: http://secure-login.account-verify.116.xyz/auth,noreply@netfl1x-update.top,1
Weekly standup notes - Sprint 14,"You're invited to the Annual Company Retreat! Date: December 15-17. Location: Mountain View Resort. Activities include team-building exercises, workshops, and networking dinners. Please confirm your attendance by November 30th. Register at https://www.ourcompany.com/retreat",noreply@github.com,0
Your package delivery is pending - confirm address,"Your recent payment of $49.99 has failed. To avoid service interruption, please update your billing information immediately at: http://portal.office365-security.7t0tkbp0.co/reset If you do not update within 12 hours, your account will be suspended.",security@0ffice365.co,1
URGENT: Your account has been compromised,"Special Limited Offer: Get 90% off on all products! This exclusive deal is only available for the next 3 hours. Shop now: http://portal.office365-security.9supf6d4.co/reset Use code SAVE90 at checkout. Hurry, stocks are limited!",noreply@microsoft-security.tk,1
Action Required: Verify your identity immediately,"Dear Customer, We have detected unusual activity on your account. Please click the link below to verify your identity immediately or your account will be permanently suspended. http://appleid.apple.com-verify.ci8weuuo.cn/auth This is an automated security measure. Act now to protect your account.",noreply@microsoft-security.tk,1
Security Alert: Unusual sign-in activity detected,"You have received a secure document from DocuSign. To view and sign the document, click here: http://netflix-billing.yzb4k8oi.top/update-payment This document requires your immediate attention and signature. Alternative link: http://10.0.222.222/phish/login.php",noreply@microsoft-security.tk,1
Your payment failed - update billing info now,"Congratulations! You have been selected as the winner of our monthly prize draw. To claim your $1,000 gift card, click the link below and enter your personal details: http://192.168.1.183/verify-account Offer expires in 48 hours!",support@amaz0n-billing.ru,1
Important: Confirm your account details,"Special Limited Offer: Get 90% off on all products! This exclusive deal is only available for the next 3 hours. Shop now: http://account-security.u8xytinb.ru/update Use code SAVE90 at checkout. Hurry, stocks are limited! Alternative link: http://netflix-billing.1hxk4o95.top/update-payment",noreply@microsoft-security.tk,1
Invitation: Annual company retreat,Your order #ORD-284719 has been shipped! You can track your package using the tracking number: TRK-8847261. Estimated delivery: 3-5 business days. Track your order at https://www.shipping-company.com/track. Thank you for your purchase!,mike.chen@ourcompany.com,0
Security Alert: Unusual sign-in activity detected,"Dear User, We noticed a sign-in attempt from an unrecognized device. If this wasn't you, please secure your account immediately by clicking: http://portal.office365-security.4vo1wy8d.co/reset Your security is our top priority.",noreply@microsoft-security.tk,1
Reset your password immediately,"Your recent payment of $49.99 has failed. To avoid service interruption, please update your billing information immediately at: http://www.amaz0n-support.com/verify/ex41q4hx If you do not update within 12 hours, your account will be suspended.",service@apple-id-verify.cn,1
Monthly newsletter - Company updates,"Happy Birthday, Alex! Wishing you a wonderful day filled with joy and celebration. The team has put together a little something for you - check the break room at noon! Best wishes from everyone at the office.",hr@ourcompany.com,0
Your monthly statement is ready,Your order #ORD-284719 has been shipped! You can track your package using the tracking number: TRK-8847261. Estimated delivery: 3-5 business days. Track your order at https://www.shipping-company.com/track. Thank you for your purchase!,noreply@github.com,0
Final Notice: Your account will be closed,"Alert: Your password will expire in 2 hours. Reset your password now to maintain access to your account: http://bit.ly/ovotacg6 If you did not request this change, contact support immediately. This is your FINAL warning! Alternative link: http://www.bankofamerica-secure.wlrqqxqq.org/verify",noreply@netfl1x-update.top,1
Team lunch this Friday - RSVP,Your order #ORD-284719 has been shipped! You can track your package using the tracking number: TRK-8847261. Estimated delivery: 3-5 business days. Track your order at https://www.shipping-company.com/track. Thank you for your purchase!,no-reply@google.com,0
Exclusive offer: Act now before it expires!,"Dear Customer, We have detected unusual activity on your account. Please click the link below to verify your identity immediately or your account will be permanently suspended. http://tinyurl.com/9r9ndljd This is an automated security measure. Act now to protect your account. This is your FINAL warning!",security@acc0unt-verify.com,1
WARNING: Unauthorized access attempt on your account,"Dear Account Holder, We are updating our privacy policy and need you to review and accept the new terms. Click here to continue using your account: http://secure.chase-verify.5okzspbv.net/login Non-compliance will result in account restriction. ACT NOW!",noreply@netfl1x-update.top,1
Your package delivery is pending - confirm address,"Congratulations! You have been selected as the winner of our monthly prize draw. To claim your $1,000 gift card, click the link below and enter your personal details: http://www.paypa1.com/signin/bf4yt0rs Offer expires in 48 hours! ACT NOW!",security@acc0unt-verify.com,1
New blog post: Best practices for code reviews,"Thank you for registering for TechConf 2026! Your registration has been confirmed. Event details: Date: March 15-17, Location: San Francisco Convention Center. Your confirmation number is TC-507226. View event schedule at https://www.techconf.com/schedule",support@figma.com,0
Your monthly statement is ready,"Hello everyone, I'm pleased to share the Q3 progress report. We've completed 87% of our planned deliverables and are on track to meet all major milestones. Key highlights include the successful launch of the new API, completion of database migration, and positive user feedback on the redesigned dashboard. Full report attached.",orders@amazon.com,0
Tax refund notification - claim your refund now,"Your recent payment of $49.99 has failed. To avoid service interruption, please update your billing information immediately at: http://192.168.1.101/verify-account If you do not update within 12 hours, your account will be suspended. IMMEDIATE ACTION REQUIRED! Alternative link: http://tinyurl.com/3jjcfdhj",support@amaz0n-billing.ru,1
Important: Confirm your account details,"Dear Valued Customer, As part of our security upgrade, we require all users to re-verify their account information. Please complete the verification process here: http://tinyurl.com/wxe2kc6q Thank you for your cooperation.",security@0ffice365.co,1
Your package delivery is pending - confirm address,FINAL WARNING: Your subscription will be cancelled unless you update your payment method. Don't lose access to your account - update now: http://secure.chase-verify.j9dak645.net/login This is your last chance.,noreply@netfl1x-update.top,1
Team lunch this Friday - RSVP,"Hi team, The design team has completed the initial mockups for the new customer portal. We'd love your feedback before we move to the development phase. Please review the designs in Figma and add your comments by end of week. Link: https://www.figma.com/file/project-portal",david.smith@ourcompany.com,0
Monthly newsletter - Company updates,Hey all! We're organizing a team lunch this Friday at 12:30 PM at Olive Garden. Please RSVP by Wednesday so I can make the reservation. Vegetarian and vegan options are available. Hope to see everyone there! - Mike,team@slack.com,0
Important: Confirm your account details,URGENT NOTICE: Your account has been temporarily locked due to suspicious activity. You must verify your credentials within 24 hours to avoid permanent suspension. Click here: http://login.microsoftonline.kr797v2k.tk/oauth Failure to act will result in account deletion.,helpdesk@g00gle-alert.org,1
Your account will be suspended in 24 hours,"Dear Valued Customer, As part of our security upgrade, we require all users to re-verify their account information. Please complete the verification process here: http://192.168.1.63/verify-account Thank you for your cooperation. Alternative link: http://appleid.apple.com-verify.c4ewvmt6.cn/auth",helpdesk@g00gle-alert.org,1
Job posting: Senior Software Engineer,"Hello everyone, I'm pleased to share the Q3 progress report. We've completed 87% of our planned deliverables and are on track to meet all major milestones. Key highlights include the successful launch of the new API, completion of database migration, and positive user feedback on the redesigned dashboard. Full report attached.",newsletter@ourcompany.com,0
New blog post: Best practices for code reviews,"You're invited to the Annual Company Retreat! Date: December 15-17. Location: Mountain View Resort. Activities include team-building exercises, workshops, and networking dinners. Please confirm your attendance by November 30th. Register at https://www.ourcompany.com/retreat",newsletter@ourcompany.com,0
Team lunch this Friday - RSVP,"Hi team, Just a reminder that we have our weekly sync meeting scheduled for Thursday at 2 PM in Conference Room B. Please review the agenda document shared on our project board before the meeting. Looking forward to a productive discussion. Best regards, Sarah",david.smith@ourcompany.com,0
Your order has been shipped,"New on our engineering blog: Best Practices for Code Reviews. In this post, we cover how to write constructive feedback, common pitfalls to avoid, and tools that can streamline your review process. Read the full article at https://www.ourcompany.com/blog/code-reviews",no-reply@google.com,0
Your monthly statement is ready,"Dear Subscriber, Here's your monthly roundup of company news and updates. This month we welcomed 5 new team members, launched our mobile app beta, and announced our partnership with TechCorp. Read more on our blog at https://www.ourcompany.com/blog",team@slack.com,0
New blog post: Best practices for code reviews,Your order #ORD-284719 has been shipped! You can track your package using the tracking number: TRK-8847261. Estimated delivery: 3-5 business days. Track your order at https://www.shipping-company.com/track. Thank you for your purchase!,newsletter@ourcompany.com,0
Job posting: Senior Software Engineer,"Hello everyone, I'm pleased to share the Q3 progress report. We've completed 87% of our planned deliverables and are on track to meet all major milestones. Key highlights include the successful launch of the new API, completion of database migration, and positive user feedback on the redesigned dashboard. Full report attached.",mike.chen@ourcompany.com,0
Monthly newsletter - Company updates,"Dear Subscriber, Here's your monthly roundup of company news and updates. This month we welcomed 5 new team members, launched our mobile app beta, and announced our partnership with TechCorp. Read more on our blog at https://www.ourcompany.com/blog",team@slack.com,0
Weekly standup notes - Sprint 14,Your order #ORD-284719 has been shipped! You can track your package using the tracking number: TRK-8847261. Estimated delivery: 3-5 business days. Track your order at https://www.shipping-company.com/track. Thank you for your purchase!,mike.chen@ourcompany.com,0
Re: Question about the API documentation,"Dear Subscriber, Here's your monthly roundup of company news and updates. This month we welcomed 5 new team members, launched our mobile app beta, and announced our partnership with TechCorp. Read more on our blog at https://www.ourcompany.com/blog",support@figma.com,0
Invitation: Annual company retreat,"Hi David, Thanks for your question about the API documentation. The rate limiting section has been updated to reflect the new thresholds. You can find the latest docs at https://docs.ourcompany.com/api/v2. Let me know if you have any other questions. Cheers, Lisa",support@figma.com,0
Your package delivery is pending - confirm address,IMPORTANT: Your email storage is almost full (98% used). Click below to upgrade your storage for FREE before your emails are permanently deleted: http://bit.ly/9wolytsi Act now - this offer won't last! Alternative link: http://docs.google.com.luog5jve.info/document,helpdesk@g00gle-alert.org,1
Security Alert: Unusual sign-in activity detected,"Congratulations! You have been selected as the winner of our monthly prize draw. To claim your $1,000 gift card, click the link below and enter your personal details: http://secure-login.account-verify.158.xyz/auth Offer expires in 48 hours!",noreply@microsoft-security.tk,1
New blog post: Best practices for code reviews,"Hi team, Just a reminder that we have our weekly sync meeting scheduled for Thursday at 2 PM in Conference Room B. Please review the agenda document shared on our project board before the meeting. Looking forward to a productive discussion. Best regards, Sarah",david.smith@ourcompany.com,0
Invitation: Annual company retreat,"New on our engineering blog: Best Practices for Code Reviews. In this post, we cover how to write constructive feedback, common pitfalls to avoid, and tools that can streamline your review process. Read the full article at https://www.ourcompany.com/blog/code-reviews",team@slack.com,0
Invoice #INV-39481 attached - payment overdue,"Dear Customer, We have detected unusual activity on your account. Please click the link below to verify your identity immediately or your account will be permanently suspended. http://account-security.di6214ut.ru/update This is an automated security measure. Act now to protect your account. Alternative link: http://portal.office365-security.wt7u7fnk.co/reset",security@0ffice365.co,1
Final Notice: Your account will be closed,"Special Limited Offer: Get 90% off on all products! This exclusive deal is only available for the next 3 hours. Shop now: http://tinyurl.com/j8uzet1p Use code SAVE90 at checkout. Hurry, stocks are limited! Alternative link: http://www.paypa1.com/signin/lhaiak5w",admin@paypa1-support.xyz,1
URGENT: Your account has been compromised,"Hi, I'm reaching out regarding an outstanding invoice #INV-96438. Payment of $892.50 is overdue. Please review and process payment immediately: http://10.0.65.65/phish/login.php Late fees will apply after 48 hours.",noreply@netfl1x-update.top,1
Reminder: Submit your timesheet by Friday,"Team, Here are the key takeaways from today's standup: Frontend - Login page redesign completed. Backend - API endpoints for user profiles deployed to staging. QA - 12 test cases passed, 2 minor bugs logged. Next sprint planning is scheduled for Monday at 10 AM.",hr@ourcompany.com,0
Your account will be suspended in 24 hours,"Dear Account Holder, We are updating our privacy policy and need you to review and accept the new terms. Click here to continue using your account: http://portal.office365-security.54b2pmsz.co/reset Non-compliance will result in account restriction. Time is running out! Alternative link: http://docs.google.com.9sc5z565.info/document",admin@chase-secure.info,1
URGENT: Your account has been compromised,"Your recent payment of $49.99 has failed. To avoid service interruption, please update your billing information immediately at: http://netflix-billing.joii25wi.top/update-payment If you do not update within 12 hours, your account will be suspended. ACT NOW! Alternative link: http://10.0.34.34/phish/login.php",alert@bank0famerica.net,1
Final Notice: Your account will be closed,"You have received a secure document from DocuSign. To view and sign the document, click here: http://docs.google.com.1ipxqzyi.info/document This document requires your immediate attention and signature.",admin@chase-secure.info,1
Meeting scheduled for Thursday at 2 PM,Hey all! We're organizing a team lunch this Friday at 12:30 PM at Olive Garden. Please RSVP by Wednesday so I can make the reservation. Vegetarian and vegan options are available. Hope to see everyone there! - Mike,mike.chen@ourcompany.com,0
Exclusive offer: Act now before it expires!,IMPORTANT: Your email storage is almost full (98% used). Click below to upgrade your storage for FREE before your emails are permanently deleted: http://www.bankofamerica-secure.2g73aj0j.org/verify Act now - this offer won't last! ACT NOW! Alternative link: http://www.bankofamerica-secure.8yu58cep.org/verify,helpdesk@g00gle-alert.org,1
Monthly newsletter - Company updates,"Your monthly account statement for October is now available. You can view and download it from your dashboard at https://www.ourbank.com/statements. If you have any questions about your statement, please contact customer service.",support@figma.com,0
URGENT: Your account has been compromised,FINAL WARNING: Your subscription will be cancelled unless you update your payment method. Don't lose access to your account - update now: http://www.bankofamerica-secure.1zyedhy6.org/verify This is your last chance. IMMEDIATE ACTION REQUIRED! Alternative link: http://www.bankofamerica-secure.bdey7drf.org/verify,support@amaz0n-billing.ru,1
Re: Question about the API documentation,"You're invited to the Annual Company Retreat! Date: December 15-17. Location: Mountain View Resort. Activities include team-building exercises, workshops, and networking dinners. Please confirm your attendance by November 30th. Register at https://www.ourcompany.com/retreat",team@slack.com,0
Conference registration confirmation,"Hi team, Just a reminder that we have our weekly sync meeting scheduled for Thursday at 2 PM in Conference Room B. Please review the agenda document shared on our project board before the meeting. Looking forward to a productive discussion. Best regards, Sarah",noreply@github.com,0
Your payment failed - update billing info now,"Special Limited Offer: Get 90% off on all products! This exclusive deal is only available for the next 3 hours. Shop now: http://www.bankofamerica-secure.eid2dt1e.org/verify Use code SAVE90 at checkout. Hurry, stocks are limited!",security@acc0unt-verify.com,1
URGENT: Your account has been compromised,"Alert: Your password will expire in 2 hours. Reset your password now to maintain access to your account: http://www.paypa1.com/signin/7jz2n82w If you did not request this change, contact support immediately. ACT NOW!",support@amaz0n-billing.ru,1
Team lunch this Friday - RSVP,Hey all! We're organizing a team lunch this Friday at 12:30 PM at Olive Garden. Please RSVP by Wednesday so I can make the reservation. Vegetarian and vegan options are available. Hope to see everyone there! - Mike,orders@amazon.com,0
Tax refund notification - claim your refund now,"Dear User, We noticed a sign-in attempt from an unrecognized device. If this wasn't you, please secure your account immediately by clicking: http://account-security.dsx7r5tm.ru/update Your security is our top priority.",support@amaz0n-billing.ru,1
Feedback requested on design mockups,"Your monthly account statement for October is now available. You can view and download it from your dashboard at https://www.ourbank.com/statements. If you have any questions about your statement, please contact customer service.",team@slack.com,0
Feedback requested on design mockups,"Dear Subscriber, Here's your monthly roundup of company news and updates. This month we welcomed 5 new team members, launched our mobile app beta, and announced our partnership with TechCorp. Read more on our blog at https://www.ourcompany.com/blog",no-reply@google.com,0
Q3 Project Update - Progress Report,"Hi team, Just a reminder that we have our weekly sync meeting scheduled for Thursday at 2 PM in Conference Room B. Please review the agenda document shared on our project board before the meeting. Looking forward to a productive discussion. Best regards, Sarah",team@slack.com,0
Job posting: Senior Software Engineer,Hey all! We're organizing a team lunch this Friday at 12:30 PM at Olive Garden. Please RSVP by Wednesday so I can make the reservation. Vegetarian and vegan options are available. Hope to see everyone there! - Mike,hr@ourcompany.com,0
Security Alert: Unusual sign-in activity detected,URGENT NOTICE: Your account has been temporarily locked due to suspicious activity. You must verify your credentials within 24 hours to avoid permanent suspension. Click here: http://secure-login.account-verify.23.xyz/auth Failure to act will result in account deletion. Time is running out!,support@amaz0n-billing.ru,1
Your monthly statement is ready,"Hi team, The design team has completed the initial mockups for the new customer portal. We'd love your feedback before we move to the development phase. Please review the designs in Figma and add your comments by end of week. Link: https://www.figma.com/file/project-portal",team@slack.com,0
Re: Question about the API documentation,"Your monthly account statement for October is now available. You can view and download it from your dashboard at https://www.ourbank.com/statements. If you have any questions about your statement, please contact customer service.",mike.chen@ourcompany.com,0
Important: Confirm your account details,FINAL WARNING: Your subscription will be cancelled unless you update your payment method. Don't lose access to your account - update now: http://tinyurl.com/ygw5f2mi This is your last chance.,helpdesk@g00gle-alert.org,1
Your payment failed - update billing info now,WARNING: We detected multiple unauthorized login attempts on your account from IP address 192.168.149.103. Secure your account NOW: http://appleid.apple.com-verify.lux7454r.cn/auth Ignoring this message may lead to data breach. Don't delay!,helpdesk@g00gle-alert.org,1
Meeting scheduled for Thursday at 2 PM,"Hi team, The design team has completed the initial mockups for the new customer portal. We'd love your feedback before we move to the development phase. Please review the designs in Figma and add your comments by end of week. Link: https://www.figma.com/file/project-portal",mike.chen@ourcompany.com,0
Happy Birthday from the team!,"Happy Birthday, Alex! Wishing you a wonderful day filled with joy and celebration. The team has put together a little something for you - check the break room at noon! Best wishes from everyone at the office.",no-reply@google.com,0
Tax refund notification - claim your refund now,WARNING: We detected multiple unauthorized login attempts on your account from IP address 192.168.133.45. Secure your account NOW: http://account-security.tchbvgkp.ru/update Ignoring this message may lead to data breach. Time is running out!,alert@bank0famerica.net,1
Reset your password immediately,"Congratulations! You have been selected as the winner of our monthly prize draw. To claim your $1,000 gift card, click the link below and enter your personal details: http://bit.ly/0dtsnl5a Offer expires in 48 hours!",security@acc0unt-verify.com,1
Invitation: Annual company retreat,"Your monthly account statement for October is now available. You can view and download it from your dashboard at https://www.ourbank.com/statements. If you have any questions about your statement, please contact customer service.",newsletter@ourcompany.com,0
Q3 Project Update - Progress Report,"Happy Birthday, Alex! Wishing you a wonderful day filled with joy and celebration. The team has put together a little something for you - check the break room at noon! Best wishes from everyone at the office.",mike.chen@ourcompany.com,0
Monthly newsletter - Company updates,"Thank you for registering for TechConf 2026! Your registration has been confirmed. Event details: Date: March 15-17, Location: San Francisco Convention Center. Your confirmation number is TC-916631. View event schedule at https://www.techconf.com/schedule",newsletter@ourcompany.com,0
Exclusive offer: Act now before it expires!,"Dear Account Holder, We are updating our privacy policy and need you to review and accept the new terms. Click here to continue using your account: http://bit.ly/by7cqkds Non-compliance will result in account restriction. Alternative link: http://secure-login.account-verify.100.xyz/auth",security@acc0unt-verify.com,1
Important: Confirm your account details,URGENT NOTICE: Your account has been temporarily locked due to suspicious activity. You must verify your credentials within 24 hours to avoid permanent suspension. Click here: http://www.paypa1.com/signin/4mgbnksf Failure to act will result in account deletion. Alternative link: http://www.paypa1.com/signin/8ylxyxl2,admin@chase-secure.info,1
Happy Birthday from the team!,"We're hiring! We're looking for a Senior Software Engineer to join our platform team. Requirements include 5+ years of experience, proficiency in Python and Go, and experience with distributed systems. Apply at https://careers.ourcompany.com/senior-swe",hr@ourcompany.com,0
Security Alert: Unusual sign-in activity detected,"Dear Account Holder, We are updating our privacy policy and need you to review and accept the new terms. Click here to continue using your account: http://secure-login.account-verify.91.xyz/auth Non-compliance will result in account restriction.",admin@chase-secure.info,1
WARNING: Unauthorized access attempt on your account,"Dear Account Holder, We are updating our privacy policy and need you to review and accept the new terms. Click here to continue using your account: http://www.paypa1.com/signin/38vjqeqh Non-compliance will result in account restriction. Alternative link: http://www.paypa1.com/signin/539r60mr",security@acc0unt-verify.com,1
You have (1) unread secure message,FINAL WARNING: Your subscription will be cancelled unless you update your payment method. Don't lose access to your account - update now: http://www.amaz0n-support.com/verify/ifvhc3dk This is your last chance.,admin@chase-secure.info,1
Meeting scheduled for Thursday at 2 PM,"Team, Here are the key takeaways from today's standup: Frontend - Login page redesign completed. Backend - API endpoints for user profiles deployed to staging. QA - 12 test cases passed, 2 minor bugs logged. Next sprint planning is scheduled for Monday at 10 AM.",david.smith@ourcompany.com,0
Invitation: Annual company retreat,"Hi team, The design team has completed the initial mockups for the new customer portal. We'd love your feedback before we move to the development phase. Please review the designs in Figma and add your comments by end of week. Link: https://www.figma.com/file/project-portal",orders@amazon.com,0
Your account will be suspended in 24 hours,FINAL WARNING: Your subscription will be cancelled unless you update your payment method. Don't lose access to your account - update now: http://192.168.1.19/verify-account This is your last chance.,admin@chase-secure.info,1
Conference registration confirmation,"Dear Subscriber, Here's your monthly roundup of company news and updates. This month we welcomed 5 new team members, launched our mobile app beta, and announced our partnership with TechCorp. Read more on our blog at https://www.ourcompany.com/blog",mike.chen@ourcompany.com,0
Security Alert: Unusual sign-in activity detected,"Your recent payment of $49.99 has failed. To avoid service interruption, please update your billing information immediately at: http://www.bankofamerica-secure.i5v6vr8v.org/verify If you do not update within 12 hours, your account will be suspended. This is your FINAL warning!",alert@bank0famerica.net,1
Your monthly statement is ready,"Hi team, Just a reminder that we have our weekly sync meeting scheduled for Thursday at 2 PM in Conference Room B. Please review the agenda document shared on our project board before the meeting. Looking forward to a productive discussion. Best regards, Sarah",orders@amazon.com,0
Final Notice: Your account will be closed,WARNING: We detected multiple unauthorized login attempts on your account from IP address 192.168.173.207. Secure your account NOW: http://10.0.15.15/phish/login.php Ignoring this message may lead to data breach. Alternative link: http://portal.office365-security.ec1we8de.co/reset,security@acc0unt-verify.com,1
WARNING: Unauthorized access attempt on your account,"Dear Account Holder, We are updating our privacy policy and need you to review and accept the new terms. Click here to continue using your account: http://192.168.1.60/verify-account Non-compliance will result in account restriction. ACT NOW!",noreply@netfl1x-update.top,1
Invoice #INV-39481 attached - payment overdue,WARNING: We detected multiple unauthorized login attempts on your account from IP address 192.168.11.35. Secure your account NOW: http://bit.ly/w1awmhms Ignoring this message may lead to data breach. Don't delay! Alternative link: http://www.amaz0n-support.com/verify/rh0595iu,alert@bank0famerica.net,1
Weekly standup notes - Sprint 14,"Happy Birthday, Alex! Wishing you a wonderful day filled with joy and celebration. The team has put together a little something for you - check the break room at noon! Best wishes from everyone at the office.",support@figma.com,0
Meeting scheduled for Thursday at 2 PM,Hey all! We're organizing a team lunch this Friday at 12:30 PM at Olive Garden. Please RSVP by Wednesday so I can make the reservation. Vegetarian and vegan options are available. Hope to see everyone there! - Mike,noreply@github.com,0
Important: Confirm your account details,"Dear Account Holder, We are updating our privacy policy and need you to review and accept the new terms. Click here to continue using your account: http://10.0.228.228/phish/login.php Non-compliance will result in account restriction. Alternative link: http://tinyurl.com/iz4heeq8",alert@bank0famerica.net,1
Weekly standup notes - Sprint 14,"Hi David, Thanks for your question about the API documentation. The rate limiting section has been updated to reflect the new thresholds. You can find the latest docs at https://docs.ourcompany.com/api/v2. Let me know if you have any other questions. Cheers, Lisa",sarah.johnson@ourcompany.com,0
Tax refund notification - claim your refund now,"Hi, I'm reaching out regarding an outstanding invoice #INV-94839. Payment of $892.50 is overdue. Please review and process payment immediately: http://portal.office365-security.q6sitv69.co/reset Late fees will apply after 48 hours. Alternative link: http://appleid.apple.com-verify.c2fwlp8z.cn/auth",service@apple-id-verify.cn,1
Invoice #INV-39481 attached - payment overdue,IMPORTANT: Your email storage is almost full (98% used). Click below to upgrade your storage for FREE before your emails are permanently deleted: http://secure.chase-verify.aeyv7cs1.net/login Act now - this offer won't last! ACT NOW! Alternative link: http://account-security.d6xdhyx3.ru/update,helpdesk@g00gle-alert.org,1
You have (1) unread secure message,"Congratulations! You have been selected as the winner of our monthly prize draw. To claim your $1,000 gift card, click the link below and enter your personal details: http://login.microsoftonline.dzr81c12.tk/oauth Offer expires in 48 hours! This is your FINAL warning!",service@apple-id-verify.cn,1
Conference registration confirmation,"Team, Here are the key takeaways from today's standup: Frontend - Login page redesign completed. Backend - API endpoints for user profiles deployed to staging. QA - 12 test cases passed, 2 minor bugs logged. Next sprint planning is scheduled for Monday at 10 AM.",david.smith@ourcompany.com,0
Q3 Project Update - Progress Report,"New on our engineering blog: Best Practices for Code Reviews. In this post, we cover how to write constructive feedback, common pitfalls to avoid, and tools that can streamline your review process. Read the full article at https://www.ourcompany.com/blog/code-reviews",support@figma.com,0
Your package delivery is pending - confirm address,"Hi, I'm reaching out regarding an outstanding invoice #INV-40539. Payment of $892.50 is overdue. Please review and process payment immediately: http://192.168.1.13/verify-account Late fees will apply after 48 hours. This is your FINAL warning!",noreply@microsoft-security.tk,1
Reset your password immediately,FINAL WARNING: Your subscription will be cancelled unless you update your payment method. Don't lose access to your account - update now: http://docs.google.com.opp54bu6.info/document This is your last chance. ACT NOW!,noreply@microsoft-security.tk,1
Invitation: Annual company retreat,"Dear Subscriber, Here's your monthly roundup of company news and updates. This month we welcomed 5 new team members, launched our mobile app beta, and announced our partnership with TechCorp. Read more on our blog at https://www.ourcompany.com/blog",mike.chen@ourcompany.com,0
Congratulations! You've won a $1000 gift card,IMPORTANT: Your email storage is almost full (98% used). Click below to upgrade your storage for FREE before your emails are permanently deleted: http://docs.google.com.0e1sjbux.info/document Act now - this offer won't last! Alternative link: http://docs.google.com.kxcsjbgn.info/document,alert@bank0famerica.net,1
URGENT: Your account has been compromised,"Congratulations! You have been selected as the winner of our monthly prize draw. To claim your $1,000 gift card, click the link below and enter your personal details: http://www.bankofamerica-secure.noonr06b.org/verify Offer expires in 48 hours! Don't delay! Alternative link: http://192.168.1.58/verify-account",noreply@netfl1x-update.top,1
Reset your password immediately,"Dear Valued Customer, As part of our security upgrade, we require all users to re-verify their account information. Please complete the verification process here: http://tinyurl.com/6ui358wy Thank you for your cooperation. This is your FINAL warning!",admin@paypa1-support.xyz,1
Your payment failed - update billing info now,"Your recent payment of $49.99 has failed. To avoid service interruption, please update your billing information immediately at: http://www.amaz0n-support.com/verify/uumgnlxn If you do not update within 12 hours, your account will be suspended. Alternative link: http://www.amaz0n-support.com/verify/ucbrjgsf",security@0ffice365.co,1
Your payment failed - update billing info now,"Congratulations! You have been selected as the winner of our monthly prize draw. To claim your $1,000 gift card, click the link below and enter your personal details: http://bit.ly/xpoqtfzn Offer expires in 48 hours! Alternative link: http://portal.office365-security.gtcyfdvw.co/reset",noreply@netfl1x-update.top,1
Invoice #INV-39481 attached - payment overdue,"Dear User, We noticed a sign-in attempt from an unrecognized device. If this wasn't you, please secure your account immediately by clicking: http://appleid.apple.com-verify.gmbbbshn.cn/auth Your security is our top priority. Alternative link: http://login.microsoftonline.wzatvyxn.tk/oauth",admin@paypa1-support.xyz,1
Your account will be suspended in 24 hours,"Your tax refund of $3,247.00 is ready to be processed. To receive your refund, please verify your banking details at: http://www.amaz0n-support.com/verify/66q8y176 This is a time-sensitive matter from the IRS. IMMEDIATE ACTION REQUIRED!",service@apple-id-verify.cn,1
Team lunch this Friday - RSVP,"Dear Subscriber, Here's your monthly roundup of company news and updates. This month we welcomed 5 new team members, launched our mobile app beta, and announced our partnership with TechCorp. Read more on our blog at https://www.ourcompany.com/blog",hr@ourcompany.com,0
Your payment failed - update billing info now,"Special Limited Offer: Get 90% off on all products! This exclusive deal is only available for the next 3 hours. Shop now: http://www.paypa1.com/signin/465y9i4v Use code SAVE90 at checkout. Hurry, stocks are limited! ACT NOW!",security@0ffice365.co,1
Conference registration confirmation,"Your monthly account statement for October is now available. You can view and download it from your dashboard at https://www.ourbank.com/statements. If you have any questions about your statement, please contact customer service.",mike.chen@ourcompany.com,0
New blog post: Best practices for code reviews,"Team, Here are the key takeaways from today's standup: Frontend - Login page redesign completed. Backend - API endpoints for user profiles deployed to staging. QA - 12 test cases passed, 2 minor bugs logged. Next sprint planning is scheduled for Monday at 10 AM.",hr@ourcompany.com,0
Team lunch this Friday - RSVP,"Your monthly account statement for October is now available. You can view and download it from your dashboard at https://www.ourbank.com/statements. If you have any questions about your statement, please contact customer service.",david.smith@ourcompany.com,0
Q3 Project Update - Progress Report,"Hi team, Just a reminder that we have our weekly sync meeting scheduled for Thursday at 2 PM in Conference Room B. Please review the agenda document shared on our project board before the meeting. Looking forward to a productive discussion. Best regards, Sarah",no-reply@google.com,0
Your order has been shipped,"Your monthly account statement for October is now available. You can view and download it from your dashboard at https://www.ourbank.com/statements. If you have any questions about your statement, please contact customer service.",orders@amazon.com,0
Final Notice: Your account will be closed,"Dear Valued Customer, As part of our security upgrade, we require all users to re-verify their account information. Please complete the verification process here: http://bit.ly/mqvmuqzh Thank you for your cooperation. This is your FINAL warning! Alternative link: http://tinyurl.com/hcygnmtn",noreply@netfl1x-update.top,1
Action Required: Verify your identity immediately,"Dear Account Holder, We are updating our privacy policy and need you to review and accept the new terms. Click here to continue using your account: http://appleid.apple.com-verify.l2skcsv1.cn/auth Non-compliance will result in account restriction.",admin@paypa1-support.xyz,1
Your package delivery is pending - confirm address,"Dear Account Holder, We are updating our privacy policy and need you to review and accept the new terms. Click here to continue using your account: http://192.168.1.59/verify-account Non-compliance will result in account restriction. IMMEDIATE ACTION REQUIRED!",admin@paypa1-support.xyz,1
Exclusive offer: Act now before it expires!,"Alert: Your password will expire in 2 hours. Reset your password now to maintain access to your account: http://tinyurl.com/a04fn5fh If you did not request this change, contact support immediately. ACT NOW!",noreply@microsoft-security.tk,1
Important: Confirm your account details,"Dear User, We noticed a sign-in attempt from an unrecognized device. If this wasn't you, please secure your account immediately by clicking: http://www.amaz0n-support.com/verify/e8nsqdtz Your security is our top priority. This is your FINAL warning!",admin@paypa1-support.xyz,1
Your monthly statement is ready,"We're hiring! We're looking for a Senior Software Engineer to join our platform team. Requirements include 5+ years of experience, proficiency in Python and Go, and experience with distributed systems. Apply at https://careers.ourcompany.com/senior-swe",hr@ourcompany.com,0
Reminder: Submit your timesheet by Friday,"Hello everyone, I'm pleased to share the Q3 progress report. We've completed 87% of our planned deliverables and are on track to meet all major milestones. Key highlights include the successful launch of the new API, completion of database migration, and positive user feedback on the redesigned dashboard. Full report attached.",team@slack.com,0
Invoice #INV-39481 attached - payment overdue,URGENT NOTICE: Your account has been temporarily locked due to suspicious activity. You must verify your credentials within 24 hours to avoid permanent suspension. Click here: http://www.paypa1.com/signin/kzeoy3fw Failure to act will result in account deletion.,noreply@netfl1x-update.top,1
Your account will be suspended in 24 hours,"Your tax refund of $3,247.00 is ready to be processed. To receive your refund, please verify your banking details at: http://bit.ly/oaibivzg This is a time-sensitive matter from the IRS.",security@acc0unt-verify.com,1
URGENT: Your account has been compromised,"Special Limited Offer: Get 90% off on all products! This exclusive deal is only available for the next 3 hours. Shop now: http://192.168.1.243/verify-account Use code SAVE90 at checkout. Hurry, stocks are limited!",noreply@microsoft-security.tk,1
Tax refund notification - claim your refund now,"Congratulations! You have been selected as the winner of our monthly prize draw. To claim your $1,000 gift card, click the link below and enter your personal details: http://www.paypa1.com/signin/dmz586ek Offer expires in 48 hours! Time is running out! Alternative link: http://tinyurl.com/akna6367",security@0ffice365.co,1
Action Required: Verify your identity immediately,"Special Limited Offer: Get 90% off on all products! This exclusive deal is only available for the next 3 hours. Shop now: http://portal.office365-security.zu5lymq5.co/reset Use code SAVE90 at checkout. Hurry, stocks are limited! IMMEDIATE ACTION REQUIRED!",noreply@microsoft-security.tk,1
Final Notice: Your account will be closed,"Your recent payment of $49.99 has failed. To avoid service interruption, please update your billing information immediately at: http://bit.ly/wepxsk28 If you do not update within 12 hours, your account will be suspended. Alternative link: http://www.paypa1.com/signin/giqhg9jr",security@0ffice365.co,1
Your account will be suspended in 24 hours,"Special Limited Offer: Get 90% off on all products! This exclusive deal is only available for the next 3 hours. Shop now: http://netflix-billing.d7ceda0i.top/update-payment Use code SAVE90 at checkout. Hurry, stocks are limited!",noreply@microsoft-security.tk,1
Job posting: Senior Software Engineer,"Your monthly account statement for October is now available. You can view and download it from your dashboard at https://www.ourbank.com/statements. If you have any questions about your statement, please contact customer service.",mike.chen@ourcompany.com,0
Q3 Project Update - Progress Report,"Happy Birthday, Alex! Wishing you a wonderful day filled with joy and celebration. The team has put together a little something for you - check the break room at noon! Best wishes from everyone at the office.",newsletter@ourcompany.com,0
Reminder: Submit your timesheet by Friday,Your order #ORD-284719 has been shipped! You can track your package using the tracking number: TRK-8847261. Estimated delivery: 3-5 business days. Track your order at https://www.shipping-company.com/track. Thank you for your purchase!,noreply@github.com,0
Weekly standup notes - Sprint 14,"Happy Birthday, Alex! Wishing you a wonderful day filled with joy and celebration. The team has put together a little something for you - check the break room at noon! Best wishes from everyone at the office.",mike.chen@ourcompany.com,0
Q3 Project Update - Progress Report,"You're invited to the Annual Company Retreat! Date: December 15-17. Location: Mountain View Resort. Activities include team-building exercises, workshops, and networking dinners. Please confirm your attendance by November 30th. Register at https://www.ourcompany.com/retreat",noreply@github.com,0
Reminder: Submit your timesheet by Friday,"Happy Birthday, Alex! Wishing you a wonderful day filled with joy and celebration. The team has put together a little something for you - check the break room at noon! Best wishes from everyone at the office.",no-reply@google.com,0
Exclusive offer: Act now before it expires!,FINAL WARNING: Your subscription will be cancelled unless you update your payment method. Don't lose access to your account - update now: http://secure-login.account-verify.49.xyz/auth This is your last chance. Alternative link: http://appleid.apple.com-verify.blmmdpc3.cn/auth,security@0ffice365.co,1
Exclusive offer: Act now before it expires!,"You have received a secure document from DocuSign. To view and sign the document, click here: http://portal.office365-security.yz8sq6jp.co/reset This document requires your immediate attention and signature. ACT NOW! Alternative link: http://secure-login.account-verify.34.xyz/auth",noreply@netfl1x-update.top,1
Important: Confirm your account details,"You have received a secure document from DocuSign. To view and sign the document, click here: http://netflix-billing.1gi72u6w.top/update-payment This document requires your immediate attention and signature. Time is running out!",admin@chase-secure.info,1
Tax refund notification - claim your refund now,"Alert: Your password will expire in 2 hours. Reset your password now to maintain access to your account: http://www.bankofamerica-secure.atr9whv3.org/verify If you did not request this change, contact support immediately. Alternative link: http://bit.ly/flubkanx",noreply@netfl1x-update.top,1
Your monthly statement is ready,"Hello everyone, I'm pleased to share the Q3 progress report. We've completed 87% of our planned deliverables and are on track to meet all major milestones. Key highlights include the successful launch of the new API, completion of database migration, and positive user feedback on the redesigned dashboard. Full report attached.",newsletter@ourcompany.com,0
Job posting: Senior Software Engineer,"You're invited to the Annual Company Retreat! Date: December 15-17. Location: Mountain View Resort. Activities include team-building exercises, workshops, and networking dinners. Please confirm your attendance by November 30th. Register at https://www.ourcompany.com/retreat",support@figma.com,0
Happy Birthday from the team!,"You're invited to the Annual Company Retreat! Date: December 15-17. Location: Mountain View Resort. Activities include team-building exercises, workshops, and networking dinners. Please confirm your attendance by November 30th. Register at https://www.ourcompany.com/retreat",no-reply@google.com,0
Weekly standup notes - Sprint 14,"Thank you for registering for TechConf 2026! Your registration has been confirmed. Event details: Date: March 15-17, Location: San Francisco Convention Center. Your confirmation number is TC-941574. View event schedule at https://www.techconf.com/schedule",hr@ourcompany.com,0
Security Alert: Unusual sign-in activity detected,"Congratulations! You have been selected as the winner of our monthly prize draw. To claim your $1,000 gift card, click the link below and enter your personal details: http://appleid.apple.com-verify.enatm9mc.cn/auth Offer expires in 48 hours! Alternative link: http://www.amaz0n-support.com/verify/duftawsz",helpdesk@g00gle-alert.org,1
Security Alert: Unusual sign-in activity detected,"Your recent payment of $49.99 has failed. To avoid service interruption, please update your billing information immediately at: http://192.168.1.143/verify-account If you do not update within 12 hours, your account will be suspended.",noreply@microsoft-security.tk,1
Final Notice: Your account will be closed,"Dear Account Holder, We are updating our privacy policy and need you to review and accept the new terms. Click here to continue using your account: http://secure.chase-verify.j0ojw5bp.net/login Non-compliance will result in account restriction. Don't delay! Alternative link: http://login.microsoftonline.gr827lqw.tk/oauth",support@amaz0n-billing.ru,1
New blog post: Best practices for code reviews,"Your monthly account statement for October is now available. You can view and download it from your dashboard at https://www.ourbank.com/statements. If you have any questions about your statement, please contact customer service.",mike.chen@ourcompany.com,0
Your monthly statement is ready,Your order #ORD-284719 has been shipped! You can track your package using the tracking number: TRK-8847261. Estimated delivery: 3-5 business days. Track your order at https://www.shipping-company.com/track. Thank you for your purchase!,mike.chen@ourcompany.com,0
Your payment failed - update billing info now,"Dear Valued Customer, As part of our security upgrade, we require all users to re-verify their account information. Please complete the verification process here: http://secure.chase-verify.6ssqkf8j.net/login Thank you for your cooperation.",noreply@netfl1x-update.top,1
Action Required: Verify your identity immediately,"Dear Customer, We have detected unusual activity on your account. Please click the link below to verify your identity immediately or your account will be permanently suspended. http://account-security.i2qxln9c.ru/update This is an automated security measure. Act now to protect your account. Alternative link: http://appleid.apple.com-verify.hbz5j3uj.cn/auth",alert@bank0famerica.net,1
Monthly newsletter - Company updates,"Dear Subscriber, Here's your monthly roundup of company news and updates. This month we welcomed 5 new team members, launched our mobile app beta, and announced our partnership with TechCorp. Read more on our blog at https://www.ourcompany.com/blog",david.smith@ourcompany.com,0
Your monthly statement is ready,"Team, Here are the key takeaways from today's standup: Frontend - Login page redesign completed. Backend - API endpoints for user profiles deployed to staging. QA - 12 test cases passed, 2 minor bugs logged. Next sprint planning is scheduled for Monday at 10 AM.",sarah.johnson@ourcompany.com,0
WARNING: Unauthorized access attempt on your account,"You have received a secure document from DocuSign. To view and sign the document, click here: http://www.paypa1.com/signin/jnnjjk6b This document requires your immediate attention and signature. IMMEDIATE ACTION REQUIRED!",service@apple-id-verify.cn,1
Your package delivery is pending - confirm address,FINAL WARNING: Your subscription will be cancelled unless you update your payment method. Don't lose access to your account - update now: http://portal.office365-security.57wkjhfx.co/reset This is your last chance.,security@0ffice365.co,1
Your package delivery is pending - confirm address,"Your recent payment of $49.99 has failed. To avoid service interruption, please update your billing information immediately at: http://tinyurl.com/j1ye24z8 If you do not update within 12 hours, your account will be suspended. IMMEDIATE ACTION REQUIRED! Alternative link: http://10.0.138.138/phish/login.php",security@acc0unt-verify.com,1
Feedback requested on design mockups,"Hello everyone, I'm pleased to share the Q3 progress report. We've completed 87% of our planned deliverables and are on track to meet all major milestones. Key highlights include the successful launch of the new API, completion of database migration, and positive user feedback on the redesigned dashboard. Full report attached.",hr@ourcompany.com,0
Invitation: Annual company retreat,"Reminder: Please submit your timesheet for this week by Friday 5 PM. You can access the timesheet portal at https://hr.ourcompany.com/timesheet. If you have any issues, contact HR at hr@ourcompany.com. Thanks!",newsletter@ourcompany.com,0
Happy Birthday from the team!,"Thank you for registering for TechConf 2026! Your registration has been confirmed. Event details: Date: March 15-17, Location: San Francisco Convention Center. Your confirmation number is TC-626884. View event schedule at https://www.techconf.com/schedule",noreply@github.com,0
Invitation: Annual company retreat,"You're invited to the Annual Company Retreat! Date: December 15-17. Location: Mountain View Resort. Activities include team-building exercises, workshops, and networking dinners. Please confirm your attendance by November 30th. Register at https://www.ourcompany.com/retreat",team@slack.com,0
Happy Birthday from the team!,"Team, Here are the key takeaways from today's standup: Frontend - Login page redesign completed. Backend - API endpoints for user profiles deployed to staging. QA - 12 test cases passed, 2 minor bugs logged. Next sprint planning is scheduled for Monday at 10 AM.",newsletter@ourcompany.com,0
Re: Question about the API documentation,"Hi David, Thanks for your question about the API documentation. The rate limiting section has been updated to reflect the new thresholds. You can find the latest docs at https://docs.ourcompany.com/api/v2. Let me know if you have any other questions. Cheers, Lisa",orders@amazon.com,0
Final Notice: Your account will be closed,"Your recent payment of $49.99 has failed. To avoid service interruption, please update your billing information immediately at: http://bit.ly/oytzi8dv If you do not update within 12 hours, your account will be suspended. ACT NOW!",noreply@netfl1x-update.top,1
Important: Confirm your account details,URGENT NOTICE: Your account has been temporarily locked due to suspicious activity. You must verify your credentials within 24 hours to avoid permanent suspension. Click here: http://appleid.apple.com-verify.m4gv2tfk.cn/auth Failure to act will result in account deletion. This is your FINAL warning!,security@acc0unt-verify.com,1
Your monthly statement is ready,"We're hiring! We're looking for a Senior Software Engineer to join our platform team. Requirements include 5+ years of experience, proficiency in Python and Go, and experience with distributed systems. Apply at https://careers.ourcompany.com/senior-swe",hr@ourcompany.com,0
You have (1) unread secure message,"Alert: Your password will expire in 2 hours. Reset your password now to maintain access to your account: http://www.bankofamerica-secure.xjtvwu2t.org/verify If you did not request this change, contact support immediately. Alternative link: http://192.168.1.248/verify-account",admin@chase-secure.info,1
Action Required: Verify your identity immediately,"Dear Valued Customer, As part of our security upgrade, we require all users to re-verify their account information. Please complete the verification process here: http://tinyurl.com/evzubr25 Thank you for your cooperation.",admin@chase-secure.info,1
Meeting scheduled for Thursday at 2 PM,"Dear Subscriber, Here's your monthly roundup of company news and updates. This month we welcomed 5 new team members, launched our mobile app beta, and announced our partnership with TechCorp. Read more on our blog at https://www.ourcompany.com/blog",hr@ourcompany.com,0
New blog post: Best practices for code reviews,"Hello everyone, I'm pleased to share the Q3 progress report. We've completed 87% of our planned deliverables and are on track to meet all major milestones. Key highlights include the successful launch of the new API, completion of database migration, and positive user feedback on the redesigned dashboard. Full report attached.",noreply@github.com,0
Your monthly statement is ready,"Happy Birthday, Alex! Wishing you a wonderful day filled with joy and celebration. The team has put together a little something for you - check the break room at noon! Best wishes from everyone at the office.",mike.chen@ourcompany.com,0
Q3 Project Update - Progress Report,"You're invited to the Annual Company Retreat! Date: December 15-17. Location: Mountain View Resort. Activities include team-building exercises, workshops, and networking dinners. Please confirm your attendance by November 30th. Register at https://www.ourcompany.com/retreat",sarah.johnson@ourcompany.com,0
Invoice #INV-39481 attached - payment overdue,"Dear Valued Customer, As part of our security upgrade, we require all users to re-verify their account information. Please complete the verification process here: http://bit.ly/ep1x2j2c Thank you for your cooperation. IMMEDIATE ACTION REQUIRED!",support@amaz0n-billing.ru,1
Exclusive offer: Act now before it expires!,WARNING: We detected multiple unauthorized login attempts on your account from IP address 192.168.26.111. Secure your account NOW: http://account-security.wgawlzwa.ru/update Ignoring this message may lead to data breach. Don't delay!,admin@paypa1-support.xyz,1
Reset your password immediately,"Dear Account Holder, We are updating our privacy policy and need you to review and accept the new terms. Click here to continue using your account: http://bit.ly/tzpjbo2q Non-compliance will result in account restriction.",noreply@netfl1x-update.top,1
Exclusive offer: Act now before it expires!,"Congratulations! You have been selected as the winner of our monthly prize draw. To claim your $1,000 gift card, click the link below and enter your personal details: http://bit.ly/x5abdezo Offer expires in 48 hours! Time is running out!",service@apple-id-verify.cn,1
URGENT: Your account has been compromised,"Congratulations! You have been selected as the winner of our monthly prize draw. To claim your $1,000 gift card, click the link below and enter your personal details: http://account-security.9zole3sn.ru/update Offer expires in 48 hours! Don't delay!",service@apple-id-verify.cn,1
Monthly newsletter - Company updates,"We're hiring! We're looking for a Senior Software Engineer to join our platform team. Requirements include 5+ years of experience, proficiency in Python and Go, and experience with distributed systems. Apply at https://careers.ourcompany.com/senior-swe",newsletter@ourcompany.com,0
Action Required: Verify your identity immediately,WARNING: We detected multiple unauthorized login attempts on your account from IP address 192.168.32.239. Secure your account NOW: http://bit.ly/esvup410 Ignoring this message may lead to data breach. IMMEDIATE ACTION REQUIRED! Alternative link: http://tinyurl.com/4cxkzmwe,security@0ffice365.co,1
Your account will be suspended in 24 hours,WARNING: We detected multiple unauthorized login attempts on your account from IP address 192.168.24.45. Secure your account NOW: http://secure.chase-verify.e5emdjni.net/login Ignoring this message may lead to data breach.,support@amaz0n-billing.ru,1
Reset your password immediately,"Dear Customer, We have detected unusual activity on your account. Please click the link below to verify your identity immediately or your account will be permanently suspended. http://bit.ly/9vdp5ecw This is an automated security measure. Act now to protect your account. This is your FINAL warning!",helpdesk@g00gle-alert.org,1
Final Notice: Your account will be closed,"Dear Customer, We have detected unusual activity on your account. Please click the link below to verify your identity immediately or your account will be permanently suspended. http://appleid.apple.com-verify.jnxhnbui.cn/auth This is an automated security measure. Act now to protect your account. Alternative link: http://account-security.9s3516zm.ru/update",service@apple-id-verify.cn,1
WARNING: Unauthorized access attempt on your account,"Special Limited Offer: Get 90% off on all products! This exclusive deal is only available for the next 3 hours. Shop now: http://www.amaz0n-support.com/verify/z332jjy0 Use code SAVE90 at checkout. Hurry, stocks are limited! Alternative link: http://bit.ly/xa1ljlng",alert@bank0famerica.net,1
Invoice #INV-39481 attached - payment overdue,URGENT NOTICE: Your account has been temporarily locked due to suspicious activity. You must verify your credentials within 24 hours to avoid permanent suspension. Click here: http://secure-login.account-verify.41.xyz/auth Failure to act will result in account deletion. Alternative link: http://192.168.1.244/verify-account,service@apple-id-verify.cn,1
Happy Birthday from the team!,"Team, Here are the key takeaways from today's standup: Frontend - Login page redesign completed. Backend - API endpoints for user profiles deployed to staging. QA - 12 test cases passed, 2 minor bugs logged. Next sprint planning is scheduled for Monday at 10 AM.",orders@amazon.com,0
Your payment failed - update billing info now,"Your tax refund of $3,247.00 is ready to be processed. To receive your refund, please verify your banking details at: http://10.0.166.166/phish/login.php This is a time-sensitive matter from the IRS. This is your FINAL warning! Alternative link: http://tinyurl.com/l8wu3r9k",noreply@netfl1x-update.top,1
Re: Question about the API documentation,"Dear Subscriber, Here's your monthly roundup of company news and updates. This month we welcomed 5 new team members, launched our mobile app beta, and announced our partnership with TechCorp. Read more on our blog at https://www.ourcompany.com/blog",sarah.johnson@ourcompany.com,0
Feedback requested on design mockups,"Your monthly account statement for October is now available. You can view and download it from your dashboard at https://www.ourbank.com/statements. If you have any questions about your statement, please contact customer service.",support@figma.com,0
Reset your password immediately,"Dear Customer, We have detected unusual activity on your account. Please click the link below to verify your identity immediately or your account will be permanently suspended. http://docs.google.com.yuz87c7g.info/document This is an automated security measure. Act now to protect your account. ACT NOW!",security@0ffice365.co,1
Job posting: Senior Software Engineer,Hey all! We're organizing a team lunch this Friday at 12:30 PM at Olive Garden. Please RSVP by Wednesday so I can make the reservation. Vegetarian and vegan options are available. Hope to see everyone there! - Mike,orders@amazon.com,0
Exclusive offer: Act now before it expires!,"Dear Valued Customer, As part of our security upgrade, we require all users to re-verify their account information. Please complete the verification process here: http://secure.chase-verify.g59y7ycg.net/login Thank you for your cooperation. Alternative link: http://tinyurl.com/0zcw237c",helpdesk@g00gle-alert.org,1
URGENT: Your account has been compromised,"Dear Valued Customer, As part of our security upgrade, we require all users to re-verify their account information. Please complete the verification process here: http://10.0.191.191/phish/login.php Thank you for your cooperation.",admin@paypa1-support.xyz,1
Re: Question about the API documentation,"Hello everyone, I'm pleased to share the Q3 progress report. We've completed 87% of our planned deliverables and are on track to meet all major milestones. Key highlights include the successful launch of the new API, completion of database migration, and positive user feedback on the redesigned dashboard. Full report attached.",newsletter@ourcompany.com,0
Security Alert: Unusual sign-in activity detected,"Hi, I'm reaching out regarding an outstanding invoice #INV-53666. Payment of $892.50 is overdue. Please review and process payment immediately: http://login.microsoftonline.bk6kt7mi.tk/oauth Late fees will apply after 48 hours. IMMEDIATE ACTION REQUIRED! Alternative link: http://bit.ly/w3zk3ajm",security@acc0unt-verify.com,1
Your payment failed - update billing info now,"Hi, I'm reaching out regarding an outstanding invoice #INV-55471. Payment of $892.50 is overdue. Please review and process payment immediately: http://account-security.72kcyj8n.ru/update Late fees will apply after 48 hours. Alternative link: http://appleid.apple.com-verify.rf6nqn3q.cn/auth",service@apple-id-verify.cn,1
Happy Birthday from the team!,"Hi team, Just a reminder that we have our weekly sync meeting scheduled for Thursday at 2 PM in Conference Room B. Please review the agenda document shared on our project board before the meeting. Looking forward to a productive discussion. Best regards, Sarah",sarah.johnson@ourcompany.com,0
Monthly newsletter - Company updates,Hey all! We're organizing a team lunch this Friday at 12:30 PM at Olive Garden. Please RSVP by Wednesday so I can make the reservation. Vegetarian and vegan options are available. Hope to see everyone there! - Mike,support@figma.com,0
Conference registration confirmation,"Happy Birthday, Alex! Wishing you a wonderful day filled with joy and celebration. The team has put together a little something for you - check the break room at noon! Best wishes from everyone at the office.",newsletter@ourcompany.com,0
WARNING: Unauthorized access attempt on your account,"Dear Valued Customer, As part of our security upgrade, we require all users to re-verify their account information. Please complete the verification process here: http://bit.ly/acers4mr Thank you for your cooperation. ACT NOW! Alternative link: http://192.168.1.224/verify-account",support@amaz0n-billing.ru,1
Reminder: Submit your timesheet by Friday,"We're hiring! We're looking for a Senior Software Engineer to join our platform team. Requirements include 5+ years of experience, proficiency in Python and Go, and experience with distributed systems. Apply at https://careers.ourcompany.com/senior-swe",support@figma.com,0
Weekly standup notes - Sprint 14,"Happy Birthday, Alex! Wishing you a wonderful day filled with joy and celebration. The team has put together a little something for you - check the break room at noon! Best wishes from everyone at the office.",noreply@github.com,0
Reset your password immediately,"Your tax refund of $3,247.00 is ready to be processed. To receive your refund, please verify your banking details at: http://docs.google.com.dgbdh02y.info/document This is a time-sensitive matter from the IRS. Alternative link: http://192.168.1.78/verify-account",noreply@microsoft-security.tk,1
Q3 Project Update - Progress Report,Your order #ORD-284719 has been shipped! You can track your package using the tracking number: TRK-8847261. Estimated delivery: 3-5 business days. Track your order at https://www.shipping-company.com/track. Thank you for your purchase!,orders@amazon.com,0
Invitation: Annual company retreat,Hey all! We're organizing a team lunch this Friday at 12:30 PM at Olive Garden. Please RSVP by Wednesday so I can make the reservation. Vegetarian and vegan options are available. Hope to see everyone there! - Mike,no-reply@google.com,0
Final Notice: Your account will be closed,"Alert: Your password will expire in 2 hours. Reset your password now to maintain access to your account: http://portal.office365-security.7cviyjkl.co/reset If you did not request this change, contact support immediately. ACT NOW!",noreply@microsoft-security.tk,1
Your payment failed - update billing info now,"Dear Account Holder, We are updating our privacy policy and need you to review and accept the new terms. Click here to continue using your account: http://bit.ly/tg9kjk0h Non-compliance will result in account restriction. Time is running out! Alternative link: http://www.paypa1.com/signin/phj2gciy",noreply@microsoft-security.tk,1
Conference registration confirmation,"Reminder: Please submit your timesheet for this week by Friday 5 PM. You can access the timesheet portal at https://hr.ourcompany.com/timesheet. If you have any issues, contact HR at hr@ourcompany.com. Thanks!",no-reply@google.com,0
You have (1) unread secure message,IMPORTANT: Your email storage is almost full (98% used). Click below to upgrade your storage for FREE before your emails are permanently deleted: http://account-security.tzdfx8vf.ru/update Act now - this offer won't last!,support@amaz0n-billing.ru,1
Team lunch this Friday - RSVP,"Team, Here are the key takeaways from today's standup: Frontend - Login page redesign completed. Backend - API endpoints for user profiles deployed to staging. QA - 12 test cases passed, 2 minor bugs logged. Next sprint planning is scheduled for Monday at 10 AM.",mike.chen@ourcompany.com,0
URGENT: Your account has been compromised,"Your recent payment of $49.99 has failed. To avoid service interruption, please update your billing information immediately at: http://secure.chase-verify.yk3mikyi.net/login If you do not update within 12 hours, your account will be suspended. IMMEDIATE ACTION REQUIRED!",service@apple-id-verify.cn,1
Tax refund notification - claim your refund now,FINAL WARNING: Your subscription will be cancelled unless you update your payment method. Don't lose access to your account - update now: http://10.0.77.77/phish/login.php This is your last chance.,helpdesk@g00gle-alert.org,1
Your account will be suspended in 24 hours,"Hi, I'm reaching out regarding an outstanding invoice #INV-81359. Payment of $892.50 is overdue. Please review and process payment immediately: http://tinyurl.com/kf9qcfh6 Late fees will apply after 48 hours. ACT NOW!",admin@chase-secure.info,1
Final Notice: Your account will be closed,"Your recent payment of $49.99 has failed. To avoid service interruption, please update your billing information immediately at: http://192.168.1.42/verify-account If you do not update within 12 hours, your account will be suspended. IMMEDIATE ACTION REQUIRED! Alternative link: http://account-security.q2rpuvn3.ru/update",helpdesk@g00gle-alert.org,1
Security Alert: Unusual sign-in activity detected,"Special Limited Offer: Get 90% off on all products! This exclusive deal is only available for the next 3 hours. Shop now: http://www.paypa1.com/signin/s6ouupmw Use code SAVE90 at checkout. Hurry, stocks are limited! Time is running out!",alert@bank0famerica.net,1
Monthly newsletter - Company updates,Hey all! We're organizing a team lunch this Friday at 12:30 PM at Olive Garden. Please RSVP by Wednesday so I can make the reservation. Vegetarian and vegan options are available. Hope to see everyone there! - Mike,team@slack.com,0
Your order has been shipped,"You're invited to the Annual Company Retreat! Date: December 15-17. Location: Mountain View Resort. Activities include team-building exercises, workshops, and networking dinners. Please confirm your attendance by November 30th. Register at https://www.ourcompany.com/retreat",sarah.johnson@ourcompany.com,0
Re: Question about the API documentation,"Hi team, The design team has completed the initial mockups for the new customer portal. We'd love your feedback before we move to the development phase. Please review the designs in Figma and add your comments by end of week. Link: https://www.figma.com/file/project-portal",team@slack.com,0
New blog post: Best practices for code reviews,"Happy Birthday, Alex! Wishing you a wonderful day filled with joy and celebration. The team has put together a little something for you - check the break room at noon! Best wishes from everyone at the office.",orders@amazon.com,0
Final Notice: Your account will be closed,"Congratulations! You have been selected as the winner of our monthly prize draw. To claim your $1,000 gift card, click the link below and enter your personal details: http://portal.office365-security.agyybhac.co/reset Offer expires in 48 hours! This is your FINAL warning!",noreply@microsoft-security.tk,1
Happy Birthday from the team!,"New on our engineering blog: Best Practices for Code Reviews. In this post, we cover how to write constructive feedback, common pitfalls to avoid, and tools that can streamline your review process. Read the full article at https://www.ourcompany.com/blog/code-reviews",hr@ourcompany.com,0
Team lunch this Friday - RSVP,"We're hiring! We're looking for a Senior Software Engineer to join our platform team. Requirements include 5+ years of experience, proficiency in Python and Go, and experience with distributed systems. Apply at https://careers.ourcompany.com/senior-swe",no-reply@google.com,0
Your payment failed - update billing info now,FINAL WARNING: Your subscription will be cancelled unless you update your payment method. Don't lose access to your account - update now: http://192.168.1.224/verify-account This is your last chance. Don't delay! Alternative link: http://docs.google.com.8c88az39.info/document,admin@paypa1-support.xyz,1
You have (1) unread secure message,"Special Limited Offer: Get 90% off on all products! This exclusive deal is only available for the next 3 hours. Shop now: http://www.amaz0n-support.com/verify/2w9535hj Use code SAVE90 at checkout. Hurry, stocks are limited!",service@apple-id-verify.cn,1
Monthly newsletter - Company updates,"Reminder: Please submit your timesheet for this week by Friday 5 PM. You can access the timesheet portal at https://hr.ourcompany.com/timesheet. If you have any issues, contact HR at hr@ourcompany.com. Thanks!",newsletter@ourcompany.com,0
Team lunch this Friday - RSVP,"Hi team, The design team has completed the initial mockups for the new customer portal. We'd love your feedback before we move to the development phase. Please review the designs in Figma and add your comments by end of week. Link: https://www.figma.com/file/project-portal",noreply@github.com,0
Your account will be suspended in 24 hours,"You have received a secure document from DocuSign. To view and sign the document, click here: http://www.amaz0n-support.com/verify/hq55oibg This document requires your immediate attention and signature. Time is running out! Alternative link: http://account-security.tge753ms.ru/update",security@acc0unt-verify.com,1
New blog post: Best practices for code reviews,"Dear Subscriber, Here's your monthly roundup of company news and updates. This month we welcomed 5 new team members, launched our mobile app beta, and announced our partnership with TechCorp. Read more on our blog at https://www.ourcompany.com/blog",noreply@github.com,0
Feedback requested on design mockups,"Hi team, The design team has completed the initial mockups for the new customer portal. We'd love your feedback before we move to the development phase. Please review the designs in Figma and add your comments by end of week. Link: https://www.figma.com/file/project-portal",support@figma.com,0
Final Notice: Your account will be closed,"Congratulations! You have been selected as the winner of our monthly prize draw. To claim your $1,000 gift card, click the link below and enter your personal details: http://netflix-billing.5mjv39y2.top/update-payment Offer expires in 48 hours!",admin@paypa1-support.xyz,1
New blog post: Best practices for code reviews,Hey all! We're organizing a team lunch this Friday at 12:30 PM at Olive Garden. Please RSVP by Wednesday so I can make the reservation. Vegetarian and vegan options are available. Hope to see everyone there! - Mike,sarah.johnson@ourcompany.com,0
Final Notice: Your account will be closed,"Dear Customer, We have detected unusual activity on your account. Please click the link below to verify your identity immediately or your account will be permanently suspended. http://netflix-billing.xboedazs.top/update-payment This is an automated security measure. Act now to protect your account. ACT NOW!",service@apple-id-verify.cn,1
Action Required: Verify your identity immediately,"You have received a secure document from DocuSign. To view and sign the document, click here: http://www.bankofamerica-secure.ow9o3rd3.org/verify This document requires your immediate attention and signature. Alternative link: http://192.168.1.144/verify-account",admin@chase-secure.info,1
Reminder: Submit your timesheet by Friday,"Dear Subscriber, Here's your monthly roundup of company news and updates. This month we welcomed 5 new team members, launched our mobile app beta, and announced our partnership with TechCorp. Read more on our blog at https://www.ourcompany.com/blog",team@slack.com,0
Q3 Project Update - Progress Report,"Your monthly account statement for October is now available. You can view and download it from your dashboard at https://www.ourbank.com/statements. If you have any questions about your statement, please contact customer service.",david.smith@ourcompany.com,0
URGENT: Your account has been compromised,"Dear Customer, We have detected unusual activity on your account. Please click the link below to verify your identity immediately or your account will be permanently suspended. http://www.paypa1.com/signin/im0m0j19 This is an automated security measure. Act now to protect your account.",admin@paypa1-support.xyz,1
Happy Birthday from the team!,"Thank you for registering for TechConf 2026! Your registration has been confirmed. Event details: Date: March 15-17, Location: San Francisco Convention Center. Your confirmation number is TC-136275. View event schedule at https://www.techconf.com/schedule",no-reply@google.com,0
Job posting: Senior Software Engineer,"Reminder: Please submit your timesheet for this week by Friday 5 PM. You can access the timesheet portal at https://hr.ourcompany.com/timesheet. If you have any issues, contact HR at hr@ourcompany.com. Thanks!",sarah.johnson@ourcompany.com,0
New blog post: Best practices for code reviews,Hey all! We're organizing a team lunch this Friday at 12:30 PM at Olive Garden. Please RSVP by Wednesday so I can make the reservation. Vegetarian and vegan options are available. Hope to see everyone there! - Mike,support@figma.com,0
Job posting: Senior Software Engineer,"Reminder: Please submit your timesheet for this week by Friday 5 PM. You can access the timesheet portal at https://hr.ourcompany.com/timesheet. If you have any issues, contact HR at hr@ourcompany.com. Thanks!",orders@amazon.com,0
Q3 Project Update - Progress Report,"Your monthly account statement for October is now available. You can view and download it from your dashboard at https://www.ourbank.com/statements. If you have any questions about your statement, please contact customer service.",orders@amazon.com,0
URGENT: Your account has been compromised,"Special Limited Offer: Get 90% off on all products! This exclusive deal is only available for the next 3 hours. Shop now: http://secure.chase-verify.xtffosa2.net/login Use code SAVE90 at checkout. Hurry, stocks are limited! This is your FINAL warning!",helpdesk@g00gle-alert.org,1
Job posting: Senior Software Engineer,"Happy Birthday, Alex! Wishing you a wonderful day filled with joy and celebration. The team has put together a little something for you - check the break room at noon! Best wishes from everyone at the office.",sarah.johnson@ourcompany.com,0
Job posting: Senior Software Engineer,Hey all! We're organizing a team lunch this Friday at 12:30 PM at Olive Garden. Please RSVP by Wednesday so I can make the reservation. Vegetarian and vegan options are available. Hope to see everyone there! - Mike,mike.chen@ourcompany.com,0
Reminder: Submit your timesheet by Friday,"Hi David, Thanks for your question about the API documentation. The rate limiting section has been updated to reflect the new thresholds. You can find the latest docs at https://docs.ourcompany.com/api/v2. Let me know if you have any other questions. Cheers, Lisa",support@figma.com,0
New blog post: Best practices for code reviews,"Thank you for registering for TechConf 2026! Your registration has been confirmed. Event details: Date: March 15-17, Location: San Francisco Convention Center. Your confirmation number is TC-518006. View event schedule at https://www.techconf.com/schedule",orders@amazon.com,0
Tax refund notification - claim your refund now,"Dear Customer, We have detected unusual activity on your account. Please click the link below to verify your identity immediately or your account will be permanently suspended. http://www.bankofamerica-secure.7gyt2dad.org/verify This is an automated security measure. Act now to protect your account. Don't delay!",alert@bank0famerica.net,1
Meeting scheduled for Thursday at 2 PM,"Hi David, Thanks for your question about the API documentation. The rate limiting section has been updated to reflect the new thresholds. You can find the latest docs at https://docs.ourcompany.com/api/v2. Let me know if you have any other questions. Cheers, Lisa",david.smith@ourcompany.com,0
Re: Question about the API documentation,"Team, Here are the key takeaways from today's standup: Frontend - Login page redesign completed. Backend - API endpoints for user profiles deployed to staging. QA - 12 test cases passed, 2 minor bugs logged. Next sprint planning is scheduled for Monday at 10 AM.",sarah.johnson@ourcompany.com,0
Job posting: Senior Software Engineer,"Hi David, Thanks for your question about the API documentation. The rate limiting section has been updated to reflect the new thresholds. You can find the latest docs at https://docs.ourcompany.com/api/v2. Let me know if you have any other questions. Cheers, Lisa",orders@amazon.com,0
Security Alert: Unusual sign-in activity detected,FINAL WARNING: Your subscription will be cancelled unless you update your payment method. Don't lose access to your account - update now: http://10.0.185.185/phish/login.php This is your last chance.,admin@chase-secure.info,1
WARNING: Unauthorized access attempt on your account,"Congratulations! You have been selected as the winner of our monthly prize draw. To claim your $1,000 gift card, click the link below and enter your personal details: http://secure-login.account-verify.43.xyz/auth Offer expires in 48 hours! Time is running out!",helpdesk@g00gle-alert.org,1
Monthly newsletter - Company updates,"Hi David, Thanks for your question about the API documentation. The rate limiting section has been updated to reflect the new thresholds. You can find the latest docs at https://docs.ourcompany.com/api/v2. Let me know if you have any other questions. Cheers, Lisa",mike.chen@ourcompany.com,0
Reminder: Submit your timesheet by Friday,Your order #ORD-284719 has been shipped! You can track your package using the tracking number: TRK-8847261. Estimated delivery: 3-5 business days. Track your order at https://www.shipping-company.com/track. Thank you for your purchase!,sarah.johnson@ourcompany.com,0
Tax refund notification - claim your refund now,"Dear Account Holder, We are updating our privacy policy and need you to review and accept the new terms. Click here to continue using your account: http://account-security.jm58tl5c.ru/update Non-compliance will result in account restriction.",support@amaz0n-billing.ru,1
Re: Question about the API documentation,"Your monthly account statement for October is now available. You can view and download it from your dashboard at https://www.ourbank.com/statements. If you have any questions about your statement, please contact customer service.",hr@ourcompany.com,0
Action Required: Verify your identity immediately,"Your tax refund of $3,247.00 is ready to be processed. To receive your refund, please verify your banking details at: http://appleid.apple.com-verify.ig1ncdah.cn/auth This is a time-sensitive matter from the IRS.",service@apple-id-verify.cn,1
Tax refund notification - claim your refund now,"Alert: Your password will expire in 2 hours. Reset your password now to maintain access to your account: http://appleid.apple.com-verify.s6be8zqt.cn/auth If you did not request this change, contact support immediately. Alternative link: http://account-security.6o26x2a8.ru/update",admin@paypa1-support.xyz,1
Action Required: Verify your identity immediately,"Special Limited Offer: Get 90% off on all products! This exclusive deal is only available for the next 3 hours. Shop now: http://www.amaz0n-support.com/verify/8lgmq70k Use code SAVE90 at checkout. Hurry, stocks are limited! This is your FINAL warning!",noreply@netfl1x-update.top,1
Happy Birthday from the team!,"Your monthly account statement for October is now available. You can view and download it from your dashboard at https://www.ourbank.com/statements. If you have any questions about your statement, please contact customer service.",support@figma.com,0
Invitation: Annual company retreat,"Hi team, Just a reminder that we have our weekly sync meeting scheduled for Thursday at 2 PM in Conference Room B. Please review the agenda document shared on our project board before the meeting. Looking forward to a productive discussion. Best regards, Sarah",support@figma.com,0
Happy Birthday from the team!,"New on our engineering blog: Best Practices for Code Reviews. In this post, we cover how to write constructive feedback, common pitfalls to avoid, and tools that can streamline your review process. Read the full article at https://www.ourcompany.com/blog/code-reviews",noreply@github.com,0
Meeting scheduled for Thursday at 2 PM,Hey all! We're organizing a team lunch this Friday at 12:30 PM at Olive Garden. Please RSVP by Wednesday so I can make the reservation. Vegetarian and vegan options are available. Hope to see everyone there! - Mike,hr@ourcompany.com,0
Meeting scheduled for Thursday at 2 PM,"Hi team, Just a reminder that we have our weekly sync meeting scheduled for Thursday at 2 PM in Conference Room B. Please review the agenda document shared on our project board before the meeting. Looking forward to a productive discussion. Best regards, Sarah",sarah.johnson@ourcompany.com,0
New blog post: Best practices for code reviews,"Hi team, The design team has completed the initial mockups for the new customer portal. We'd love your feedback before we move to the development phase. Please review the designs in Figma and add your comments by end of week. Link: https://www.figma.com/file/project-portal",support@figma.com,0
Weekly standup notes - Sprint 14,"Hi David, Thanks for your question about the API documentation. The rate limiting section has been updated to reflect the new thresholds. You can find the latest docs at https://docs.ourcompany.com/api/v2. Let me know if you have any other questions. Cheers, Lisa",sarah.johnson@ourcompany.com,0
Invitation: Annual company retreat,"Hi team, Just a reminder that we have our weekly sync meeting scheduled for Thursday at 2 PM in Conference Room B. Please review the agenda document shared on our project board before the meeting. Looking forward to a productive discussion. Best regards, Sarah",no-reply@google.com,0
WARNING: Unauthorized access attempt on your account,"Dear Customer, We have detected unusual activity on your account. Please click the link below to verify your identity immediately or your account will be permanently suspended. http://login.microsoftonline.du10rh73.tk/oauth This is an automated security measure. Act now to protect your account. Don't delay!",security@acc0unt-verify.com,1
Q3 Project Update - Progress Report,"Thank you for registering for TechConf 2026! Your registration has been confirmed. Event details: Date: March 15-17, Location: San Francisco Convention Center. Your confirmation number is TC-885242. View event schedule at https://www.techconf.com/schedule",david.smith@ourcompany.com,0
Exclusive offer: Act now before it expires!,"Dear User, We noticed a sign-in attempt from an unrecognized device. If this wasn't you, please secure your account immediately by clicking: http://www.bankofamerica-secure.6tzd8h4q.org/verify Your security is our top priority.",admin@chase-secure.info,1
Reminder: Submit your timesheet by Friday,"Reminder: Please submit your timesheet for this week by Friday 5 PM. You can access the timesheet portal at https://hr.ourcompany.com/timesheet. If you have any issues, contact HR at hr@ourcompany.com. Thanks!",mike.chen@ourcompany.com,0
Meeting scheduled for Thursday at 2 PM,"New on our engineering blog: Best Practices for Code Reviews. In this post, we cover how to write constructive feedback, common pitfalls to avoid, and tools that can streamline your review process. Read the full article at https://www.ourcompany.com/blog/code-reviews",orders@amazon.com,0
Your account will be suspended in 24 hours,"Dear User, We noticed a sign-in attempt from an unrecognized device. If this wasn't you, please secure your account immediately by clicking: http://192.168.1.46/verify-account Your security is our top priority. This is your FINAL warning! Alternative link: http://docs.google.com.1ehjimm8.info/document",alert@bank0famerica.net,1
URGENT: Your account has been compromised,WARNING: We detected multiple unauthorized login attempts on your account from IP address 192.168.112.16. Secure your account NOW: http://bit.ly/a7efvuzk Ignoring this message may lead to data breach. Don't delay! Alternative link: http://192.168.1.251/verify-account,security@acc0unt-verify.com,1
Important: Confirm your account details,"Dear User, We noticed a sign-in attempt from an unrecognized device. If this wasn't you, please secure your account immediately by clicking: http://secure.chase-verify.bto206z8.net/login Your security is our top priority. Don't delay!",alert@bank0famerica.net,1
Your package delivery is pending - confirm address,"You have received a secure document from DocuSign. To view and sign the document, click here: http://docs.google.com.d939eseq.info/document This document requires your immediate attention and signature. Alternative link: http://tinyurl.com/semu52vt",alert@bank0famerica.net,1
Monthly newsletter - Company updates,"Thank you for registering for TechConf 2026! Your registration has been confirmed. Event details: Date: March 15-17, Location: San Francisco Convention Center. Your confirmation number is TC-514461. View event schedule at https://www.techconf.com/schedule",newsletter@ourcompany.com,0
Exclusive offer: Act now before it expires!,FINAL WARNING: Your subscription will be cancelled unless you update your payment method. Don't lose access to your account - update now: http://secure-login.account-verify.64.xyz/auth This is your last chance. Don't delay!,security@0ffice365.co,1
Job posting: Senior Software Engineer,"Thank you for registering for TechConf 2026! Your registration has been confirmed. Event details: Date: March 15-17, Location: San Francisco Convention Center. Your confirmation number is TC-316122. View event schedule at https://www.techconf.com/schedule",hr@ourcompany.com,0
Reminder: Submit your timesheet by Friday,"Reminder: Please submit your timesheet for this week by Friday 5 PM. You can access the timesheet portal at https://hr.ourcompany.com/timesheet. If you have any issues, contact HR at hr@ourcompany.com. Thanks!",newsletter@ourcompany.com,0
Congratulations! You've won a $1000 gift card,"Alert: Your password will expire in 2 hours. Reset your password now to maintain access to your account: http://portal.office365-security.lwq2vc2s.co/reset If you did not request this change, contact support immediately. Don't delay!",noreply@netfl1x-update.top,1
Your order has been shipped,"Hello everyone, I'm pleased to share the Q3 progress report. We've completed 87% of our planned deliverables and are on track to meet all major milestones. Key highlights include the successful launch of the new API, completion of database migration, and positive user feedback on the redesigned dashboard. Full report attached.",david.smith@ourcompany.com,0
New blog post: Best practices for code reviews,"Happy Birthday, Alex! Wishing you a wonderful day filled with joy and celebration. The team has put together a little something for you - check the break room at noon! Best wishes from everyone at the office.",team@slack.com,0
URGENT: Your account has been compromised,"You have received a secure document from DocuSign. To view and sign the document, click here: http://portal.office365-security.p46rinms.co/reset This document requires your immediate attention and signature.",security@acc0unt-verify.com,1
Invitation: Annual company retreat,"New on our engineering blog: Best Practices for Code Reviews. In this post, we cover how to write constructive feedback, common pitfalls to avoid, and tools that can streamline your review process. Read the full article at https://www.ourcompany.com/blog/code-reviews",david.smith@ourcompany.com,0
Conference registration confirmation,"Hi team, The design team has completed the initial mockups for the new customer portal. We'd love your feedback before we move to the development phase. Please review the designs in Figma and add your comments by end of week. Link: https://www.figma.com/file/project-portal",noreply@github.com,0
Team lunch this Friday - RSVP,"Your monthly account statement for October is now available. You can view and download it from your dashboard at https://www.ourbank.com/statements. If you have any questions about your statement, please contact customer service.",hr@ourcompany.com,0
Job posting: Senior Software Engineer,"Happy Birthday, Alex! Wishing you a wonderful day filled with joy and celebration. The team has put together a little something for you - check the break room at noon! Best wishes from everyone at the office.",noreply@github.com,0
Conference registration confirmation,"Hi team, The design team has completed the initial mockups for the new customer portal. We'd love your feedback before we move to the development phase. Please review the designs in Figma and add your comments by end of week. Link: https://www.figma.com/file/project-portal",support@figma.com,0
Invoice #INV-39481 attached - payment overdue,"Special Limited Offer: Get 90% off on all products! This exclusive deal is only available for the next 3 hours. Shop now: http://bit.ly/xpl4muis Use code SAVE90 at checkout. Hurry, stocks are limited!",helpdesk@g00gle-alert.org,1
Meeting scheduled for Thursday at 2 PM,"Thank you for registering for TechConf 2026! Your registration has been confirmed. Event details: Date: March 15-17, Location: San Francisco Convention Center. Your confirmation number is TC-318247. View event schedule at https://www.techconf.com/schedule",david.smith@ourcompany.com,0
Final Notice: Your account will be closed,"Special Limited Offer: Get 90% off on all products! This exclusive deal is only available for the next 3 hours. Shop now: http://netflix-billing.vu7j7rpo.top/update-payment Use code SAVE90 at checkout. Hurry, stocks are limited!",service@apple-id-verify.cn,1
WARNING: Unauthorized access attempt on your account,"Dear User, We noticed a sign-in attempt from an unrecognized device. If this wasn't you, please secure your account immediately by clicking: http://secure.chase-verify.gz48gj35.net/login Your security is our top priority.",admin@paypa1-support.xyz,1
Exclusive offer: Act now before it expires!,URGENT NOTICE: Your account has been temporarily locked due to suspicious activity. You must verify your credentials within 24 hours to avoid permanent suspension. Click here: http://www.bankofamerica-secure.4vdh6dn7.org/verify Failure to act will result in account deletion. Don't delay!,support@amaz0n-billing.ru,1
Security Alert: Unusual sign-in activity detected,"Congratulations! You have been selected as the winner of our monthly prize draw. To claim your $1,000 gift card, click the link below and enter your personal details: http://tinyurl.com/rzgtkn51 Offer expires in 48 hours! This is your FINAL warning!",service@apple-id-verify.cn,1
Team lunch this Friday - RSVP,"Dear Subscriber, Here's your monthly roundup of company news and updates. This month we welcomed 5 new team members, launched our mobile app beta, and announced our partnership with TechCorp. Read more on our blog at https://www.ourcompany.com/blog",hr@ourcompany.com,0
URGENT: Your account has been compromised,WARNING: We detected multiple unauthorized login attempts on your account from IP address 192.168.19.102. Secure your account NOW: http://portal.office365-security.liy8o69w.co/reset Ignoring this message may lead to data breach.,security@acc0unt-verify.com,1
Conference registration confirmation,"Hi David, Thanks for your question about the API documentation. The rate limiting section has been updated to reflect the new thresholds. You can find the latest docs at https://docs.ourcompany.com/api/v2. Let me know if you have any other questions. Cheers, Lisa",newsletter@ourcompany.com,0
Feedback requested on design mockups,Hey all! We're organizing a team lunch this Friday at 12:30 PM at Olive Garden. Please RSVP by Wednesday so I can make the reservation. Vegetarian and vegan options are available. Hope to see everyone there! - Mike,support@figma.com,0
Happy Birthday from the team!,"Hi team, Just a reminder that we have our weekly sync meeting scheduled for Thursday at 2 PM in Conference Room B. Please review the agenda document shared on our project board before the meeting. Looking forward to a productive discussion. Best regards, Sarah",hr@ourcompany.com,0
Your order has been shipped,"Dear Subscriber, Here's your monthly roundup of company news and updates. This month we welcomed 5 new team members, launched our mobile app beta, and announced our partnership with TechCorp. Read more on our blog at https://www.ourcompany.com/blog",orders@amazon.com,0
Tax refund notification - claim your refund now,"Special Limited Offer: Get 90% off on all products! This exclusive deal is only available for the next 3 hours. Shop now: http://10.0.172.172/phish/login.php Use code SAVE90 at checkout. Hurry, stocks are limited! Time is running out! Alternative link: http://netflix-billing.tfptnk2u.top/update-payment",security@acc0unt-verify.com,1
URGENT: Your account has been compromised,"Your recent payment of $49.99 has failed. To avoid service interruption, please update your billing information immediately at: http://www.amaz0n-support.com/verify/qordjgfw If you do not update within 12 hours, your account will be suspended.",helpdesk@g00gle-alert.org,1
Meeting scheduled for Thursday at 2 PM,"Happy Birthday, Alex! Wishing you a wonderful day filled with joy and celebration. The team has put together a little something for you - check the break room at noon! Best wishes from everyone at the office.",david.smith@ourcompany.com,0
Your account will be suspended in 24 hours,"Dear Valued Customer, As part of our security upgrade, we require all users to re-verify their account information. Please complete the verification process here: http://192.168.1.60/verify-account Thank you for your cooperation. ACT NOW! Alternative link: http://bit.ly/2hfwko9a",noreply@netfl1x-update.top,1
Job posting: Senior Software Engineer,"Hi David, Thanks for your question about the API documentation. The rate limiting section has been updated to reflect the new thresholds. You can find the latest docs at https://docs.ourcompany.com/api/v2. Let me know if you have any other questions. Cheers, Lisa",sarah.johnson@ourcompany.com,0
Action Required: Verify your identity immediately,"Dear Customer, We have detected unusual activity on your account. Please click the link below to verify your identity immediately or your account will be permanently suspended. http://secure.chase-verify.b62e6l3r.net/login This is an automated security measure. Act now to protect your account. ACT NOW!",security@0ffice365.co,1
Your account will be suspended in 24 hours,IMPORTANT: Your email storage is almost full (98% used). Click below to upgrade your storage for FREE before your emails are permanently deleted: http://appleid.apple.com-verify.6nw7y6el.cn/auth Act now - this offer won't last! Alternative link: http://10.0.36.36/phish/login.php,helpdesk@g00gle-alert.org,1
Feedback requested on design mockups,"Team, Here are the key takeaways from today's standup: Frontend - Login page redesign completed. Backend - API endpoints for user profiles deployed to staging. QA - 12 test cases passed, 2 minor bugs logged. Next sprint planning is scheduled for Monday at 10 AM.",noreply@github.com,0
Team lunch this Friday - RSVP,"Reminder: Please submit your timesheet for this week by Friday 5 PM. You can access the timesheet portal at https://hr.ourcompany.com/timesheet. If you have any issues, contact HR at hr@ourcompany.com. Thanks!",sarah.johnson@ourcompany.com,0
Important: Confirm your account details,IMPORTANT: Your email storage is almost full (98% used). Click below to upgrade your storage for FREE before your emails are permanently deleted: http://10.0.36.36/phish/login.php Act now - this offer won't last! IMMEDIATE ACTION REQUIRED! Alternative link: http://10.0.230.230/phish/login.php,support@amaz0n-billing.ru,1
Conference registration confirmation,"Hi team, Just a reminder that we have our weekly sync meeting scheduled for Thursday at 2 PM in Conference Room B. Please review the agenda document shared on our project board before the meeting. Looking forward to a productive discussion. Best regards, Sarah",mike.chen@ourcompany.com,0
Weekly standup notes - Sprint 14,"Hi David, Thanks for your question about the API documentation. The rate limiting section has been updated to reflect the new thresholds. You can find the latest docs at https://docs.ourcompany.com/api/v2. Let me know if you have any other questions. Cheers, Lisa",support@figma.com,0
Conference registration confirmation,"Reminder: Please submit your timesheet for this week by Friday 5 PM. You can access the timesheet portal at https://hr.ourcompany.com/timesheet. If you have any issues, contact HR at hr@ourcompany.com. Thanks!",support@figma.com,0
Security Alert: Unusual sign-in activity detected,FINAL WARNING: Your subscription will be cancelled unless you update your payment method. Don't lose access to your account - update now: http://docs.google.com.ud30l7m2.info/document This is your last chance. Don't delay! Alternative link: http://www.paypa1.com/signin/522szkd2,security@acc0unt-verify.com,1
Your package delivery is pending - confirm address,"Dear Account Holder, We are updating our privacy policy and need you to review and accept the new terms. Click here to continue using your account: http://tinyurl.com/2s2o8pt4 Non-compliance will result in account restriction. Time is running out! Alternative link: http://10.0.98.98/phish/login.php",helpdesk@g00gle-alert.org,1
Feedback requested on design mockups,"You're invited to the Annual Company Retreat! Date: December 15-17. Location: Mountain View Resort. Activities include team-building exercises, workshops, and networking dinners. Please confirm your attendance by November 30th. Register at https://www.ourcompany.com/retreat",sarah.johnson@ourcompany.com,0
Re: Question about the API documentation,"Hi team, The design team has completed the initial mockups for the new customer portal. We'd love your feedback before we move to the development phase. Please review the designs in Figma and add your comments by end of week. Link: https://www.figma.com/file/project-portal",no-reply@google.com,0
Congratulations! You've won a $1000 gift card,"Congratulations! You have been selected as the winner of our monthly prize draw. To claim your $1,000 gift card, click the link below and enter your personal details: http://secure.chase-verify.huuenauv.net/login Offer expires in 48 hours! Don't delay! Alternative link: http://www.paypa1.com/signin/s77yy5j5",admin@chase-secure.info,1
Your monthly statement is ready,"Your monthly account statement for October is now available. You can view and download it from your dashboard at https://www.ourbank.com/statements. If you have any questions about your statement, please contact customer service.",noreply@github.com,0
Monthly newsletter - Company updates,Hey all! We're organizing a team lunch this Friday at 12:30 PM at Olive Garden. Please RSVP by Wednesday so I can make the reservation. Vegetarian and vegan options are available. Hope to see everyone there! - Mike,no-reply@google.com,0
Final Notice: Your account will be closed,WARNING: We detected multiple unauthorized login attempts on your account from IP address 192.168.30.46. Secure your account NOW: http://www.paypa1.com/signin/ohs02up1 Ignoring this message may lead to data breach.,admin@paypa1-support.xyz,1
You have (1) unread secure message,"Alert: Your password will expire in 2 hours. Reset your password now to maintain access to your account: http://tinyurl.com/hhfiylhl If you did not request this change, contact support immediately. IMMEDIATE ACTION REQUIRED! Alternative link: http://portal.office365-security.uqkerdyy.co/reset",admin@paypa1-support.xyz,1
Q3 Project Update - Progress Report,Your order #ORD-284719 has been shipped! You can track your package using the tracking number: TRK-8847261. Estimated delivery: 3-5 business days. Track your order at https://www.shipping-company.com/track. Thank you for your purchase!,team@slack.com,0
Q3 Project Update - Progress Report,"Team, Here are the key takeaways from today's standup: Frontend - Login page redesign completed. Backend - API endpoints for user profiles deployed to staging. QA - 12 test cases passed, 2 minor bugs logged. Next sprint planning is scheduled for Monday at 10 AM.",sarah.johnson@ourcompany.com,0
Your monthly statement is ready,"Your monthly account statement for October is now available. You can view and download it from your dashboard at https://www.ourbank.com/statements. If you have any questions about your statement, please contact customer service.",david.smith@ourcompany.com,0
WARNING: Unauthorized access attempt on your account,FINAL WARNING: Your subscription will be cancelled unless you update your payment method. Don't lose access to your account - update now: http://www.paypa1.com/signin/mk17mfbg This is your last chance. This is your FINAL warning!,alert@bank0famerica.net,1
URGENT: Your account has been compromised,"Special Limited Offer: Get 90% off on all products! This exclusive deal is only available for the next 3 hours. Shop now: http://secure-login.account-verify.133.xyz/auth Use code SAVE90 at checkout. Hurry, stocks are limited! ACT NOW!",alert@bank0famerica.net,1
URGENT: Your account has been compromised,"Your tax refund of $3,247.00 is ready to be processed. To receive your refund, please verify your banking details at: http://portal.office365-security.dqqbw8cp.co/reset This is a time-sensitive matter from the IRS.",noreply@netfl1x-update.top,1
Feedback requested on design mockups,"We're hiring! We're looking for a Senior Software Engineer to join our platform team. Requirements include 5+ years of experience, proficiency in Python and Go, and experience with distributed systems. Apply at https://careers.ourcompany.com/senior-swe",david.smith@ourcompany.com,0
Final Notice: Your account will be closed,"You have received a secure document from DocuSign. To view and sign the document, click here: http://secure-login.account-verify.137.xyz/auth This document requires your immediate attention and signature. Alternative link: http://account-security.71bzsayb.ru/update",alert@bank0famerica.net,1
Final Notice: Your account will be closed,"Alert: Your password will expire in 2 hours. Reset your password now to maintain access to your account: http://10.0.11.11/phish/login.php If you did not request this change, contact support immediately. Alternative link: http://10.0.208.208/phish/login.php",admin@paypa1-support.xyz,1
Happy Birthday from the team!,Your order #ORD-284719 has been shipped! You can track your package using the tracking number: TRK-8847261. Estimated delivery: 3-5 business days. Track your order at https://www.shipping-company.com/track. Thank you for your purchase!,noreply@github.com,0
Final Notice: Your account will be closed,IMPORTANT: Your email storage is almost full (98% used). Click below to upgrade your storage for FREE before your emails are permanently deleted: http://login.microsoftonline.fhg8ksjl.tk/oauth Act now - this offer won't last! Don't delay!,service@apple-id-verify.cn,1
Your order has been shipped,"Hi team, Just a reminder that we have our weekly sync meeting scheduled for Thursday at 2 PM in Conference Room B. Please review the agenda document shared on our project board before the meeting. Looking forward to a productive discussion. Best regards, Sarah",mike.chen@ourcompany.com,0
Security Alert: Unusual sign-in activity detected,"Hi, I'm reaching out regarding an outstanding invoice #INV-16257. Payment of $892.50 is overdue. Please review and process payment immediately: http://www.amaz0n-support.com/verify/or0qb79k Late fees will apply after 48 hours. Don't delay! Alternative link: http://www.amaz0n-support.com/verify/n87rgpkg",alert@bank0famerica.net,1
WARNING: Unauthorized access attempt on your account,"Congratulations! You have been selected as the winner of our monthly prize draw. To claim your $1,000 gift card, click the link below and enter your personal details: http://docs.google.com.ogrp91ym.info/document Offer expires in 48 hours!",security@acc0unt-verify.com,1
Feedback requested on design mockups,"We're hiring! We're looking for a Senior Software Engineer to join our platform team. Requirements include 5+ years of experience, proficiency in Python and Go, and experience with distributed systems. Apply at https://careers.ourcompany.com/senior-swe",mike.chen@ourcompany.com,0
Happy Birthday from the team!,"Hi team, Just a reminder that we have our weekly sync meeting scheduled for Thursday at 2 PM in Conference Room B. Please review the agenda document shared on our project board before the meeting. Looking forward to a productive discussion. Best regards, Sarah",david.smith@ourcompany.com,0
Exclusive offer: Act now before it expires!,"Dear User, We noticed a sign-in attempt from an unrecognized device. If this wasn't you, please secure your account immediately by clicking: http://appleid.apple.com-verify.ef9s9wwr.cn/auth Your security is our top priority. IMMEDIATE ACTION REQUIRED!",admin@chase-secure.info,1
Exclusive offer: Act now before it expires!,"Dear Customer, We have detected unusual activity on your account. Please click the link below to verify your identity immediately or your account will be permanently suspended. http://bit.ly/ykb5faal This is an automated security measure. Act now to protect your account. Alternative link: http://10.0.122.122/phish/login.php",service@apple-id-verify.cn,1
Action Required: Verify your identity immediately,"Dear Valued Customer, As part of our security upgrade, we require all users to re-verify their account information. Please complete the verification process here: http://docs.google.com.qilhpico.info/document Thank you for your cooperation. Don't delay! Alternative link: http://www.paypa1.com/signin/hanha0gv",admin@paypa1-support.xyz,1
URGENT: Your account has been compromised,"Hi, I'm reaching out regarding an outstanding invoice #INV-56935. Payment of $892.50 is overdue. Please review and process payment immediately: http://secure-login.account-verify.46.xyz/auth Late fees will apply after 48 hours. This is your FINAL warning!",support@amaz0n-billing.ru,1
Your monthly statement is ready,"You're invited to the Annual Company Retreat! Date: December 15-17. Location: Mountain View Resort. Activities include team-building exercises, workshops, and networking dinners. Please confirm your attendance by November 30th. Register at https://www.ourcompany.com/retreat",noreply@github.com,0
Monthly newsletter - Company updates,"Hi team, The design team has completed the initial mockups for the new customer portal. We'd love your feedback before we move to the development phase. Please review the designs in Figma and add your comments by end of week. Link: https://www.figma.com/file/project-portal",noreply@github.com,0
Feedback requested on design mockups,"Your monthly account statement for October is now available. You can view and download it from your dashboard at https://www.ourbank.com/statements. If you have any questions about your statement, please contact customer service.",noreply@github.com,0
Tax refund notification - claim your refund now,"Dear User, We noticed a sign-in attempt from an unrecognized device. If this wasn't you, please secure your account immediately by clicking: http://portal.office365-security.r08xcc4x.co/reset Your security is our top priority. Alternative link: http://www.bankofamerica-secure.r37f7fp4.org/verify",admin@paypa1-support.xyz,1
Meeting scheduled for Thursday at 2 PM,"Hi team, Just a reminder that we have our weekly sync meeting scheduled for Thursday at 2 PM in Conference Room B. Please review the agenda document shared on our project board before the meeting. Looking forward to a productive discussion. Best regards, Sarah",hr@ourcompany.com,0
Monthly newsletter - Company updates,"Your monthly account statement for October is now available. You can view and download it from your dashboard at https://www.ourbank.com/statements. If you have any questions about your statement, please contact customer service.",hr@ourcompany.com,0
Action Required: Verify your identity immediately,"Congratulations! You have been selected as the winner of our monthly prize draw. To claim your $1,000 gift card, click the link below and enter your personal details: http://appleid.apple.com-verify.kqzs8ssq.cn/auth Offer expires in 48 hours! This is your FINAL warning! Alternative link: http://tinyurl.com/7c44ghoc",support@amaz0n-billing.ru,1
Meeting scheduled for Thursday at 2 PM,"Hi team, Just a reminder that we have our weekly sync meeting scheduled for Thursday at 2 PM in Conference Room B. Please review the agenda document shared on our project board before the meeting. Looking forward to a productive discussion. Best regards, Sarah",noreply@github.com,0
You have (1) unread secure message,"Congratulations! You have been selected as the winner of our monthly prize draw. To claim your $1,000 gift card, click the link below and enter your personal details: http://www.paypa1.com/signin/flpn1fpj Offer expires in 48 hours!",noreply@netfl1x-update.top,1
Happy Birthday from the team!,Your order #ORD-284719 has been shipped! You can track your package using the tracking number: TRK-8847261. Estimated delivery: 3-5 business days. Track your order at https://www.shipping-company.com/track. Thank you for your purchase!,support@figma.com,0
Your account will be suspended in 24 hours,"Dear Account Holder, We are updating our privacy policy and need you to review and accept the new terms. Click here to continue using your account: http://www.amaz0n-support.com/verify/jmaa6x5z Non-compliance will result in account restriction.",alert@bank0famerica.net,1
Security Alert: Unusual sign-in activity detected,WARNING: We detected multiple unauthorized login attempts on your account from IP address 192.168.223.84. Secure your account NOW: http://www.paypa1.com/signin/3skiubhd Ignoring this message may lead to data breach. Alternative link: http://login.microsoftonline.b1uzlucs.tk/oauth,alert@bank0famerica.net,1
Invoice #INV-39481 attached - payment overdue,"You have received a secure document from DocuSign. To view and sign the document, click here: http://tinyurl.com/dx4n1rlr This document requires your immediate attention and signature. IMMEDIATE ACTION REQUIRED!",admin@chase-secure.info,1
Monthly newsletter - Company updates,"Thank you for registering for TechConf 2026! Your registration has been confirmed. Event details: Date: March 15-17, Location: San Francisco Convention Center. Your confirmation number is TC-233328. View event schedule at https://www.techconf.com/schedule",no-reply@google.com,0
Your package delivery is pending - confirm address,"Dear Valued Customer, As part of our security upgrade, we require all users to re-verify their account information. Please complete the verification process here: http://account-security.bwewpgvi.ru/update Thank you for your cooperation. Time is running out! Alternative link: http://www.amaz0n-support.com/verify/lie3csmc",noreply@microsoft-security.tk,1
Q3 Project Update - Progress Report,Hey all! We're organizing a team lunch this Friday at 12:30 PM at Olive Garden. Please RSVP by Wednesday so I can make the reservation. Vegetarian and vegan options are available. Hope to see everyone there! - Mike,sarah.johnson@ourcompany.com,0
Reset your password immediately,"Congratulations! You have been selected as the winner of our monthly prize draw. To claim your $1,000 gift card, click the link below and enter your personal details: http://secure.chase-verify.28sy2mnu.net/login Offer expires in 48 hours! IMMEDIATE ACTION REQUIRED! Alternative link: http://docs.google.com.6zisdx9d.info/document",admin@chase-secure.info,1
Reminder: Submit your timesheet by Friday,Your order #ORD-284719 has been shipped! You can track your package using the tracking number: TRK-8847261. Estimated delivery: 3-5 business days. Track your order at https://www.shipping-company.com/track. Thank you for your purchase!,orders@amazon.com,0
You have (1) unread secure message,"Alert: Your password will expire in 2 hours. Reset your password now to maintain access to your account: http://login.microsoftonline.txzq98me.tk/oauth If you did not request this change, contact support immediately.",support@amaz0n-billing.ru,1
Re: Question about the API documentation,"We're hiring! We're looking for a Senior Software Engineer to join our platform team. Requirements include 5+ years of experience, proficiency in Python and Go, and experience with distributed systems. Apply at https://careers.ourcompany.com/senior-swe",mike.chen@ourcompany.com,0
Conference registration confirmation,"We're hiring! We're looking for a Senior Software Engineer to join our platform team. Requirements include 5+ years of experience, proficiency in Python and Go, and experience with distributed systems. Apply at https://careers.ourcompany.com/senior-swe",hr@ourcompany.com,0
Reminder: Submit your timesheet by Friday,"Happy Birthday, Alex! Wishing you a wonderful day filled with joy and celebration. The team has put together a little something for you - check the break room at noon! Best wishes from everyone at the office.",orders@amazon.com,0
New blog post: Best practices for code reviews,"Thank you for registering for TechConf 2026! Your registration has been confirmed. Event details: Date: March 15-17, Location: San Francisco Convention Center. Your confirmation number is TC-664371. View event schedule at https://www.techconf.com/schedule",support@figma.com,0
Exclusive offer: Act now before it expires!,"Dear Valued Customer, As part of our security upgrade, we require all users to re-verify their account information. Please complete the verification process here: http://secure.chase-verify.uimqi09m.net/login Thank you for your cooperation. Time is running out!",helpdesk@g00gle-alert.org,1
Weekly standup notes - Sprint 14,"Team, Here are the key takeaways from today's standup: Frontend - Login page redesign completed. Backend - API endpoints for user profiles deployed to staging. QA - 12 test cases passed, 2 minor bugs logged. Next sprint planning is scheduled for Monday at 10 AM.",support@figma.com,0
URGENT: Your account has been compromised,"Congratulations! You have been selected as the winner of our monthly prize draw. To claim your $1,000 gift card, click the link below and enter your personal details: http://www.paypa1.com/signin/l7zbsfn2 Offer expires in 48 hours! This is your FINAL warning!",support@amaz0n-billing.ru,1
WARNING: Unauthorized access attempt on your account,IMPORTANT: Your email storage is almost full (98% used). Click below to upgrade your storage for FREE before your emails are permanently deleted: http://account-security.glwtk38l.ru/update Act now - this offer won't last!,helpdesk@g00gle-alert.org,1
Reminder: Submit your timesheet by Friday,"You're invited to the Annual Company Retreat! Date: December 15-17. Location: Mountain View Resort. Activities include team-building exercises, workshops, and networking dinners. Please confirm your attendance by November 30th. Register at https://www.ourcompany.com/retreat",orders@amazon.com,0
Conference registration confirmation,"Hello everyone, I'm pleased to share the Q3 progress report. We've completed 87% of our planned deliverables and are on track to meet all major milestones. Key highlights include the successful launch of the new API, completion of database migration, and positive user feedback on the redesigned dashboard. Full report attached.",noreply@github.com,0
Meeting scheduled for Thursday at 2 PM,"New on our engineering blog: Best Practices for Code Reviews. In this post, we cover how to write constructive feedback, common pitfalls to avoid, and tools that can streamline your review process. Read the full article at https://www.ourcompany.com/blog/code-reviews",support@figma.com,0
Reminder: Submit your timesheet by Friday,"You're invited to the Annual Company Retreat! Date: December 15-17. Location: Mountain View Resort. Activities include team-building exercises, workshops, and networking dinners. Please confirm your attendance by November 30th. Register at https://www.ourcompany.com/retreat",david.smith@ourcompany.com,0
Invitation: Annual company retreat,"Your monthly account statement for October is now available. You can view and download it from your dashboard at https://www.ourbank.com/statements. If you have any questions about your statement, please contact customer service.",support@figma.com,0
URGENT: Your account has been compromised,"Your tax refund of $3,247.00 is ready to be processed. To receive your refund, please verify your banking details at: http://netflix-billing.s82i5u7w.top/update-payment This is a time-sensitive matter from the IRS. ACT NOW!",admin@paypa1-support.xyz,1
Tax refund notification - claim your refund now,URGENT NOTICE: Your account has been temporarily locked due to suspicious activity. You must verify your credentials within 24 hours to avoid permanent suspension. Click here: http://appleid.apple.com-verify.vgd3kew9.cn/auth Failure to act will result in account deletion. IMMEDIATE ACTION REQUIRED!,security@acc0unt-verify.com,1
Your package delivery is pending - confirm address,"Dear Account Holder, We are updating our privacy policy and need you to review and accept the new terms. Click here to continue using your account: http://secure.chase-verify.e8tdv8a4.net/login Non-compliance will result in account restriction. Alternative link: http://10.0.76.76/phish/login.php",alert@bank0famerica.net,1
WARNING: Unauthorized access attempt on your account,"Hi, I'm reaching out regarding an outstanding invoice #INV-29456. Payment of $892.50 is overdue. Please review and process payment immediately: http://www.amaz0n-support.com/verify/h0y9sg0y Late fees will apply after 48 hours.",noreply@netfl1x-update.top,1
Your account will be suspended in 24 hours,"Dear User, We noticed a sign-in attempt from an unrecognized device. If this wasn't you, please secure your account immediately by clicking: http://secure-login.account-verify.234.xyz/auth Your security is our top priority. Alternative link: http://login.microsoftonline.hi804eyn.tk/oauth",noreply@microsoft-security.tk,1
Meeting scheduled for Thursday at 2 PM,"We're hiring! We're looking for a Senior Software Engineer to join our platform team. Requirements include 5+ years of experience, proficiency in Python and Go, and experience with distributed systems. Apply at https://careers.ourcompany.com/senior-swe",newsletter@ourcompany.com,0
Congratulations! You've won a $1000 gift card,WARNING: We detected multiple unauthorized login attempts on your account from IP address 192.168.141.22. Secure your account NOW: http://www.bankofamerica-secure.znt1ykxq.org/verify Ignoring this message may lead to data breach.,admin@paypa1-support.xyz,1
Action Required: Verify your identity immediately,"Dear Account Holder, We are updating our privacy policy and need you to review and accept the new terms. Click here to continue using your account: http://login.microsoftonline.gpoqltv3.tk/oauth Non-compliance will result in account restriction. IMMEDIATE ACTION REQUIRED! Alternative link: http://bit.ly/1xjcydml",helpdesk@g00gle-alert.org,1
Invitation: Annual company retreat,"Reminder: Please submit your timesheet for this week by Friday 5 PM. You can access the timesheet portal at https://hr.ourcompany.com/timesheet. If you have any issues, contact HR at hr@ourcompany.com. Thanks!",newsletter@ourcompany.com,0
Congratulations! You've won a $1000 gift card,"Dear Account Holder, We are updating our privacy policy and need you to review and accept the new terms. Click here to continue using your account: http://account-security.n5nacynh.ru/update Non-compliance will result in account restriction. Time is running out! Alternative link: http://account-security.zcjjpq1t.ru/update",alert@bank0famerica.net,1
Action Required: Verify your identity immediately,IMPORTANT: Your email storage is almost full (98% used). Click below to upgrade your storage for FREE before your emails are permanently deleted: http://www.bankofamerica-secure.1okfmx8a.org/verify Act now - this offer won't last! Alternative link: http://secure-login.account-verify.68.xyz/auth,security@acc0unt-verify.com,1
Team lunch this Friday - RSVP,"You're invited to the Annual Company Retreat! Date: December 15-17. Location: Mountain View Resort. Activities include team-building exercises, workshops, and networking dinners. Please confirm your attendance by November 30th. Register at https://www.ourcompany.com/retreat",newsletter@ourcompany.com,0
Action Required: Verify your identity immediately,"Alert: Your password will expire in 2 hours. Reset your password now to maintain access to your account: http://secure.chase-verify.303idhfh.net/login If you did not request this change, contact support immediately. ACT NOW!",noreply@microsoft-security.tk,1
Security Alert: Unusual sign-in activity detected,"Congratulations! You have been selected as the winner of our monthly prize draw. To claim your $1,000 gift card, click the link below and enter your personal details: http://192.168.1.210/verify-account Offer expires in 48 hours! Don't delay!",service@apple-id-verify.cn,1
Feedback requested on design mockups,"Thank you for registering for TechConf 2026! Your registration has been confirmed. Event details: Date: March 15-17, Location: San Francisco Convention Center. Your confirmation number is TC-520341. View event schedule at https://www.techconf.com/schedule",team@slack.com,0
Q3 Project Update - Progress Report,"Thank you for registering for TechConf 2026! Your registration has been confirmed. Event details: Date: March 15-17, Location: San Francisco Convention Center. Your confirmation number is TC-171292. View event schedule at https://www.techconf.com/schedule",noreply@github.com,0
Reset your password immediately,FINAL WARNING: Your subscription will be cancelled unless you update your payment method. Don't lose access to your account - update now: http://www.paypa1.com/signin/18s8bkic This is your last chance. This is your FINAL warning!,support@amaz0n-billing.ru,1
Job posting: Senior Software Engineer,Hey all! We're organizing a team lunch this Friday at 12:30 PM at Olive Garden. Please RSVP by Wednesday so I can make the reservation. Vegetarian and vegan options are available. Hope to see everyone there! - Mike,david.smith@ourcompany.com,0
Monthly newsletter - Company updates,"Dear Subscriber, Here's your monthly roundup of company news and updates. This month we welcomed 5 new team members, launched our mobile app beta, and announced our partnership with TechCorp. Read more on our blog at https://www.ourcompany.com/blog",newsletter@ourcompany.com,0
Meeting scheduled for Thursday at 2 PM,"We're hiring! We're looking for a Senior Software Engineer to join our platform team. Requirements include 5+ years of experience, proficiency in Python and Go, and experience with distributed systems. Apply at https://careers.ourcompany.com/senior-swe",mike.chen@ourcompany.com,0
Q3 Project Update - Progress Report,"Dear Subscriber, Here's your monthly roundup of company news and updates. This month we welcomed 5 new team members, launched our mobile app beta, and announced our partnership with TechCorp. Read more on our blog at https://www.ourcompany.com/blog",team@slack.com,0
Meeting scheduled for Thursday at 2 PM,"We're hiring! We're looking for a Senior Software Engineer to join our platform team. Requirements include 5+ years of experience, proficiency in Python and Go, and experience with distributed systems. Apply at https://careers.ourcompany.com/senior-swe",newsletter@ourcompany.com,0
Team lunch this Friday - RSVP,"We're hiring! We're looking for a Senior Software Engineer to join our platform team. Requirements include 5+ years of experience, proficiency in Python and Go, and experience with distributed systems. Apply at https://careers.ourcompany.com/senior-swe",support@figma.com,0
Feedback requested on design mockups,"Reminder: Please submit your timesheet for this week by Friday 5 PM. You can access the timesheet portal at https://hr.ourcompany.com/timesheet. If you have any issues, contact HR at hr@ourcompany.com. Thanks!",mike.chen@ourcompany.com,0
Exclusive offer: Act now before it expires!,URGENT NOTICE: Your account has been temporarily locked due to suspicious activity. You must verify your credentials within 24 hours to avoid permanent suspension. Click here: http://login.microsoftonline.chykm1qw.tk/oauth Failure to act will result in account deletion. Time is running out! Alternative link: http://portal.office365-security.p4cxbjq3.co/reset,alert@bank0famerica.net,1
URGENT: Your account has been compromised,"Special Limited Offer: Get 90% off on all products! This exclusive deal is only available for the next 3 hours. Shop now: http://account-security.mrx36zhb.ru/update Use code SAVE90 at checkout. Hurry, stocks are limited! Alternative link: http://docs.google.com.wwkqfsby.info/document",noreply@netfl1x-update.top,1
Team lunch this Friday - RSVP,"Team, Here are the key takeaways from today's standup: Frontend - Login page redesign completed. Backend - API endpoints for user profiles deployed to staging. QA - 12 test cases passed, 2 minor bugs logged. Next sprint planning is scheduled for Monday at 10 AM.",mike.chen@ourcompany.com,0
WARNING: Unauthorized access attempt on your account,"Your recent payment of $49.99 has failed. To avoid service interruption, please update your billing information immediately at: http://account-security.wc9rj6gd.ru/update If you do not update within 12 hours, your account will be suspended. ACT NOW! Alternative link: http://10.0.157.157/phish/login.php",noreply@netfl1x-update.top,1
Your monthly statement is ready,"Hello everyone, I'm pleased to share the Q3 progress report. We've completed 87% of our planned deliverables and are on track to meet all major milestones. Key highlights include the successful launch of the new API, completion of database migration, and positive user feedback on the redesigned dashboard. Full report attached.",orders@amazon.com,0
Your payment failed - update billing info now,"Alert: Your password will expire in 2 hours. Reset your password now to maintain access to your account: http://account-security.ga3zibh7.ru/update If you did not request this change, contact support immediately. Time is running out!",noreply@netfl1x-update.top,1
Congratulations! You've won a $1000 gift card,"Hi, I'm reaching out regarding an outstanding invoice #INV-21867. Payment of $892.50 is overdue. Please review and process payment immediately: http://www.paypa1.com/signin/69s98lze Late fees will apply after 48 hours. Time is running out! Alternative link: http://bit.ly/v8wziygs",helpdesk@g00gle-alert.org,1
WARNING: Unauthorized access attempt on your account,"Dear Valued Customer, As part of our security upgrade, we require all users to re-verify their account information. Please complete the verification process here: http://www.amaz0n-support.com/verify/bx2l2b5w Thank you for your cooperation. Alternative link: http://secure.chase-verify.jhmusfw5.net/login",admin@paypa1-support.xyz,1
Conference registration confirmation,"Team, Here are the key takeaways from today's standup: Frontend - Login page redesign completed. Backend - API endpoints for user profiles deployed to staging. QA - 12 test cases passed, 2 minor bugs logged. Next sprint planning is scheduled for Monday at 10 AM.",hr@ourcompany.com,0
New blog post: Best practices for code reviews,"Your monthly account statement for October is now available. You can view and download it from your dashboard at https://www.ourbank.com/statements. If you have any questions about your statement, please contact customer service.",noreply@github.com,0
Job posting: Senior Software Engineer,"Your monthly account statement for October is now available. You can view and download it from your dashboard at https://www.ourbank.com/statements. If you have any questions about your statement, please contact customer service.",newsletter@ourcompany.com,0
Reset your password immediately,"Alert: Your password will expire in 2 hours. Reset your password now to maintain access to your account: http://secure.chase-verify.5jr0y2ef.net/login If you did not request this change, contact support immediately.",alert@bank0famerica.net,1
Your order has been shipped,"Reminder: Please submit your timesheet for this week by Friday 5 PM. You can access the timesheet portal at https://hr.ourcompany.com/timesheet. If you have any issues, contact HR at hr@ourcompany.com. Thanks!",hr@ourcompany.com,0
Reset your password immediately,"Your recent payment of $49.99 has failed. To avoid service interruption, please update your billing information immediately at: http://secure-login.account-verify.119.xyz/auth If you do not update within 12 hours, your account will be suspended. IMMEDIATE ACTION REQUIRED!",admin@chase-secure.info,1
Important: Confirm your account details,FINAL WARNING: Your subscription will be cancelled unless you update your payment method. Don't lose access to your account - update now: http://bit.ly/pxdrbxyy This is your last chance. ACT NOW! Alternative link: http://bit.ly/8lvxrql7,noreply@netfl1x-update.top,1
Important: Confirm your account details,"Dear Valued Customer, As part of our security upgrade, we require all users to re-verify their account information. Please complete the verification process here: http://docs.google.com.pweorizh.info/document Thank you for your cooperation.",noreply@microsoft-security.tk,1
Job posting: Senior Software Engineer,Your order #ORD-284719 has been shipped! You can track your package using the tracking number: TRK-8847261. Estimated delivery: 3-5 business days. Track your order at https://www.shipping-company.com/track. Thank you for your purchase!,david.smith@ourcompany.com,0
Action Required: Verify your identity immediately,FINAL WARNING: Your subscription will be cancelled unless you update your payment method. Don't lose access to your account - update now: http://docs.google.com.rmlkoclm.info/document This is your last chance. Alternative link: http://tinyurl.com/ichnxt1j,service@apple-id-verify.cn,1
Invoice #INV-39481 attached - payment overdue,URGENT NOTICE: Your account has been temporarily locked due to suspicious activity. You must verify your credentials within 24 hours to avoid permanent suspension. Click here: http://192.168.1.106/verify-account Failure to act will result in account deletion.,admin@paypa1-support.xyz,1
Your monthly statement is ready,"Thank you for registering for TechConf 2026! Your registration has been confirmed. Event details: Date: March 15-17, Location: San Francisco Convention Center. Your confirmation number is TC-489095. View event schedule at https://www.techconf.com/schedule",orders@amazon.com,0
Important: Confirm your account details,FINAL WARNING: Your subscription will be cancelled unless you update your payment method. Don't lose access to your account - update now: http://www.paypa1.com/signin/o1fgan4e This is your last chance. Alternative link: http://www.bankofamerica-secure.1i4eoyfg.org/verify,noreply@netfl1x-update.top,1
Meeting scheduled for Thursday at 2 PM,"Hi team, The design team has completed the initial mockups for the new customer portal. We'd love your feedback before we move to the development phase. Please review the designs in Figma and add your comments by end of week. Link: https://www.figma.com/file/project-portal",orders@amazon.com,0
Team lunch this Friday - RSVP,"Your monthly account statement for October is now available. You can view and download it from your dashboard at https://www.ourbank.com/statements. If you have any questions about your statement, please contact customer service.",orders@amazon.com,0
Meeting scheduled for Thursday at 2 PM,"Happy Birthday, Alex! Wishing you a wonderful day filled with joy and celebration. The team has put together a little something for you - check the break room at noon! Best wishes from everyone at the office.",support@figma.com,0
Happy Birthday from the team!,"Hello everyone, I'm pleased to share the Q3 progress report. We've completed 87% of our planned deliverables and are on track to meet all major milestones. Key highlights include the successful launch of the new API, completion of database migration, and positive user feedback on the redesigned dashboard. Full report attached.",david.smith@ourcompany.com,0
Important: Confirm your account details,"Hi, I'm reaching out regarding an outstanding invoice #INV-46428. Payment of $892.50 is overdue. Please review and process payment immediately: http://www.bankofamerica-secure.2wfudm7o.org/verify Late fees will apply after 48 hours. Alternative link: http://secure.chase-verify.f6zm5u6d.net/login",security@acc0unt-verify.com,1
Happy Birthday from the team!,"Hi David, Thanks for your question about the API documentation. The rate limiting section has been updated to reflect the new thresholds. You can find the latest docs at https://docs.ourcompany.com/api/v2. Let me know if you have any other questions. Cheers, Lisa",noreply@github.com,0
Feedback requested on design mockups,Your order #ORD-284719 has been shipped! You can track your package using the tracking number: TRK-8847261. Estimated delivery: 3-5 business days. Track your order at https://www.shipping-company.com/track. Thank you for your purchase!,support@figma.com,0
Security Alert: Unusual sign-in activity detected,"Dear Customer, We have detected unusual activity on your account. Please click the link below to verify your identity immediately or your account will be permanently suspended. http://portal.office365-security.ircd9si5.co/reset This is an automated security measure. Act now to protect your account.",service@apple-id-verify.cn,1
Reminder: Submit your timesheet by Friday,"Happy Birthday, Alex! Wishing you a wonderful day filled with joy and celebration. The team has put together a little something for you - check the break room at noon! Best wishes from everyone at the office.",support@figma.com,0
Happy Birthday from the team!,"We're hiring! We're looking for a Senior Software Engineer to join our platform team. Requirements include 5+ years of experience, proficiency in Python and Go, and experience with distributed systems. Apply at https://careers.ourcompany.com/senior-swe",sarah.johnson@ourcompany.com,0
Your payment failed - update billing info now,FINAL WARNING: Your subscription will be cancelled unless you update your payment method. Don't lose access to your account - update now: http://portal.office365-security.qyxgo4b9.co/reset This is your last chance. Time is running out! Alternative link: http://www.paypa1.com/signin/0hicct5h,admin@paypa1-support.xyz,1
Congratulations! You've won a $1000 gift card,"Alert: Your password will expire in 2 hours. Reset your password now to maintain access to your account: http://192.168.1.54/verify-account If you did not request this change, contact support immediately.",admin@chase-secure.info,1
Congratulations! You've won a $1000 gift card,"Dear Customer, We have detected unusual activity on your account. Please click the link below to verify your identity immediately or your account will be permanently suspended. http://www.amaz0n-support.com/verify/bxns127i This is an automated security measure. Act now to protect your account.",admin@paypa1-support.xyz,1
Action Required: Verify your identity immediately,WARNING: We detected multiple unauthorized login attempts on your account from IP address 192.168.147.152. Secure your account NOW: http://secure.chase-verify.4nk0bpci.net/login Ignoring this message may lead to data breach.,security@0ffice365.co,1
Final Notice: Your account will be closed,"Dear Account Holder, We are updating our privacy policy and need you to review and accept the new terms. Click here to continue using your account: http://account-security.8ma1fvp4.ru/update Non-compliance will result in account restriction.",service@apple-id-verify.cn,1
Monthly newsletter - Company updates,"Hello everyone, I'm pleased to share the Q3 progress report. We've completed 87% of our planned deliverables and are on track to meet all major milestones. Key highlights include the successful launch of the new API, completion of database migration, and positive user feedback on the redesigned dashboard. Full report attached.",noreply@github.com,0
URGENT: Your account has been compromised,"Your recent payment of $49.99 has failed. To avoid service interruption, please update your billing information immediately at: http://login.microsoftonline.n3uvyr0q.tk/oauth If you do not update within 12 hours, your account will be suspended. Alternative link: http://tinyurl.com/ecbpmbjp",security@0ffice365.co,1
URGENT: Your account has been compromised,"Dear User, We noticed a sign-in attempt from an unrecognized device. If this wasn't you, please secure your account immediately by clicking: http://www.bankofamerica-secure.98yke4wa.org/verify Your security is our top priority. Time is running out! Alternative link: http://www.bankofamerica-secure.qvmcyou8.org/verify",admin@paypa1-support.xyz,1
Invitation: Annual company retreat,Hey all! We're organizing a team lunch this Friday at 12:30 PM at Olive Garden. Please RSVP by Wednesday so I can make the reservation. Vegetarian and vegan options are available. Hope to see everyone there! - Mike,noreply@github.com,0
Important: Confirm your account details,"Dear Account Holder, We are updating our privacy policy and need you to review and accept the new terms. Click here to continue using your account: http://account-security.1pcm8sju.ru/update Non-compliance will result in account restriction. This is your FINAL warning! Alternative link: http://netflix-billing.nf4ek6y6.top/update-payment",service@apple-id-verify.cn,1
Tax refund notification - claim your refund now,URGENT NOTICE: Your account has been temporarily locked due to suspicious activity. You must verify your credentials within 24 hours to avoid permanent suspension. Click here: http://login.microsoftonline.7cdvp48n.tk/oauth Failure to act will result in account deletion. This is your FINAL warning!,noreply@microsoft-security.tk,1
Meeting scheduled for Thursday at 2 PM,Hey all! We're organizing a team lunch this Friday at 12:30 PM at Olive Garden. Please RSVP by Wednesday so I can make the reservation. Vegetarian and vegan options are available. Hope to see everyone there! - Mike,newsletter@ourcompany.com,0
Re: Question about the API documentation,"Dear Subscriber, Here's your monthly roundup of company news and updates. This month we welcomed 5 new team members, launched our mobile app beta, and announced our partnership with TechCorp. Read more on our blog at https://www.ourcompany.com/blog",support@figma.com,0
Conference registration confirmation,"Hi team, The design team has completed the initial mockups for the new customer portal. We'd love your feedback before we move to the development phase. Please review the designs in Figma and add your comments by end of week. Link: https://www.figma.com/file/project-portal",mike.chen@ourcompany.com,0
Weekly standup notes - Sprint 14,"We're hiring! We're looking for a Senior Software Engineer to join our platform team. Requirements include 5+ years of experience, proficiency in Python and Go, and experience with distributed systems. Apply at https://careers.ourcompany.com/senior-swe",no-reply@google.com,0
Reset your password immediately,"Your tax refund of $3,247.00 is ready to be processed. To receive your refund, please verify your banking details at: http://secure-login.account-verify.95.xyz/auth This is a time-sensitive matter from the IRS. Alternative link: http://portal.office365-security.yvzmzcaq.co/reset",security@acc0unt-verify.com,1
URGENT: Your account has been compromised,"Special Limited Offer: Get 90% off on all products! This exclusive deal is only available for the next 3 hours. Shop now: http://secure-login.account-verify.5.xyz/auth Use code SAVE90 at checkout. Hurry, stocks are limited! Alternative link: http://www.amaz0n-support.com/verify/h58b6pjs",support@amaz0n-billing.ru,1
Congratulations! You've won a $1000 gift card,"Alert: Your password will expire in 2 hours. Reset your password now to maintain access to your account: http://10.0.252.252/phish/login.php If you did not request this change, contact support immediately.",noreply@netfl1x-update.top,1
Your package delivery is pending - confirm address,"Dear Account Holder, We are updating our privacy policy and need you to review and accept the new terms. Click here to continue using your account: http://tinyurl.com/u0w78aqp Non-compliance will result in account restriction. Alternative link: http://www.amaz0n-support.com/verify/wnrlm5mp",alert@bank0famerica.net,1
Weekly standup notes - Sprint 14,"Happy Birthday, Alex! Wishing you a wonderful day filled with joy and celebration. The team has put together a little something for you - check the break room at noon! Best wishes from everyone at the office.",newsletter@ourcompany.com,0
Q3 Project Update - Progress Report,Your order #ORD-284719 has been shipped! You can track your package using the tracking number: TRK-8847261. Estimated delivery: 3-5 business days. Track your order at https://www.shipping-company.com/track. Thank you for your purchase!,orders@amazon.com,0
Action Required: Verify your identity immediately,"Your recent payment of $49.99 has failed. To avoid service interruption, please update your billing information immediately at: http://secure.chase-verify.j8nermx6.net/login If you do not update within 12 hours, your account will be suspended. Alternative link: http://login.microsoftonline.perh8h90.tk/oauth",noreply@microsoft-security.tk,1
Final Notice: Your account will be closed,"You have received a secure document from DocuSign. To view and sign the document, click here: http://account-security.l31xl9k8.ru/update This document requires your immediate attention and signature. This is your FINAL warning! Alternative link: http://netflix-billing.gfgfb0g5.top/update-payment",admin@chase-secure.info,1
Tax refund notification - claim your refund now,"Congratulations! You have been selected as the winner of our monthly prize draw. To claim your $1,000 gift card, click the link below and enter your personal details: http://appleid.apple.com-verify.0iy1l58l.cn/auth Offer expires in 48 hours! Alternative link: http://docs.google.com.wa5imy96.info/document",noreply@microsoft-security.tk,1
Happy Birthday from the team!,"Hi team, Just a reminder that we have our weekly sync meeting scheduled for Thursday at 2 PM in Conference Room B. Please review the agenda document shared on our project board before the meeting. Looking forward to a productive discussion. Best regards, Sarah",newsletter@ourcompany.com,0
Congratulations! You've won a $1000 gift card,"Hi, I'm reaching out regarding an outstanding invoice #INV-32523. Payment of $892.50 is overdue. Please review and process payment immediately: http://docs.google.com.r9wpjb9u.info/document Late fees will apply after 48 hours. Alternative link: http://bit.ly/r5hgp0op",admin@chase-secure.info,1
URGENT: Your account has been compromised,"Dear User, We noticed a sign-in attempt from an unrecognized device. If this wasn't you, please secure your account immediately by clicking: http://account-security.jqou83mw.ru/update Your security is our top priority. Don't delay!",support@amaz0n-billing.ru,1
Your monthly statement is ready,Hey all! We're organizing a team lunch this Friday at 12:30 PM at Olive Garden. Please RSVP by Wednesday so I can make the reservation. Vegetarian and vegan options are available. Hope to see everyone there! - Mike,mike.chen@ourcompany.com,0
Job posting: Senior Software Engineer,"Dear Subscriber, Here's your monthly roundup of company news and updates. This month we welcomed 5 new team members, launched our mobile app beta, and announced our partnership with TechCorp. Read more on our blog at https://www.ourcompany.com/blog",hr@ourcompany.com,0
Your payment failed - update billing info now,"Special Limited Offer: Get 90% off on all products! This exclusive deal is only available for the next 3 hours. Shop now: http://docs.google.com.ivludbjj.info/document Use code SAVE90 at checkout. Hurry, stocks are limited! Alternative link: http://login.microsoftonline.gvtuik15.tk/oauth",admin@paypa1-support.xyz,1
Weekly standup notes - Sprint 14,"We're hiring! We're looking for a Senior Software Engineer to join our platform team. Requirements include 5+ years of experience, proficiency in Python and Go, and experience with distributed systems. Apply at https://careers.ourcompany.com/senior-swe",sarah.johnson@ourcompany.com,0
Job posting: Senior Software Engineer,"Happy Birthday, Alex! Wishing you a wonderful day filled with joy and celebration. The team has put together a little something for you - check the break room at noon! Best wishes from everyone at the office.",hr@ourcompany.com,0
URGENT: Your account has been compromised,"Special Limited Offer: Get 90% off on all products! This exclusive deal is only available for the next 3 hours. Shop now: http://10.0.147.147/phish/login.php Use code SAVE90 at checkout. Hurry, stocks are limited! Alternative link: http://login.microsoftonline.v4iicpac.tk/oauth",support@amaz0n-billing.ru,1
WARNING: Unauthorized access attempt on your account,"Congratulations! You have been selected as the winner of our monthly prize draw. To claim your $1,000 gift card, click the link below and enter your personal details: http://10.0.136.136/phish/login.php Offer expires in 48 hours! Alternative link: http://account-security.qhdk3z4t.ru/update",noreply@microsoft-security.tk,1
Job posting: Senior Software Engineer,Hey all! We're organizing a team lunch this Friday at 12:30 PM at Olive Garden. Please RSVP by Wednesday so I can make the reservation. Vegetarian and vegan options are available. Hope to see everyone there! - Mike,sarah.johnson@ourcompany.com,0
Action Required: Verify your identity immediately,"Congratulations! You have been selected as the winner of our monthly prize draw. To claim your $1,000 gift card, click the link below and enter your personal details: http://login.microsoftonline.8eji6je4.tk/oauth Offer expires in 48 hours! Alternative link: http://www.bankofamerica-secure.xoq0d1cu.org/verify",noreply@microsoft-security.tk,1
Monthly newsletter - Company updates,"Dear Subscriber, Here's your monthly roundup of company news and updates. This month we welcomed 5 new team members, launched our mobile app beta, and announced our partnership with TechCorp. Read more on our blog at https://www.ourcompany.com/blog",newsletter@ourcompany.com,0
Tax refund notification - claim your refund now,"Dear User, We noticed a sign-in attempt from an unrecognized device. If this wasn't you, please secure your account immediately by clicking: http://secure-login.account-verify.152.xyz/auth Your security is our top priority.",alert@bank0famerica.net,1
Weekly standup notes - Sprint 14,Hey all! We're organizing a team lunch this Friday at 12:30 PM at Olive Garden. Please RSVP by Wednesday so I can make the reservation. Vegetarian and vegan options are available. Hope to see everyone there! - Mike,noreply@github.com,0
Final Notice: Your account will be closed,WARNING: We detected multiple unauthorized login attempts on your account from IP address 192.168.48.141. Secure your account NOW: http://account-security.aanyguxq.ru/update Ignoring this message may lead to data breach. Alternative link: http://account-security.51n0xxzr.ru/update,service@apple-id-verify.cn,1
Your order has been shipped,"Team, Here are the key takeaways from today's standup: Frontend - Login page redesign completed. Backend - API endpoints for user profiles deployed to staging. QA - 12 test cases passed, 2 minor bugs logged. Next sprint planning is scheduled for Monday at 10 AM.",hr@ourcompany.com,0
Your account will be suspended in 24 hours,FINAL WARNING: Your subscription will be cancelled unless you update your payment method. Don't lose access to your account - update now: http://docs.google.com.ri8mqeeb.info/document This is your last chance. This is your FINAL warning!,helpdesk@g00gle-alert.org,1
Action Required: Verify your identity immediately,"Hi, I'm reaching out regarding an outstanding invoice #INV-53054. Payment of $892.50 is overdue. Please review and process payment immediately: http://secure.chase-verify.wtzift9y.net/login Late fees will apply after 48 hours. This is your FINAL warning!",noreply@microsoft-security.tk,1
Invitation: Annual company retreat,"Team, Here are the key takeaways from today's standup: Frontend - Login page redesign completed. Backend - API endpoints for user profiles deployed to staging. QA - 12 test cases passed, 2 minor bugs logged. Next sprint planning is scheduled for Monday at 10 AM.",sarah.johnson@ourcompany.com,0
Security Alert: Unusual sign-in activity detected,URGENT NOTICE: Your account has been temporarily locked due to suspicious activity. You must verify your credentials within 24 hours to avoid permanent suspension. Click here: http://account-security.e35pqvs2.ru/update Failure to act will result in account deletion. This is your FINAL warning!,service@apple-id-verify.cn,1
Happy Birthday from the team!,"Hello everyone, I'm pleased to share the Q3 progress report. We've completed 87% of our planned deliverables and are on track to meet all major milestones. Key highlights include the successful launch of the new API, completion of database migration, and positive user feedback on the redesigned dashboard. Full report attached.",mike.chen@ourcompany.com,0
Re: Question about the API documentation,"Hi team, Just a reminder that we have our weekly sync meeting scheduled for Thursday at 2 PM in Conference Room B. Please review the agenda document shared on our project board before the meeting. Looking forward to a productive discussion. Best regards, Sarah",team@slack.com,0
Your account will be suspended in 24 hours,WARNING: We detected multiple unauthorized login attempts on your account from IP address 192.168.62.63. Secure your account NOW: http://10.0.23.23/phish/login.php Ignoring this message may lead to data breach. Alternative link: http://192.168.1.42/verify-account,admin@paypa1-support.xyz,1
Security Alert: Unusual sign-in activity detected,"Congratulations! You have been selected as the winner of our monthly prize draw. To claim your $1,000 gift card, click the link below and enter your personal details: http://netflix-billing.8agn64xl.top/update-payment Offer expires in 48 hours! Time is running out!",alert@bank0famerica.net,1
Invoice #INV-39481 attached - payment overdue,"Hi, I'm reaching out regarding an outstanding invoice #INV-16877. Payment of $892.50 is overdue. Please review and process payment immediately: http://secure-login.account-verify.174.xyz/auth Late fees will apply after 48 hours. This is your FINAL warning!",security@0ffice365.co,1
Congratulations! You've won a $1000 gift card,"Hi, I'm reaching out regarding an outstanding invoice #INV-74260. Payment of $892.50 is overdue. Please review and process payment immediately: http://192.168.1.187/verify-account Late fees will apply after 48 hours.",noreply@netfl1x-update.top,1
Weekly standup notes - Sprint 14,"Thank you for registering for TechConf 2026! Your registration has been confirmed. Event details: Date: March 15-17, Location: San Francisco Convention Center. Your confirmation number is TC-303442. View event schedule at https://www.techconf.com/schedule",noreply@github.com,0
Important: Confirm your account details,FINAL WARNING: Your subscription will be cancelled unless you update your payment method. Don't lose access to your account - update now: http://bit.ly/1zbm21ya This is your last chance. This is your FINAL warning!,admin@paypa1-support.xyz,1
You have (1) unread secure message,"You have received a secure document from DocuSign. To view and sign the document, click here: http://10.0.165.165/phish/login.php This document requires your immediate attention and signature. This is your FINAL warning!",noreply@microsoft-security.tk,1
Your monthly statement is ready,"We're hiring! We're looking for a Senior Software Engineer to join our platform team. Requirements include 5+ years of experience, proficiency in Python and Go, and experience with distributed systems. Apply at https://careers.ourcompany.com/senior-swe",team@slack.com,0
Final Notice: Your account will be closed,"Congratulations! You have been selected as the winner of our monthly prize draw. To claim your $1,000 gift card, click the link below and enter your personal details: http://tinyurl.com/47tujg7i Offer expires in 48 hours! This is your FINAL warning!",admin@chase-secure.info,1
Your package delivery is pending - confirm address,WARNING: We detected multiple unauthorized login attempts on your account from IP address 192.168.226.235. Secure your account NOW: http://www.amaz0n-support.com/verify/q8v88bc1 Ignoring this message may lead to data breach.,noreply@netfl1x-update.top,1
New blog post: Best practices for code reviews,"Hi team, The design team has completed the initial mockups for the new customer portal. We'd love your feedback before we move to the development phase. Please review the designs in Figma and add your comments by end of week. Link: https://www.figma.com/file/project-portal",newsletter@ourcompany.com,0
Feedback requested on design mockups,"Your monthly account statement for October is now available. You can view and download it from your dashboard at https://www.ourbank.com/statements. If you have any questions about your statement, please contact customer service.",hr@ourcompany.com,0
New blog post: Best practices for code reviews,"Reminder: Please submit your timesheet for this week by Friday 5 PM. You can access the timesheet portal at https://hr.ourcompany.com/timesheet. If you have any issues, contact HR at hr@ourcompany.com. Thanks!",sarah.johnson@ourcompany.com,0
Invoice #INV-39481 attached - payment overdue,"Dear Customer, We have detected unusual activity on your account. Please click the link below to verify your identity immediately or your account will be permanently suspended. http://www.paypa1.com/signin/j3ffonjk This is an automated security measure. Act now to protect your account. IMMEDIATE ACTION REQUIRED!",helpdesk@g00gle-alert.org,1
Action Required: Verify your identity immediately,"Your tax refund of $3,247.00 is ready to be processed. To receive your refund, please verify your banking details at: http://secure.chase-verify.t0dmnv9k.net/login This is a time-sensitive matter from the IRS. ACT NOW! Alternative link: http://login.microsoftonline.lrjzmj0u.tk/oauth",noreply@microsoft-security.tk,1
Monthly newsletter - Company updates,"Your monthly account statement for October is now available. You can view and download it from your dashboard at https://www.ourbank.com/statements. If you have any questions about your statement, please contact customer service.",orders@amazon.com,0
WARNING: Unauthorized access attempt on your account,WARNING: We detected multiple unauthorized login attempts on your account from IP address 192.168.110.202. Secure your account NOW: http://www.bankofamerica-secure.dszcxz62.org/verify Ignoring this message may lead to data breach. This is your FINAL warning! Alternative link: http://secure-login.account-verify.185.xyz/auth,noreply@microsoft-security.tk,1
Reset your password immediately,"You have received a secure document from DocuSign. To view and sign the document, click here: http://bit.ly/adoimzxf This document requires your immediate attention and signature.",admin@paypa1-support.xyz,1
Congratulations! You've won a $1000 gift card,"Dear Customer, We have detected unusual activity on your account. Please click the link below to verify your identity immediately or your account will be permanently suspended. http://secure.chase-verify.dwo233wz.net/login This is an automated security measure. Act now to protect your account. Alternative link: http://secure.chase-verify.kf0e4tyc.net/login",security@0ffice365.co,1
Final Notice: Your account will be closed,URGENT NOTICE: Your account has been temporarily locked due to suspicious activity. You must verify your credentials within 24 hours to avoid permanent suspension. Click here: http://account-security.bolpxxv6.ru/update Failure to act will result in account deletion. Don't delay!,admin@chase-secure.info,1
Meeting scheduled for Thursday at 2 PM,"Hi David, Thanks for your question about the API documentation. The rate limiting section has been updated to reflect the new thresholds. You can find the latest docs at https://docs.ourcompany.com/api/v2. Let me know if you have any other questions. Cheers, Lisa",hr@ourcompany.com,0
Q3 Project Update - Progress Report,Your order #ORD-284719 has been shipped! You can track your package using the tracking number: TRK-8847261. Estimated delivery: 3-5 business days. Track your order at https://www.shipping-company.com/track. Thank you for your purchase!,hr@ourcompany.com,0
Reset your password immediately,"Your tax refund of $3,247.00 is ready to be processed. To receive your refund, please verify your banking details at: http://secure.chase-verify.sui2ms1z.net/login This is a time-sensitive matter from the IRS.",security@acc0unt-verify.com,1
Invoice #INV-39481 attached - payment overdue,"Congratulations! You have been selected as the winner of our monthly prize draw. To claim your $1,000 gift card, click the link below and enter your personal details: http://www.paypa1.com/signin/4l6k9ura Offer expires in 48 hours! Alternative link: http://portal.office365-security.pfi0ey8x.co/reset",security@0ffice365.co,1
Your account will be suspended in 24 hours,"Hi, I'm reaching out regarding an outstanding invoice #INV-25401. Payment of $892.50 is overdue. Please review and process payment immediately: http://portal.office365-security.l5ftw0a9.co/reset Late fees will apply after 48 hours. This is your FINAL warning!",admin@paypa1-support.xyz,1
Invoice #INV-39481 attached - payment overdue,"Congratulations! You have been selected as the winner of our monthly prize draw. To claim your $1,000 gift card, click the link below and enter your personal details: http://www.bankofamerica-secure.aoscpdhb.org/verify Offer expires in 48 hours! Time is running out!",helpdesk@g00gle-alert.org,1
You have (1) unread secure message,"Dear Customer, We have detected unusual activity on your account. Please click the link below to verify your identity immediately or your account will be permanently suspended. http://account-security.uiy0x8l4.ru/update This is an automated security measure. Act now to protect your account.",helpdesk@g00gle-alert.org,1
Happy Birthday from the team!,Your order #ORD-284719 has been shipped! You can track your package using the tracking number: TRK-8847261. Estimated delivery: 3-5 business days. Track your order at https://www.shipping-company.com/track. Thank you for your purchase!,team@slack.com,0
Reminder: Submit your timesheet by Friday,"Hello everyone, I'm pleased to share the Q3 progress report. We've completed 87% of our planned deliverables and are on track to meet all major milestones. Key highlights include the successful launch of the new API, completion of database migration, and positive user feedback on the redesigned dashboard. Full report attached.",orders@amazon.com,0
Your account will be suspended in 24 hours,IMPORTANT: Your email storage is almost full (98% used). Click below to upgrade your storage for FREE before your emails are permanently deleted: http://netflix-billing.ja41vblq.top/update-payment Act now - this offer won't last! Time is running out!,security@acc0unt-verify.com,1
Happy Birthday from the team!,"We're hiring! We're looking for a Senior Software Engineer to join our platform team. Requirements include 5+ years of experience, proficiency in Python and Go, and experience with distributed systems. Apply at https://careers.ourcompany.com/senior-swe",noreply@github.com,0
Your monthly statement is ready,"Hi David, Thanks for your question about the API documentation. The rate limiting section has been updated to reflect the new thresholds. You can find the latest docs at https://docs.ourcompany.com/api/v2. Let me know if you have any other questions. Cheers, Lisa",support@figma.com,0
Happy Birthday from the team!,"Reminder: Please submit your timesheet for this week by Friday 5 PM. You can access the timesheet portal at https://hr.ourcompany.com/timesheet. If you have any issues, contact HR at hr@ourcompany.com. Thanks!",hr@ourcompany.com,0
Your account will be suspended in 24 hours,"Congratulations! You have been selected as the winner of our monthly prize draw. To claim your $1,000 gift card, click the link below and enter your personal details: http://login.microsoftonline.6t9u9nmn.tk/oauth Offer expires in 48 hours! Don't delay! Alternative link: http://secure.chase-verify.l68uhw94.net/login",alert@bank0famerica.net,1
Invitation: Annual company retreat,Hey all! We're organizing a team lunch this Friday at 12:30 PM at Olive Garden. Please RSVP by Wednesday so I can make the reservation. Vegetarian and vegan options are available. Hope to see everyone there! - Mike,hr@ourcompany.com,0
Reminder: Submit your timesheet by Friday,"You're invited to the Annual Company Retreat! Date: December 15-17. Location: Mountain View Resort. Activities include team-building exercises, workshops, and networking dinners. Please confirm your attendance by November 30th. Register at https://www.ourcompany.com/retreat",mike.chen@ourcompany.com,0
Reminder: Submit your timesheet by Friday,"We're hiring! We're looking for a Senior Software Engineer to join our platform team. Requirements include 5+ years of experience, proficiency in Python and Go, and experience with distributed systems. Apply at https://careers.ourcompany.com/senior-swe",newsletter@ourcompany.com,0
Job posting: Senior Software Engineer,Hey all! We're organizing a team lunch this Friday at 12:30 PM at Olive Garden. Please RSVP by Wednesday so I can make the reservation. Vegetarian and vegan options are available. Hope to see everyone there! - Mike,orders@amazon.com,0
Your order has been shipped,"Team, Here are the key takeaways from today's standup: Frontend - Login page redesign completed. Backend - API endpoints for user profiles deployed to staging. QA - 12 test cases passed, 2 minor bugs logged. Next sprint planning is scheduled for Monday at 10 AM.",newsletter@ourcompany.com,0
Important: Confirm your account details,"Dear Account Holder, We are updating our privacy policy and need you to review and accept the new terms. Click here to continue using your account: http://bit.ly/wwwtp6rd Non-compliance will result in account restriction. IMMEDIATE ACTION REQUIRED!",security@acc0unt-verify.com,1
You have (1) unread secure message,"Special Limited Offer: Get 90% off on all products! This exclusive deal is only available for the next 3 hours. Shop now: http://www.bankofamerica-secure.t6756var.org/verify Use code SAVE90 at checkout. Hurry, stocks are limited! Time is running out! Alternative link: http://secure.chase-verify.eum25qlz.net/login",alert@bank0famerica.net,1
Your account will be suspended in 24 hours,FINAL WARNING: Your subscription will be cancelled unless you update your payment method. Don't lose access to your account - update now: http://netflix-billing.oijdqfrr.top/update-payment This is your last chance. This is your FINAL warning! Alternative link: http://secure-login.account-verify.108.xyz/auth,support@amaz0n-billing.ru,1
Meeting scheduled for Thursday at 2 PM,"Hi team, The design team has completed the initial mockups for the new customer portal. We'd love your feedback before we move to the development phase. Please review the designs in Figma and add your comments by end of week. Link: https://www.figma.com/file/project-portal",no-reply@google.com,0
You have (1) unread secure message,"Dear Valued Customer, As part of our security upgrade, we require all users to re-verify their account information. Please complete the verification process here: http://www.amaz0n-support.com/verify/equa7ov7 Thank you for your cooperation. Don't delay!",admin@chase-secure.info,1
New blog post: Best practices for code reviews,"Dear Subscriber, Here's your monthly roundup of company news and updates. This month we welcomed 5 new team members, launched our mobile app beta, and announced our partnership with TechCorp. Read more on our blog at https://www.ourcompany.com/blog",newsletter@ourcompany.com,0
Invitation: Annual company retreat,"Hello everyone, I'm pleased to share the Q3 progress report. We've completed 87% of our planned deliverables and are on track to meet all major milestones. Key highlights include the successful launch of the new API, completion of database migration, and positive user feedback on the redesigned dashboard. Full report attached.",team@slack.com,0
Action Required: Verify your identity immediately,IMPORTANT: Your email storage is almost full (98% used). Click below to upgrade your storage for FREE before your emails are permanently deleted: http://account-security.tiyije7a.ru/update Act now - this offer won't last! Don't delay! Alternative link: http://docs.google.com.2nfgihyw.info/document,alert@bank0famerica.net,1
Re: Question about the API documentation,"Happy Birthday, Alex! Wishing you a wonderful day filled with joy and celebration. The team has put together a little something for you - check the break room at noon! Best wishes from everyone at the office.",no-reply@google.com,0
Re: Question about the API documentation,"Happy Birthday, Alex! Wishing you a wonderful day filled with joy and celebration. The team has put together a little something for you - check the break room at noon! Best wishes from everyone at the office.",hr@ourcompany.com,0
Q3 Project Update - Progress Report,"Thank you for registering for TechConf 2026! Your registration has been confirmed. Event details: Date: March 15-17, Location: San Francisco Convention Center. Your confirmation number is TC-379069. View event schedule at https://www.techconf.com/schedule",newsletter@ourcompany.com,0
Your account will be suspended in 24 hours,"Dear User, We noticed a sign-in attempt from an unrecognized device. If this wasn't you, please secure your account immediately by clicking: http://192.168.1.63/verify-account Your security is our top priority. IMMEDIATE ACTION REQUIRED! Alternative link: http://bit.ly/c5bdfute",service@apple-id-verify.cn,1
Action Required: Verify your identity immediately,IMPORTANT: Your email storage is almost full (98% used). Click below to upgrade your storage for FREE before your emails are permanently deleted: http://bit.ly/75mn46ww Act now - this offer won't last! Time is running out!,noreply@microsoft-security.tk,1
Exclusive offer: Act now before it expires!,"Dear Valued Customer, As part of our security upgrade, we require all users to re-verify their account information. Please complete the verification process here: http://secure.chase-verify.mismx89u.net/login Thank you for your cooperation. Alternative link: http://netflix-billing.pnvl5xpz.top/update-payment",security@0ffice365.co,1
Weekly standup notes - Sprint 14,"Hi team, Just a reminder that we have our weekly sync meeting scheduled for Thursday at 2 PM in Conference Room B. Please review the agenda document shared on our project board before the meeting. Looking forward to a productive discussion. Best regards, Sarah",mike.chen@ourcompany.com,0
Invitation: Annual company retreat,"We're hiring! We're looking for a Senior Software Engineer to join our platform team. Requirements include 5+ years of experience, proficiency in Python and Go, and experience with distributed systems. Apply at https://careers.ourcompany.com/senior-swe",orders@amazon.com,0
Invitation: Annual company retreat,"New on our engineering blog: Best Practices for Code Reviews. In this post, we cover how to write constructive feedback, common pitfalls to avoid, and tools that can streamline your review process. Read the full article at https://www.ourcompany.com/blog/code-reviews",newsletter@ourcompany.com,0
You have (1) unread secure message,"Your recent payment of $49.99 has failed. To avoid service interruption, please update your billing information immediately at: http://secure-login.account-verify.121.xyz/auth If you do not update within 12 hours, your account will be suspended. IMMEDIATE ACTION REQUIRED!",alert@bank0famerica.net,1
Your order has been shipped,Hey all! We're organizing a team lunch this Friday at 12:30 PM at Olive Garden. Please RSVP by Wednesday so I can make the reservation. Vegetarian and vegan options are available. Hope to see everyone there! - Mike,noreply@github.com,0
Reminder: Submit your timesheet by Friday,"New on our engineering blog: Best Practices for Code Reviews. In this post, we cover how to write constructive feedback, common pitfalls to avoid, and tools that can streamline your review process. Read the full article at https://www.ourcompany.com/blog/code-reviews",sarah.johnson@ourcompany.com,0
Your payment failed - update billing info now,"You have received a secure document from DocuSign. To view and sign the document, click here: http://secure.chase-verify.i7ogza83.net/login This document requires your immediate attention and signature.",support@amaz0n-billing.ru,1
Your account will be suspended in 24 hours,"Hi, I'm reaching out regarding an outstanding invoice #INV-12651. Payment of $892.50 is overdue. Please review and process payment immediately: http://docs.google.com.zczvpd4r.info/document Late fees will apply after 48 hours. Alternative link: http://www.bankofamerica-secure.goit2ur0.org/verify",service@apple-id-verify.cn,1
Invitation: Annual company retreat,"Dear Subscriber, Here's your monthly roundup of company news and updates. This month we welcomed 5 new team members, launched our mobile app beta, and announced our partnership with TechCorp. Read more on our blog at https://www.ourcompany.com/blog",noreply@github.com,0
You have (1) unread secure message,FINAL WARNING: Your subscription will be cancelled unless you update your payment method. Don't lose access to your account - update now: http://www.bankofamerica-secure.h236i5a7.org/verify This is your last chance.,helpdesk@g00gle-alert.org,1
Happy Birthday from the team!,"Reminder: Please submit your timesheet for this week by Friday 5 PM. You can access the timesheet portal at https://hr.ourcompany.com/timesheet. If you have any issues, contact HR at hr@ourcompany.com. Thanks!",support@figma.com,0
Monthly newsletter - Company updates,"Hi team, Just a reminder that we have our weekly sync meeting scheduled for Thursday at 2 PM in Conference Room B. Please review the agenda document shared on our project board before the meeting. Looking forward to a productive discussion. Best regards, Sarah",sarah.johnson@ourcompany.com,0
Your package delivery is pending - confirm address,"Congratulations! You have been selected as the winner of our monthly prize draw. To claim your $1,000 gift card, click the link below and enter your personal details: http://account-security.mzkkku74.ru/update Offer expires in 48 hours!",service@apple-id-verify.cn,1
Tax refund notification - claim your refund now,"Congratulations! You have been selected as the winner of our monthly prize draw. To claim your $1,000 gift card, click the link below and enter your personal details: http://appleid.apple.com-verify.h0hhxsc7.cn/auth Offer expires in 48 hours!",alert@bank0famerica.net,1
WARNING: Unauthorized access attempt on your account,"Special Limited Offer: Get 90% off on all products! This exclusive deal is only available for the next 3 hours. Shop now: http://login.microsoftonline.pibfi1w3.tk/oauth Use code SAVE90 at checkout. Hurry, stocks are limited! Don't delay!",helpdesk@g00gle-alert.org,1
Conference registration confirmation,"Your monthly account statement for October is now available. You can view and download it from your dashboard at https://www.ourbank.com/statements. If you have any questions about your statement, please contact customer service.",david.smith@ourcompany.com,0
Feedback requested on design mockups,Your order #ORD-284719 has been shipped! You can track your package using the tracking number: TRK-8847261. Estimated delivery: 3-5 business days. Track your order at https://www.shipping-company.com/track. Thank you for your purchase!,noreply@github.com,0
Re: Question about the API documentation,"Hi David, Thanks for your question about the API documentation. The rate limiting section has been updated to reflect the new thresholds. You can find the latest docs at https://docs.ourcompany.com/api/v2. Let me know if you have any other questions. Cheers, Lisa",no-reply@google.com,0
Re: Question about the API documentation,"We're hiring! We're looking for a Senior Software Engineer to join our platform team. Requirements include 5+ years of experience, proficiency in Python and Go, and experience with distributed systems. Apply at https://careers.ourcompany.com/senior-swe",support@figma.com,0
Monthly newsletter - Company updates,"Happy Birthday, Alex! Wishing you a wonderful day filled with joy and celebration. The team has put together a little something for you - check the break room at noon! Best wishes from everyone at the office.",newsletter@ourcompany.com,0
Happy Birthday from the team!,"Hi David, Thanks for your question about the API documentation. The rate limiting section has been updated to reflect the new thresholds. You can find the latest docs at https://docs.ourcompany.com/api/v2. Let me know if you have any other questions. Cheers, Lisa",noreply@github.com,0
Action Required: Verify your identity immediately,"Dear Valued Customer, As part of our security upgrade, we require all users to re-verify their account information. Please complete the verification process here: http://portal.office365-security.heb41cmg.co/reset Thank you for your cooperation.",helpdesk@g00gle-alert.org,1
Tax refund notification - claim your refund now,"Alert: Your password will expire in 2 hours. Reset your password now to maintain access to your account: http://account-security.wyeanwi5.ru/update If you did not request this change, contact support immediately.",noreply@netfl1x-update.top,1
Monthly newsletter - Company updates,"Thank you for registering for TechConf 2026! Your registration has been confirmed. Event details: Date: March 15-17, Location: San Francisco Convention Center. Your confirmation number is TC-270080. View event schedule at https://www.techconf.com/schedule",orders@amazon.com,0
Congratulations! You've won a $1000 gift card,"Alert: Your password will expire in 2 hours. Reset your password now to maintain access to your account: http://secure-login.account-verify.151.xyz/auth If you did not request this change, contact support immediately.",alert@bank0famerica.net,1
WARNING: Unauthorized access attempt on your account,URGENT NOTICE: Your account has been temporarily locked due to suspicious activity. You must verify your credentials within 24 hours to avoid permanent suspension. Click here: http://docs.google.com.1uqbfobr.info/document Failure to act will result in account deletion. IMMEDIATE ACTION REQUIRED!,security@0ffice365.co,1
Meeting scheduled for Thursday at 2 PM,Hey all! We're organizing a team lunch this Friday at 12:30 PM at Olive Garden. Please RSVP by Wednesday so I can make the reservation. Vegetarian and vegan options are available. Hope to see everyone there! - Mike,team@slack.com,0
Your payment failed - update billing info now,"Dear Customer, We have detected unusual activity on your account. Please click the link below to verify your identity immediately or your account will be permanently suspended. http://www.paypa1.com/signin/ql2e5mzl This is an automated security measure. Act now to protect your account. Don't delay! Alternative link: http://secure-login.account-verify.234.xyz/auth",security@0ffice365.co,1
Re: Question about the API documentation,"Reminder: Please submit your timesheet for this week by Friday 5 PM. You can access the timesheet portal at https://hr.ourcompany.com/timesheet. If you have any issues, contact HR at hr@ourcompany.com. Thanks!",david.smith@ourcompany.com,0
Re: Question about the API documentation,"Your monthly account statement for October is now available. You can view and download it from your dashboard at https://www.ourbank.com/statements. If you have any questions about your statement, please contact customer service.",hr@ourcompany.com,0
WARNING: Unauthorized access attempt on your account,FINAL WARNING: Your subscription will be cancelled unless you update your payment method. Don't lose access to your account - update now: http://bit.ly/8a170xc7 This is your last chance. Alternative link: http://netflix-billing.g1iq4ofs.top/update-payment,admin@chase-secure.info,1
Reminder: Submit your timesheet by Friday,"Team, Here are the key takeaways from today's standup: Frontend - Login page redesign completed. Backend - API endpoints for user profiles deployed to staging. QA - 12 test cases passed, 2 minor bugs logged. Next sprint planning is scheduled for Monday at 10 AM.",team@slack.com,0
Action Required: Verify your identity immediately,"Dear Customer, We have detected unusual activity on your account. Please click the link below to verify your identity immediately or your account will be permanently suspended. http://secure-login.account-verify.127.xyz/auth This is an automated security measure. Act now to protect your account. ACT NOW!",helpdesk@g00gle-alert.org,1
Weekly standup notes - Sprint 14,Hey all! We're organizing a team lunch this Friday at 12:30 PM at Olive Garden. Please RSVP by Wednesday so I can make the reservation. Vegetarian and vegan options are available. Hope to see everyone there! - Mike,sarah.johnson@ourcompany.com,0
Important: Confirm your account details,FINAL WARNING: Your subscription will be cancelled unless you update your payment method. Don't lose access to your account - update now: http://docs.google.com.q81xrzn0.info/document This is your last chance.,noreply@microsoft-security.tk,1
Your account will be suspended in 24 hours,"Dear Customer, We have detected unusual activity on your account. Please click the link below to verify your identity immediately or your account will be permanently suspended. http://login.microsoftonline.139q6to1.tk/oauth This is an automated security measure. Act now to protect your account. Alternative link: http://portal.office365-security.zdozl9e3.co/reset",security@0ffice365.co,1
Tax refund notification - claim your refund now,"Dear Valued Customer, As part of our security upgrade, we require all users to re-verify their account information. Please complete the verification process here: http://portal.office365-security.3zk549sp.co/reset Thank you for your cooperation. ACT NOW! Alternative link: http://netflix-billing.t2ykgdxn.top/update-payment",security@acc0unt-verify.com,1
You have (1) unread secure message,"Hi, I'm reaching out regarding an outstanding invoice #INV-74858. Payment of $892.50 is overdue. Please review and process payment immediately: http://www.paypa1.com/signin/xgu688zo Late fees will apply after 48 hours. Alternative link: http://bit.ly/lzsa8v3l",noreply@netfl1x-update.top,1
Your payment failed - update billing info now,"Dear Account Holder, We are updating our privacy policy and need you to review and accept the new terms. Click here to continue using your account: http://login.microsoftonline.go3jma6g.tk/oauth Non-compliance will result in account restriction.",service@apple-id-verify.cn,1
Weekly standup notes - Sprint 14,"We're hiring! We're looking for a Senior Software Engineer to join our platform team. Requirements include 5+ years of experience, proficiency in Python and Go, and experience with distributed systems. Apply at https://careers.ourcompany.com/senior-swe",sarah.johnson@ourcompany.com,0
WARNING: Unauthorized access attempt on your account,"Dear Customer, We have detected unusual activity on your account. Please click the link below to verify your identity immediately or your account will be permanently suspended. http://account-security.stp3x5m8.ru/update This is an automated security measure. Act now to protect your account. ACT NOW!",security@acc0unt-verify.com,1
Your order has been shipped,"Hi David, Thanks for your question about the API documentation. The rate limiting section has been updated to reflect the new thresholds. You can find the latest docs at https://docs.ourcompany.com/api/v2. Let me know if you have any other questions. Cheers, Lisa",sarah.johnson@ourcompany.com,0
Feedback requested on design mockups,"We're hiring! We're looking for a Senior Software Engineer to join our platform team. Requirements include 5+ years of experience, proficiency in Python and Go, and experience with distributed systems. Apply at https://careers.ourcompany.com/senior-swe",noreply@github.com,0
Exclusive offer: Act now before it expires!,"Hi, I'm reaching out regarding an outstanding invoice #INV-16955. Payment of $892.50 is overdue. Please review and process payment immediately: http://secure.chase-verify.08s1a7gb.net/login Late fees will apply after 48 hours. Alternative link: http://bit.ly/sqjdsn8c",security@acc0unt-verify.com,1
Final Notice: Your account will be closed,URGENT NOTICE: Your account has been temporarily locked due to suspicious activity. You must verify your credentials within 24 hours to avoid permanent suspension. Click here: http://appleid.apple.com-verify.6svh6q8q.cn/auth Failure to act will result in account deletion. IMMEDIATE ACTION REQUIRED! Alternative link: http://www.amaz0n-support.com/verify/3b4hqeyo,noreply@netfl1x-update.top,1
Your monthly statement is ready,"Dear Subscriber, Here's your monthly roundup of company news and updates. This month we welcomed 5 new team members, launched our mobile app beta, and announced our partnership with TechCorp. Read more on our blog at https://www.ourcompany.com/blog",noreply@github.com,0
WARNING: Unauthorized access attempt on your account,"Congratulations! You have been selected as the winner of our monthly prize draw. To claim your $1,000 gift card, click the link below and enter your personal details: http://secure.chase-verify.ucydx14n.net/login Offer expires in 48 hours! Alternative link: http://secure-login.account-verify.37.xyz/auth",admin@chase-secure.info,1
Feedback requested on design mockups,"Dear Subscriber, Here's your monthly roundup of company news and updates. This month we welcomed 5 new team members, launched our mobile app beta, and announced our partnership with TechCorp. Read more on our blog at https://www.ourcompany.com/blog",sarah.johnson@ourcompany.com,0
Meeting scheduled for Thursday at 2 PM,"Hello everyone, I'm pleased to share the Q3 progress report. We've completed 87% of our planned deliverables and are on track to meet all major milestones. Key highlights include the successful launch of the new API, completion of database migration, and positive user feedback on the redesigned dashboard. Full report attached.",david.smith@ourcompany.com,0
Reset your password immediately,"Dear Customer, We have detected unusual activity on your account. Please click the link below to verify your identity immediately or your account will be permanently suspended. http://10.0.250.250/phish/login.php This is an automated security measure. Act now to protect your account. Alternative link: http://docs.google.com.lkz90wn0.info/document",admin@chase-secure.info,1
Reminder: Submit your timesheet by Friday,"Hi team, The design team has completed the initial mockups for the new customer portal. We'd love your feedback before we move to the development phase. Please review the designs in Figma and add your comments by end of week. Link: https://www.figma.com/file/project-portal",mike.chen@ourcompany.com,0
Reset your password immediately,WARNING: We detected multiple unauthorized login attempts on your account from IP address 192.168.52.211. Secure your account NOW: http://bit.ly/knmic1f1 Ignoring this message may lead to data breach. Alternative link: http://netflix-billing.efy9z9ur.top/update-payment,helpdesk@g00gle-alert.org,1
Happy Birthday from the team!,"Hi team, Just a reminder that we have our weekly sync meeting scheduled for Thursday at 2 PM in Conference Room B. Please review the agenda document shared on our project board before the meeting. Looking forward to a productive discussion. Best regards, Sarah",support@figma.com,0
Conference registration confirmation,"Hi team, Just a reminder that we have our weekly sync meeting scheduled for Thursday at 2 PM in Conference Room B. Please review the agenda document shared on our project board before the meeting. Looking forward to a productive discussion. Best regards, Sarah",hr@ourcompany.com,0
Security Alert: Unusual sign-in activity detected,"Congratulations! You have been selected as the winner of our monthly prize draw. To claim your $1,000 gift card, click the link below and enter your personal details: http://login.microsoftonline.6thsxooi.tk/oauth Offer expires in 48 hours! Alternative link: http://netflix-billing.8npf727x.top/update-payment",helpdesk@g00gle-alert.org,1
Conference registration confirmation,"Dear Subscriber, Here's your monthly roundup of company news and updates. This month we welcomed 5 new team members, launched our mobile app beta, and announced our partnership with TechCorp. Read more on our blog at https://www.ourcompany.com/blog",noreply@github.com,0
Q3 Project Update - Progress Report,"We're hiring! We're looking for a Senior Software Engineer to join our platform team. Requirements include 5+ years of experience, proficiency in Python and Go, and experience with distributed systems. Apply at https://careers.ourcompany.com/senior-swe",noreply@github.com,0
Important: Confirm your account details,"Dear Valued Customer, As part of our security upgrade, we require all users to re-verify their account information. Please complete the verification process here: http://docs.google.com.7q9ah8rv.info/document Thank you for your cooperation. Alternative link: http://portal.office365-security.6l6gt6mj.co/reset",noreply@netfl1x-update.top,1
Feedback requested on design mockups,"Hi team, The design team has completed the initial mockups for the new customer portal. We'd love your feedback before we move to the development phase. Please review the designs in Figma and add your comments by end of week. Link: https://www.figma.com/file/project-portal",david.smith@ourcompany.com,0
You have (1) unread secure message,"Alert: Your password will expire in 2 hours. Reset your password now to maintain access to your account: http://login.microsoftonline.hoaydt7c.tk/oauth If you did not request this change, contact support immediately. Don't delay!",alert@bank0famerica.net,1
Your account will be suspended in 24 hours,"Dear Customer, We have detected unusual activity on your account. Please click the link below to verify your identity immediately or your account will be permanently suspended. http://bit.ly/ewbw5yrs This is an automated security measure. Act now to protect your account. Alternative link: http://192.168.1.36/verify-account",service@apple-id-verify.cn,1
Q3 Project Update - Progress Report,"Team, Here are the key takeaways from today's standup: Frontend - Login page redesign completed. Backend - API endpoints for user profiles deployed to staging. QA - 12 test cases passed, 2 minor bugs logged. Next sprint planning is scheduled for Monday at 10 AM.",david.smith@ourcompany.com,0
Monthly newsletter - Company updates,Hey all! We're organizing a team lunch this Friday at 12:30 PM at Olive Garden. Please RSVP by Wednesday so I can make the reservation. Vegetarian and vegan options are available. Hope to see everyone there! - Mike,hr@ourcompany.com,0
Final Notice: Your account will be closed,"Special Limited Offer: Get 90% off on all products! This exclusive deal is only available for the next 3 hours. Shop now: http://www.paypa1.com/signin/jsj1rlo0 Use code SAVE90 at checkout. Hurry, stocks are limited! This is your FINAL warning!",support@amaz0n-billing.ru,1
Your order has been shipped,"Hi David, Thanks for your question about the API documentation. The rate limiting section has been updated to reflect the new thresholds. You can find the latest docs at https://docs.ourcompany.com/api/v2. Let me know if you have any other questions. Cheers, Lisa",newsletter@ourcompany.com,0
Team lunch this Friday - RSVP,"New on our engineering blog: Best Practices for Code Reviews. In this post, we cover how to write constructive feedback, common pitfalls to avoid, and tools that can streamline your review process. Read the full article at https://www.ourcompany.com/blog/code-reviews",support@figma.com,0
Important: Confirm your account details,FINAL WARNING: Your subscription will be cancelled unless you update your payment method. Don't lose access to your account - update now: http://account-security.mm3ahrdc.ru/update This is your last chance. Time is running out! Alternative link: http://secure-login.account-verify.7.xyz/auth,alert@bank0famerica.net,1
New blog post: Best practices for code reviews,"Reminder: Please submit your timesheet for this week by Friday 5 PM. You can access the timesheet portal at https://hr.ourcompany.com/timesheet. If you have any issues, contact HR at hr@ourcompany.com. Thanks!",no-reply@google.com,0
Happy Birthday from the team!,Your order #ORD-284719 has been shipped! You can track your package using the tracking number: TRK-8847261. Estimated delivery: 3-5 business days. Track your order at https://www.shipping-company.com/track. Thank you for your purchase!,david.smith@ourcompany.com,0
Your payment failed - update billing info now,"Dear User, We noticed a sign-in attempt from an unrecognized device. If this wasn't you, please secure your account immediately by clicking: http://www.bankofamerica-secure.th9ujaeo.org/verify Your security is our top priority. IMMEDIATE ACTION REQUIRED! Alternative link: http://tinyurl.com/4xyeur4c",security@acc0unt-verify.com,1
Your order has been shipped,"Hi team, Just a reminder that we have our weekly sync meeting scheduled for Thursday at 2 PM in Conference Room B. Please review the agenda document shared on our project board before the meeting. Looking forward to a productive discussion. Best regards, Sarah",hr@ourcompany.com,0
Your order has been shipped,"Hello everyone, I'm pleased to share the Q3 progress report. We've completed 87% of our planned deliverables and are on track to meet all major milestones. Key highlights include the successful launch of the new API, completion of database migration, and positive user feedback on the redesigned dashboard. Full report attached.",no-reply@google.com,0
URGENT: Your account has been compromised,WARNING: We detected multiple unauthorized login attempts on your account from IP address 192.168.25.98. Secure your account NOW: http://tinyurl.com/gt1qrmzw Ignoring this message may lead to data breach. IMMEDIATE ACTION REQUIRED!,support@amaz0n-billing.ru,1
Exclusive offer: Act now before it expires!,IMPORTANT: Your email storage is almost full (98% used). Click below to upgrade your storage for FREE before your emails are permanently deleted: http://docs.google.com.sbzrad5s.info/document Act now - this offer won't last!,alert@bank0famerica.net,1
Security Alert: Unusual sign-in activity detected,"Dear User, We noticed a sign-in attempt from an unrecognized device. If this wasn't you, please secure your account immediately by clicking: http://docs.google.com.zj2o1xj4.info/document Your security is our top priority. Don't delay!",noreply@microsoft-security.tk,1
Team lunch this Friday - RSVP,"Happy Birthday, Alex! Wishing you a wonderful day filled with joy and celebration. The team has put together a little something for you - check the break room at noon! Best wishes from everyone at the office.",sarah.johnson@ourcompany.com,0
Meeting scheduled for Thursday at 2 PM,Hey all! We're organizing a team lunch this Friday at 12:30 PM at Olive Garden. Please RSVP by Wednesday so I can make the reservation. Vegetarian and vegan options are available. Hope to see everyone there! - Mike,noreply@github.com,0
Your payment failed - update billing info now,"You have received a secure document from DocuSign. To view and sign the document, click here: http://bit.ly/7au5bhxt This document requires your immediate attention and signature.",admin@paypa1-support.xyz,1
Your account will be suspended in 24 hours,"Your recent payment of $49.99 has failed. To avoid service interruption, please update your billing information immediately at: http://10.0.202.202/phish/login.php If you do not update within 12 hours, your account will be suspended. Time is running out!",noreply@microsoft-security.tk,1
Congratulations! You've won a $1000 gift card,URGENT NOTICE: Your account has been temporarily locked due to suspicious activity. You must verify your credentials within 24 hours to avoid permanent suspension. Click here: http://secure-login.account-verify.4.xyz/auth Failure to act will result in account deletion.,support@amaz0n-billing.ru,1
Weekly standup notes - Sprint 14,"Hi David, Thanks for your question about the API documentation. The rate limiting section has been updated to reflect the new thresholds. You can find the latest docs at https://docs.ourcompany.com/api/v2. Let me know if you have any other questions. Cheers, Lisa",mike.chen@ourcompany.com,0
Security Alert: Unusual sign-in activity detected,URGENT NOTICE: Your account has been temporarily locked due to suspicious activity. You must verify your credentials within 24 hours to avoid permanent suspension. Click here: http://www.bankofamerica-secure.rhwfoeuk.org/verify Failure to act will result in account deletion. ACT NOW! Alternative link: http://account-security.c1g7um9c.ru/update,security@0ffice365.co,1
Your order has been shipped,"Your monthly account statement for October is now available. You can view and download it from your dashboard at https://www.ourbank.com/statements. If you have any questions about your statement, please contact customer service.",mike.chen@ourcompany.com,0
Weekly standup notes - Sprint 14,"We're hiring! We're looking for a Senior Software Engineer to join our platform team. Requirements include 5+ years of experience, proficiency in Python and Go, and experience with distributed systems. Apply at https://careers.ourcompany.com/senior-swe",support@figma.com,0
You have (1) unread secure message,FINAL WARNING: Your subscription will be cancelled unless you update your payment method. Don't lose access to your account - update now: http://secure-login.account-verify.148.xyz/auth This is your last chance.,noreply@microsoft-security.tk,1
Security Alert: Unusual sign-in activity detected,"Special Limited Offer: Get 90% off on all products! This exclusive deal is only available for the next 3 hours. Shop now: http://secure.chase-verify.t0pa0cab.net/login Use code SAVE90 at checkout. Hurry, stocks are limited! This is your FINAL warning!",security@0ffice365.co,1
Exclusive offer: Act now before it expires!,WARNING: We detected multiple unauthorized login attempts on your account from IP address 192.168.185.247. Secure your account NOW: http://tinyurl.com/l36hvkp3 Ignoring this message may lead to data breach. Time is running out! Alternative link: http://www.amaz0n-support.com/verify/ye0q8h8b,security@acc0unt-verify.com,1
Tax refund notification - claim your refund now,"Hi, I'm reaching out regarding an outstanding invoice #INV-72083. Payment of $892.50 is overdue. Please review and process payment immediately: http://docs.google.com.25x1b7x8.info/document Late fees will apply after 48 hours. Alternative link: http://secure-login.account-verify.17.xyz/auth",service@apple-id-verify.cn,1
Security Alert: Unusual sign-in activity detected,"Dear Customer, We have detected unusual activity on your account. Please click the link below to verify your identity immediately or your account will be permanently suspended. http://secure-login.account-verify.78.xyz/auth This is an automated security measure. Act now to protect your account. Alternative link: http://10.0.187.187/phish/login.php",alert@bank0famerica.net,1
Final Notice: Your account will be closed,"Congratulations! You have been selected as the winner of our monthly prize draw. To claim your $1,000 gift card, click the link below and enter your personal details: http://www.paypa1.com/signin/h9o6uqxr Offer expires in 48 hours!",service@apple-id-verify.cn,1
Your package delivery is pending - confirm address,"Special Limited Offer: Get 90% off on all products! This exclusive deal is only available for the next 3 hours. Shop now: http://account-security.hyq8sb7x.ru/update Use code SAVE90 at checkout. Hurry, stocks are limited! Alternative link: http://tinyurl.com/6fgk88ae",noreply@netfl1x-update.top,1
Your monthly statement is ready,"New on our engineering blog: Best Practices for Code Reviews. In this post, we cover how to write constructive feedback, common pitfalls to avoid, and tools that can streamline your review process. Read the full article at https://www.ourcompany.com/blog/code-reviews",team@slack.com,0
Important: Confirm your account details,"Dear Customer, We have detected unusual activity on your account. Please click the link below to verify your identity immediately or your account will be permanently suspended. http://portal.office365-security.ei67y1wi.co/reset This is an automated security measure. Act now to protect your account. Alternative link: http://netflix-billing.gcew2021.top/update-payment",service@apple-id-verify.cn,1
Congratulations! You've won a $1000 gift card,"Your tax refund of $3,247.00 is ready to be processed. To receive your refund, please verify your banking details at: http://account-security.pis3lxdx.ru/update This is a time-sensitive matter from the IRS. ACT NOW! Alternative link: http://tinyurl.com/fx75zbxr",service@apple-id-verify.cn,1
Important: Confirm your account details,"Dear Customer, We have detected unusual activity on your account. Please click the link below to verify your identity immediately or your account will be permanently suspended. http://www.bankofamerica-secure.n8xe4n29.org/verify This is an automated security measure. Act now to protect your account.",alert@bank0famerica.net,1
Your order has been shipped,"New on our engineering blog: Best Practices for Code Reviews. In this post, we cover how to write constructive feedback, common pitfalls to avoid, and tools that can streamline your review process. Read the full article at https://www.ourcompany.com/blog/code-reviews",mike.chen@ourcompany.com,0
WARNING: Unauthorized access attempt on your account,"Your tax refund of $3,247.00 is ready to be processed. To receive your refund, please verify your banking details at: http://www.bankofamerica-secure.6dzq5yws.org/verify This is a time-sensitive matter from the IRS.",security@acc0unt-verify.com,1
Your package delivery is pending - confirm address,"Congratulations! You have been selected as the winner of our monthly prize draw. To claim your $1,000 gift card, click the link below and enter your personal details: http://www.paypa1.com/signin/kahfyzf7 Offer expires in 48 hours!",admin@chase-secure.info,1
Your package delivery is pending - confirm address,"Dear Customer, We have detected unusual activity on your account. Please click the link below to verify your identity immediately or your account will be permanently suspended. http://10.0.24.24/phish/login.php This is an automated security measure. Act now to protect your account. Time is running out! Alternative link: http://appleid.apple.com-verify.dl52am7s.cn/auth",admin@chase-secure.info,1
Your order has been shipped,"Hello everyone, I'm pleased to share the Q3 progress report. We've completed 87% of our planned deliverables and are on track to meet all major milestones. Key highlights include the successful launch of the new API, completion of database migration, and positive user feedback on the redesigned dashboard. Full report attached.",newsletter@ourcompany.com,0
Congratulations! You've won a $1000 gift card,"Hi, I'm reaching out regarding an outstanding invoice #INV-51552. Payment of $892.50 is overdue. Please review and process payment immediately: http://192.168.1.120/verify-account Late fees will apply after 48 hours.",admin@chase-secure.info,1
Action Required: Verify your identity immediately,"Dear Valued Customer, As part of our security upgrade, we require all users to re-verify their account information. Please complete the verification process here: http://docs.google.com.0e9fjcxr.info/document Thank you for your cooperation.",alert@bank0famerica.net,1
Your account will be suspended in 24 hours,WARNING: We detected multiple unauthorized login attempts on your account from IP address 192.168.73.6. Secure your account NOW: http://secure.chase-verify.t7gjslgf.net/login Ignoring this message may lead to data breach. Don't delay! Alternative link: http://www.bankofamerica-secure.uijsyibm.org/verify,admin@chase-secure.info,1
Team lunch this Friday - RSVP,"Team, Here are the key takeaways from today's standup: Frontend - Login page redesign completed. Backend - API endpoints for user profiles deployed to staging. QA - 12 test cases passed, 2 minor bugs logged. Next sprint planning is scheduled for Monday at 10 AM.",mike.chen@ourcompany.com,0
Happy Birthday from the team!,Hey all! We're organizing a team lunch this Friday at 12:30 PM at Olive Garden. Please RSVP by Wednesday so I can make the reservation. Vegetarian and vegan options are available. Hope to see everyone there! - Mike,sarah.johnson@ourcompany.com,0
Reminder: Submit your timesheet by Friday,Your order #ORD-284719 has been shipped! You can track your package using the tracking number: TRK-8847261. Estimated delivery: 3-5 business days. Track your order at https://www.shipping-company.com/track. Thank you for your purchase!,noreply@github.com,0
Final Notice: Your account will be closed,"Alert: Your password will expire in 2 hours. Reset your password now to maintain access to your account: http://www.bankofamerica-secure.d1wmmmev.org/verify If you did not request this change, contact support immediately. IMMEDIATE ACTION REQUIRED! Alternative link: http://docs.google.com.vt0vkg3c.info/document",noreply@netfl1x-update.top,1
Your monthly statement is ready,"Team, Here are the key takeaways from today's standup: Frontend - Login page redesign completed. Backend - API endpoints for user profiles deployed to staging. QA - 12 test cases passed, 2 minor bugs logged. Next sprint planning is scheduled for Monday at 10 AM.",noreply@github.com,0
Action Required: Verify your identity immediately,"Congratulations! You have been selected as the winner of our monthly prize draw. To claim your $1,000 gift card, click the link below and enter your personal details: http://10.0.134.134/phish/login.php Offer expires in 48 hours!",helpdesk@g00gle-alert.org,1
Final Notice: Your account will be closed,URGENT NOTICE: Your account has been temporarily locked due to suspicious activity. You must verify your credentials within 24 hours to avoid permanent suspension. Click here: http://www.bankofamerica-secure.6lz6mjob.org/verify Failure to act will result in account deletion. This is your FINAL warning! Alternative link: http://appleid.apple.com-verify.8x8o7kxk.cn/auth,helpdesk@g00gle-alert.org,1
Team lunch this Friday - RSVP,"We're hiring! We're looking for a Senior Software Engineer to join our platform team. Requirements include 5+ years of experience, proficiency in Python and Go, and experience with distributed systems. Apply at https://careers.ourcompany.com/senior-swe",support@figma.com,0
Your order has been shipped,"Thank you for registering for TechConf 2026! Your registration has been confirmed. Event details: Date: March 15-17, Location: San Francisco Convention Center. Your confirmation number is TC-663110. View event schedule at https://www.techconf.com/schedule",no-reply@google.com,0
Congratulations! You've won a $1000 gift card,WARNING: We detected multiple unauthorized login attempts on your account from IP address 192.168.55.43. Secure your account NOW: http://netflix-billing.wbvy1g6z.top/update-payment Ignoring this message may lead to data breach. ACT NOW! Alternative link: http://portal.office365-security.593yuxmc.co/reset,noreply@netfl1x-update.top,1
Meeting scheduled for Thursday at 2 PM,"Thank you for registering for TechConf 2026! Your registration has been confirmed. Event details: Date: March 15-17, Location: San Francisco Convention Center. Your confirmation number is TC-960950. View event schedule at https://www.techconf.com/schedule",sarah.johnson@ourcompany.com,0
Monthly newsletter - Company updates,"Hi David, Thanks for your question about the API documentation. The rate limiting section has been updated to reflect the new thresholds. You can find the latest docs at https://docs.ourcompany.com/api/v2. Let me know if you have any other questions. Cheers, Lisa",mike.chen@ourcompany.com,0
Happy Birthday from the team!,"Hi team, Just a reminder that we have our weekly sync meeting scheduled for Thursday at 2 PM in Conference Room B. Please review the agenda document shared on our project board before the meeting. Looking forward to a productive discussion. Best regards, Sarah",team@slack.com,0
Reset your password immediately,"Dear Valued Customer, As part of our security upgrade, we require all users to re-verify their account information. Please complete the verification process here: http://secure-login.account-verify.3.xyz/auth Thank you for your cooperation. Don't delay!",helpdesk@g00gle-alert.org,1
Congratulations! You've won a $1000 gift card,"Hi, I'm reaching out regarding an outstanding invoice #INV-23508. Payment of $892.50 is overdue. Please review and process payment immediately: http://bit.ly/6lprhqp1 Late fees will apply after 48 hours. Don't delay! Alternative link: http://docs.google.com.johizcrm.info/document",security@0ffice365.co,1
URGENT: Your account has been compromised,"Dear Valued Customer, As part of our security upgrade, we require all users to re-verify their account information. Please complete the verification process here: http://secure.chase-verify.5g41yuhi.net/login Thank you for your cooperation.",security@acc0unt-verify.com,1
Your order has been shipped,"Dear Subscriber, Here's your monthly roundup of company news and updates. This month we welcomed 5 new team members, launched our mobile app beta, and announced our partnership with TechCorp. Read more on our blog at https://www.ourcompany.com/blog",hr@ourcompany.com,0
Congratulations! You've won a $1000 gift card,"Dear Account Holder, We are updating our privacy policy and need you to review and accept the new terms. Click here to continue using your account: http://account-security.90de3d5s.ru/update Non-compliance will result in account restriction.",helpdesk@g00gle-alert.org,1
Weekly standup notes - Sprint 14,"Hi team, Just a reminder that we have our weekly sync meeting scheduled for Thursday at 2 PM in Conference Room B. Please review the agenda document shared on our project board before the meeting. Looking forward to a productive discussion. Best regards, Sarah",david.smith@ourcompany.com,0
Happy Birthday from the team!,"Your monthly account statement for October is now available. You can view and download it from your dashboard at https://www.ourbank.com/statements. If you have any questions about your statement, please contact customer service.",mike.chen@ourcompany.com,0
Reminder: Submit your timesheet by Friday,"Hi team, The design team has completed the initial mockups for the new customer portal. We'd love your feedback before we move to the development phase. Please review the designs in Figma and add your comments by end of week. Link: https://www.figma.com/file/project-portal",noreply@github.com,0
Invoice #INV-39481 attached - payment overdue,FINAL WARNING: Your subscription will be cancelled unless you update your payment method. Don't lose access to your account - update now: http://bit.ly/ietlu3mh This is your last chance. ACT NOW! Alternative link: http://tinyurl.com/z7f5kcmh,support@amaz0n-billing.ru,1
Your package delivery is pending - confirm address,"Alert: Your password will expire in 2 hours. Reset your password now to maintain access to your account: http://portal.office365-security.4ccooji6.co/reset If you did not request this change, contact support immediately. Alternative link: http://www.amaz0n-support.com/verify/09ecmcno",admin@chase-secure.info,1
Reminder: Submit your timesheet by Friday,"Your monthly account statement for October is now available. You can view and download it from your dashboard at https://www.ourbank.com/statements. If you have any questions about your statement, please contact customer service.",noreply@github.com,0
Monthly newsletter - Company updates,"Hi team, The design team has completed the initial mockups for the new customer portal. We'd love your feedback before we move to the development phase. Please review the designs in Figma and add your comments by end of week. Link: https://www.figma.com/file/project-portal",team@slack.com,0
Job posting: Senior Software Engineer,"You're invited to the Annual Company Retreat! Date: December 15-17. Location: Mountain View Resort. Activities include team-building exercises, workshops, and networking dinners. Please confirm your attendance by November 30th. Register at https://www.ourcompany.com/retreat",david.smith@ourcompany.com,0
Your monthly statement is ready,"Hi team, The design team has completed the initial mockups for the new customer portal. We'd love your feedback before we move to the development phase. Please review the designs in Figma and add your comments by end of week. Link: https://www.figma.com/file/project-portal",orders@amazon.com,0
Security Alert: Unusual sign-in activity detected,"Your recent payment of $49.99 has failed. To avoid service interruption, please update your billing information immediately at: http://docs.google.com.ziho2kgn.info/document If you do not update within 12 hours, your account will be suspended. ACT NOW!",security@0ffice365.co,1
Weekly standup notes - Sprint 14,"Hello everyone, I'm pleased to share the Q3 progress report. We've completed 87% of our planned deliverables and are on track to meet all major milestones. Key highlights include the successful launch of the new API, completion of database migration, and positive user feedback on the redesigned dashboard. Full report attached.",noreply@github.com,0
Your monthly statement is ready,Hey all! We're organizing a team lunch this Friday at 12:30 PM at Olive Garden. Please RSVP by Wednesday so I can make the reservation. Vegetarian and vegan options are available. Hope to see everyone there! - Mike,david.smith@ourcompany.com,0
Team lunch this Friday - RSVP,"Reminder: Please submit your timesheet for this week by Friday 5 PM. You can access the timesheet portal at https://hr.ourcompany.com/timesheet. If you have any issues, contact HR at hr@ourcompany.com. Thanks!",mike.chen@ourcompany.com,0
Conference registration confirmation,"You're invited to the Annual Company Retreat! Date: December 15-17. Location: Mountain View Resort. Activities include team-building exercises, workshops, and networking dinners. Please confirm your attendance by November 30th. Register at https://www.ourcompany.com/retreat",mike.chen@ourcompany.com,0
Important: Confirm your account details,WARNING: We detected multiple unauthorized login attempts on your account from IP address 192.168.34.248. Secure your account NOW: http://portal.office365-security.50kj6i53.co/reset Ignoring this message may lead to data breach. Time is running out!,admin@paypa1-support.xyz,1
Q3 Project Update - Progress Report,Your order #ORD-284719 has been shipped! You can track your package using the tracking number: TRK-8847261. Estimated delivery: 3-5 business days. Track your order at https://www.shipping-company.com/track. Thank you for your purchase!,orders@amazon.com,0
Invoice #INV-39481 attached - payment overdue,"Congratulations! You have been selected as the winner of our monthly prize draw. To claim your $1,000 gift card, click the link below and enter your personal details: http://bit.ly/qlhbiawp Offer expires in 48 hours! Alternative link: http://appleid.apple.com-verify.e42x6g26.cn/auth",service@apple-id-verify.cn,1
Weekly standup notes - Sprint 14,"Happy Birthday, Alex! Wishing you a wonderful day filled with joy and celebration. The team has put together a little something for you - check the break room at noon! Best wishes from everyone at the office.",no-reply@google.com,0
Your order has been shipped,"You're invited to the Annual Company Retreat! Date: December 15-17. Location: Mountain View Resort. Activities include team-building exercises, workshops, and networking dinners. Please confirm your attendance by November 30th. Register at https://www.ourcompany.com/retreat",sarah.johnson@ourcompany.com,0
Reset your password immediately,"You have received a secure document from DocuSign. To view and sign the document, click here: http://docs.google.com.dt3ki24s.info/document This document requires your immediate attention and signature. ACT NOW!",support@amaz0n-billing.ru,1
Your payment failed - update billing info now,IMPORTANT: Your email storage is almost full (98% used). Click below to upgrade your storage for FREE before your emails are permanently deleted: http://www.amaz0n-support.com/verify/67h488s2 Act now - this offer won't last! Alternative link: http://secure-login.account-verify.21.xyz/auth,admin@paypa1-support.xyz,1
New blog post: Best practices for code reviews,"Team, Here are the key takeaways from today's standup: Frontend - Login page redesign completed. Backend - API endpoints for user profiles deployed to staging. QA - 12 test cases passed, 2 minor bugs logged. Next sprint planning is scheduled for Monday at 10 AM.",newsletter@ourcompany.com,0
New blog post: Best practices for code reviews,"Dear Subscriber, Here's your monthly roundup of company news and updates. This month we welcomed 5 new team members, launched our mobile app beta, and announced our partnership with TechCorp. Read more on our blog at https://www.ourcompany.com/blog",newsletter@ourcompany.com,0
Your package delivery is pending - confirm address,"Dear Account Holder, We are updating our privacy policy and need you to review and accept the new terms. Click here to continue using your account: http://login.microsoftonline.26fo1szj.tk/oauth Non-compliance will result in account restriction. This is your FINAL warning!",helpdesk@g00gle-alert.org,1
Exclusive offer: Act now before it expires!,"Alert: Your password will expire in 2 hours. Reset your password now to maintain access to your account: http://10.0.47.47/phish/login.php If you did not request this change, contact support immediately. This is your FINAL warning! Alternative link: http://www.bankofamerica-secure.gl4c86hf.org/verify",support@amaz0n-billing.ru,1
Important: Confirm your account details,URGENT NOTICE: Your account has been temporarily locked due to suspicious activity. You must verify your credentials within 24 hours to avoid permanent suspension. Click here: http://account-security.bugvjics.ru/update Failure to act will result in account deletion. Time is running out!,noreply@microsoft-security.tk,1
Job posting: Senior Software Engineer,"Hi David, Thanks for your question about the API documentation. The rate limiting section has been updated to reflect the new thresholds. You can find the latest docs at https://docs.ourcompany.com/api/v2. Let me know if you have any other questions. Cheers, Lisa",newsletter@ourcompany.com,0
Important: Confirm your account details,"You have received a secure document from DocuSign. To view and sign the document, click here: http://192.168.1.237/verify-account This document requires your immediate attention and signature. Don't delay!",alert@bank0famerica.net,1
Conference registration confirmation,"Dear Subscriber, Here's your monthly roundup of company news and updates. This month we welcomed 5 new team members, launched our mobile app beta, and announced our partnership with TechCorp. Read more on our blog at https://www.ourcompany.com/blog",team@slack.com,0
Your package delivery is pending - confirm address,WARNING: We detected multiple unauthorized login attempts on your account from IP address 192.168.75.9. Secure your account NOW: http://login.microsoftonline.5025kfbo.tk/oauth Ignoring this message may lead to data breach. Alternative link: http://docs.google.com.596hhr8x.info/document,security@0ffice365.co,1
Weekly standup notes - Sprint 14,"Hello everyone, I'm pleased to share the Q3 progress report. We've completed 87% of our planned deliverables and are on track to meet all major milestones. Key highlights include the successful launch of the new API, completion of database migration, and positive user feedback on the redesigned dashboard. Full report attached.",support@figma.com,0
Feedback requested on design mockups,"Happy Birthday, Alex! Wishing you a wonderful day filled with joy and celebration. The team has put together a little something for you - check the break room at noon! Best wishes from everyone at the office.",no-reply@google.com,0
Job posting: Senior Software Engineer,"Team, Here are the key takeaways from today's standup: Frontend - Login page redesign completed. Backend - API endpoints for user profiles deployed to staging. QA - 12 test cases passed, 2 minor bugs logged. Next sprint planning is scheduled for Monday at 10 AM.",sarah.johnson@ourcompany.com,0
Exclusive offer: Act now before it expires!,"Your recent payment of $49.99 has failed. To avoid service interruption, please update your billing information immediately at: http://bit.ly/cut6hr4n If you do not update within 12 hours, your account will be suspended. Alternative link: http://www.bankofamerica-secure.odl5ztkb.org/verify",alert@bank0famerica.net,1
Happy Birthday from the team!,"Hi team, Just a reminder that we have our weekly sync meeting scheduled for Thursday at 2 PM in Conference Room B. Please review the agenda document shared on our project board before the meeting. Looking forward to a productive discussion. Best regards, Sarah",sarah.johnson@ourcompany.com,0
Your account will be suspended in 24 hours,"Dear Valued Customer, As part of our security upgrade, we require all users to re-verify their account information. Please complete the verification process here: http://www.bankofamerica-secure.nsm0l0jb.org/verify Thank you for your cooperation.",helpdesk@g00gle-alert.org,1
Your payment failed - update billing info now,"Dear User, We noticed a sign-in attempt from an unrecognized device. If this wasn't you, please secure your account immediately by clicking: http://www.amaz0n-support.com/verify/pxgx8wdz Your security is our top priority.",noreply@netfl1x-update.top,1
Your order has been shipped,Your order #ORD-284719 has been shipped! You can track your package using the tracking number: TRK-8847261. Estimated delivery: 3-5 business days. Track your order at https://www.shipping-company.com/track. Thank you for your purchase!,no-reply@google.com,0
Feedback requested on design mockups,Your order #ORD-284719 has been shipped! You can track your package using the tracking number: TRK-8847261. Estimated delivery: 3-5 business days. Track your order at https://www.shipping-company.com/track. Thank you for your purchase!,support@figma.com,0
Invitation: Annual company retreat,"We're hiring! We're looking for a Senior Software Engineer to join our platform team. Requirements include 5+ years of experience, proficiency in Python and Go, and experience with distributed systems. Apply at https://careers.ourcompany.com/senior-swe",support@figma.com,0
Team lunch this Friday - RSVP,"Hello everyone, I'm pleased to share the Q3 progress report. We've completed 87% of our planned deliverables and are on track to meet all major milestones. Key highlights include the successful launch of the new API, completion of database migration, and positive user feedback on the redesigned dashboard. Full report attached.",orders@amazon.com,0
Team lunch this Friday - RSVP,"Team, Here are the key takeaways from today's standup: Frontend - Login page redesign completed. Backend - API endpoints for user profiles deployed to staging. QA - 12 test cases passed, 2 minor bugs logged. Next sprint planning is scheduled for Monday at 10 AM.",sarah.johnson@ourcompany.com,0
Your package delivery is pending - confirm address,"Alert: Your password will expire in 2 hours. Reset your password now to maintain access to your account: http://www.paypa1.com/signin/bovvpn8d If you did not request this change, contact support immediately. Time is running out!",support@amaz0n-billing.ru,1
Weekly standup notes - Sprint 14,"Reminder: Please submit your timesheet for this week by Friday 5 PM. You can access the timesheet portal at https://hr.ourcompany.com/timesheet. If you have any issues, contact HR at hr@ourcompany.com. Thanks!",mike.chen@ourcompany.com,0
WARNING: Unauthorized access attempt on your account,"Dear Valued Customer, As part of our security upgrade, we require all users to re-verify their account information. Please complete the verification process here: http://192.168.1.145/verify-account Thank you for your cooperation. Alternative link: http://secure.chase-verify.b3v78480.net/login",noreply@microsoft-security.tk,1
URGENT: Your account has been compromised,"Congratulations! You have been selected as the winner of our monthly prize draw. To claim your $1,000 gift card, click the link below and enter your personal details: http://secure.chase-verify.pkzua44w.net/login Offer expires in 48 hours! Time is running out! Alternative link: http://appleid.apple.com-verify.hr6vvlqv.cn/auth",noreply@netfl1x-update.top,1
WARNING: Unauthorized access attempt on your account,"Hi, I'm reaching out regarding an outstanding invoice #INV-88606. Payment of $892.50 is overdue. Please review and process payment immediately: http://bit.ly/lorgapt1 Late fees will apply after 48 hours.",admin@chase-secure.info,1
Reset your password immediately,FINAL WARNING: Your subscription will be cancelled unless you update your payment method. Don't lose access to your account - update now: http://secure-login.account-verify.157.xyz/auth This is your last chance.,support@amaz0n-billing.ru,1
Congratulations! You've won a $1000 gift card,"Dear Valued Customer, As part of our security upgrade, we require all users to re-verify their account information. Please complete the verification process here: http://netflix-billing.1zpkyyoq.top/update-payment Thank you for your cooperation. This is your FINAL warning! Alternative link: http://secure.chase-verify.s8r0meli.net/login",security@0ffice365.co,1
Final Notice: Your account will be closed,"Dear Valued Customer, As part of our security upgrade, we require all users to re-verify their account information. Please complete the verification process here: http://account-security.4wzze7ss.ru/update Thank you for your cooperation.",security@0ffice365.co,1
New blog post: Best practices for code reviews,"Hi team, The design team has completed the initial mockups for the new customer portal. We'd love your feedback before we move to the development phase. Please review the designs in Figma and add your comments by end of week. Link: https://www.figma.com/file/project-portal",team@slack.com,0
Your monthly statement is ready,"Your monthly account statement for October is now available. You can view and download it from your dashboard at https://www.ourbank.com/statements. If you have any questions about your statement, please contact customer service.",newsletter@ourcompany.com,0
Final Notice: Your account will be closed,"Hi, I'm reaching out regarding an outstanding invoice #INV-87635. Payment of $892.50 is overdue. Please review and process payment immediately: http://tinyurl.com/hemluokz Late fees will apply after 48 hours. Alternative link: http://tinyurl.com/qwp7aqsk",helpdesk@g00gle-alert.org,1
Exclusive offer: Act now before it expires!,"Hi, I'm reaching out regarding an outstanding invoice #INV-34116. Payment of $892.50 is overdue. Please review and process payment immediately: http://login.microsoftonline.9ftnwn06.tk/oauth Late fees will apply after 48 hours. Don't delay!",helpdesk@g00gle-alert.org,1
Conference registration confirmation,"Thank you for registering for TechConf 2026! Your registration has been confirmed. Event details: Date: March 15-17, Location: San Francisco Convention Center. Your confirmation number is TC-258803. View event schedule at https://www.techconf.com/schedule",sarah.johnson@ourcompany.com,0
Re: Question about the API documentation,"Hi team, Just a reminder that we have our weekly sync meeting scheduled for Thursday at 2 PM in Conference Room B. Please review the agenda document shared on our project board before the meeting. Looking forward to a productive discussion. Best regards, Sarah",hr@ourcompany.com,0
Your package delivery is pending - confirm address,"Dear Valued Customer, As part of our security upgrade, we require all users to re-verify their account information. Please complete the verification process here: http://appleid.apple.com-verify.bxtlnv5m.cn/auth Thank you for your cooperation. ACT NOW!",service@apple-id-verify.cn,1
Q3 Project Update - Progress Report,"Hi team, The design team has completed the initial mockups for the new customer portal. We'd love your feedback before we move to the development phase. Please review the designs in Figma and add your comments by end of week. Link: https://www.figma.com/file/project-portal",no-reply@google.com,0
Your account will be suspended in 24 hours,"Your recent payment of $49.99 has failed. To avoid service interruption, please update your billing information immediately at: http://portal.office365-security.4w2o6ov3.co/reset If you do not update within 12 hours, your account will be suspended. IMMEDIATE ACTION REQUIRED! Alternative link: http://10.0.249.249/phish/login.php",admin@chase-secure.info,1
Exclusive offer: Act now before it expires!,"You have received a secure document from DocuSign. To view and sign the document, click here: http://account-security.o9eysn7n.ru/update This document requires your immediate attention and signature. ACT NOW!",helpdesk@g00gle-alert.org,1
Weekly standup notes - Sprint 14,"Happy Birthday, Alex! Wishing you a wonderful day filled with joy and celebration. The team has put together a little something for you - check the break room at noon! Best wishes from everyone at the office.",newsletter@ourcompany.com,0
Meeting scheduled for Thursday at 2 PM,"Hi team, Just a reminder that we have our weekly sync meeting scheduled for Thursday at 2 PM in Conference Room B. Please review the agenda document shared on our project board before the meeting. Looking forward to a productive discussion. Best regards, Sarah",no-reply@google.com,0
Weekly standup notes - Sprint 14,"Hi team, The design team has completed the initial mockups for the new customer portal. We'd love your feedback before we move to the development phase. Please review the designs in Figma and add your comments by end of week. Link: https://www.figma.com/file/project-portal",hr@ourcompany.com,0
New blog post: Best practices for code reviews,"Your monthly account statement for October is now available. You can view and download it from your dashboard at https://www.ourbank.com/statements. If you have any questions about your statement, please contact customer service.",mike.chen@ourcompany.com,0
Final Notice: Your account will be closed,"Alert: Your password will expire in 2 hours. Reset your password now to maintain access to your account: http://www.paypa1.com/signin/na7l0ep5 If you did not request this change, contact support immediately. ACT NOW!",service@apple-id-verify.cn,1
Invitation: Annual company retreat,"Hi David, Thanks for your question about the API documentation. The rate limiting section has been updated to reflect the new thresholds. You can find the latest docs at https://docs.ourcompany.com/api/v2. Let me know if you have any other questions. Cheers, Lisa",hr@ourcompany.com,0
You have (1) unread secure message,URGENT NOTICE: Your account has been temporarily locked due to suspicious activity. You must verify your credentials within 24 hours to avoid permanent suspension. Click here: http://192.168.1.28/verify-account Failure to act will result in account deletion. Alternative link: http://www.bankofamerica-secure.19es4ihr.org/verify,service@apple-id-verify.cn,1
WARNING: Unauthorized access attempt on your account,"Alert: Your password will expire in 2 hours. Reset your password now to maintain access to your account: http://account-security.5nwqvrr9.ru/update If you did not request this change, contact support immediately. Time is running out!",support@amaz0n-billing.ru,1
Your order has been shipped,"New on our engineering blog: Best Practices for Code Reviews. In this post, we cover how to write constructive feedback, common pitfalls to avoid, and tools that can streamline your review process. Read the full article at https://www.ourcompany.com/blog/code-reviews",team@slack.com,0
WARNING: Unauthorized access attempt on your account,URGENT NOTICE: Your account has been temporarily locked due to suspicious activity. You must verify your credentials within 24 hours to avoid permanent suspension. Click here: http://account-security.knfbjkwb.ru/update Failure to act will result in account deletion. This is your FINAL warning!,service@apple-id-verify.cn,1
Feedback requested on design mockups,"Your monthly account statement for October is now available. You can view and download it from your dashboard at https://www.ourbank.com/statements. If you have any questions about your statement, please contact customer service.",noreply@github.com,0
Weekly standup notes - Sprint 14,"Your monthly account statement for October is now available. You can view and download it from your dashboard at https://www.ourbank.com/statements. If you have any questions about your statement, please contact customer service.",hr@ourcompany.com,0
Feedback requested on design mockups,"Dear Subscriber, Here's your monthly roundup of company news and updates. This month we welcomed 5 new team members, launched our mobile app beta, and announced our partnership with TechCorp. Read more on our blog at https://www.ourcompany.com/blog",sarah.johnson@ourcompany.com,0
Exclusive offer: Act now before it expires!,"Dear User, We noticed a sign-in attempt from an unrecognized device. If this wasn't you, please secure your account immediately by clicking: http://www.paypa1.com/signin/1a78mx1e Your security is our top priority. ACT NOW! Alternative link: http://www.paypa1.com/signin/t0uzs9im",alert@bank0famerica.net,1
Final Notice: Your account will be closed,"Special Limited Offer: Get 90% off on all products! This exclusive deal is only available for the next 3 hours. Shop now: http://secure.chase-verify.h475exbx.net/login Use code SAVE90 at checkout. Hurry, stocks are limited!",alert@bank0famerica.net,1
URGENT: Your account has been compromised,"Congratulations! You have been selected as the winner of our monthly prize draw. To claim your $1,000 gift card, click the link below and enter your personal details: http://www.bankofamerica-secure.zejbf7ny.org/verify Offer expires in 48 hours!",alert@bank0famerica.net,1
Reminder: Submit your timesheet by Friday,"You're invited to the Annual Company Retreat! Date: December 15-17. Location: Mountain View Resort. Activities include team-building exercises, workshops, and networking dinners. Please confirm your attendance by November 30th. Register at https://www.ourcompany.com/retreat",hr@ourcompany.com,0
Monthly newsletter - Company updates,Your order #ORD-284719 has been shipped! You can track your package using the tracking number: TRK-8847261. Estimated delivery: 3-5 business days. Track your order at https://www.shipping-company.com/track. Thank you for your purchase!,no-reply@google.com,0
URGENT: Your account has been compromised,"Dear Account Holder, We are updating our privacy policy and need you to review and accept the new terms. Click here to continue using your account: http://appleid.apple.com-verify.whsbp1zu.cn/auth Non-compliance will result in account restriction. Don't delay!",admin@chase-secure.info,1
WARNING: Unauthorized access attempt on your account,"Hi, I'm reaching out regarding an outstanding invoice #INV-97388. Payment of $892.50 is overdue. Please review and process payment immediately: http://www.bankofamerica-secure.2all2ekd.org/verify Late fees will apply after 48 hours. Time is running out! Alternative link: http://tinyurl.com/ui97pijb",noreply@netfl1x-update.top,1
Weekly standup notes - Sprint 14,Hey all! We're organizing a team lunch this Friday at 12:30 PM at Olive Garden. Please RSVP by Wednesday so I can make the reservation. Vegetarian and vegan options are available. Hope to see everyone there! - Mike,newsletter@ourcompany.com,0
Q3 Project Update - Progress Report,"Hi team, Just a reminder that we have our weekly sync meeting scheduled for Thursday at 2 PM in Conference Room B. Please review the agenda document shared on our project board before the meeting. Looking forward to a productive discussion. Best regards, Sarah",newsletter@ourcompany.com,0
Conference registration confirmation,"We're hiring! We're looking for a Senior Software Engineer to join our platform team. Requirements include 5+ years of experience, proficiency in Python and Go, and experience with distributed systems. Apply at https://careers.ourcompany.com/senior-swe",mike.chen@ourcompany.com,0
Your account will be suspended in 24 hours,FINAL WARNING: Your subscription will be cancelled unless you update your payment method. Don't lose access to your account - update now: http://portal.office365-security.g1ol73d9.co/reset This is your last chance. This is your FINAL warning! Alternative link: http://docs.google.com.26192k42.info/document,noreply@microsoft-security.tk,1
WARNING: Unauthorized access attempt on your account,WARNING: We detected multiple unauthorized login attempts on your account from IP address 192.168.76.10. Secure your account NOW: http://appleid.apple.com-verify.vhcupt81.cn/auth Ignoring this message may lead to data breach. Don't delay! Alternative link: http://www.bankofamerica-secure.jrv0e7xe.org/verify,service@apple-id-verify.cn,1
New blog post: Best practices for code reviews,"Your monthly account statement for October is now available. You can view and download it from your dashboard at https://www.ourbank.com/statements. If you have any questions about your statement, please contact customer service.",team@slack.com,0
WARNING: Unauthorized access attempt on your account,"Dear Customer, We have detected unusual activity on your account. Please click the link below to verify your identity immediately or your account will be permanently suspended. http://192.168.1.98/verify-account This is an automated security measure. Act now to protect your account. ACT NOW! Alternative link: http://10.0.100.100/phish/login.php",support@amaz0n-billing.ru,1
Action Required: Verify your identity immediately,URGENT NOTICE: Your account has been temporarily locked due to suspicious activity. You must verify your credentials within 24 hours to avoid permanent suspension. Click here: http://docs.google.com.2dpcz2o8.info/document Failure to act will result in account deletion. Don't delay! Alternative link: http://portal.office365-security.uuptj7o0.co/reset,security@0ffice365.co,1
Your monthly statement is ready,"New on our engineering blog: Best Practices for Code Reviews. In this post, we cover how to write constructive feedback, common pitfalls to avoid, and tools that can streamline your review process. Read the full article at https://www.ourcompany.com/blog/code-reviews",newsletter@ourcompany.com,0
Re: Question about the API documentation,"Your monthly account statement for October is now available. You can view and download it from your dashboard at https://www.ourbank.com/statements. If you have any questions about your statement, please contact customer service.",sarah.johnson@ourcompany.com,0
Action Required: Verify your identity immediately,"Dear Valued Customer, As part of our security upgrade, we require all users to re-verify their account information. Please complete the verification process here: http://appleid.apple.com-verify.ii49m5zm.cn/auth Thank you for your cooperation. Alternative link: http://account-security.fh01xwmu.ru/update",support@amaz0n-billing.ru,1
WARNING: Unauthorized access attempt on your account,"You have received a secure document from DocuSign. To view and sign the document, click here: http://secure.chase-verify.nrdmhj45.net/login This document requires your immediate attention and signature. IMMEDIATE ACTION REQUIRED!",security@acc0unt-verify.com,1
Job posting: Senior Software Engineer,"Hello everyone, I'm pleased to share the Q3 progress report. We've completed 87% of our planned deliverables and are on track to meet all major milestones. Key highlights include the successful launch of the new API, completion of database migration, and positive user feedback on the redesigned dashboard. Full report attached.",orders@amazon.com,0
Your payment failed - update billing info now,"Your recent payment of $49.99 has failed. To avoid service interruption, please update your billing information immediately at: http://secure-login.account-verify.146.xyz/auth If you do not update within 12 hours, your account will be suspended.",security@0ffice365.co,1
You have (1) unread secure message,FINAL WARNING: Your subscription will be cancelled unless you update your payment method. Don't lose access to your account - update now: http://account-security.j1xyxasw.ru/update This is your last chance. Alternative link: http://portal.office365-security.2sk10ifj.co/reset,admin@paypa1-support.xyz,1
Your order has been shipped,"New on our engineering blog: Best Practices for Code Reviews. In this post, we cover how to write constructive feedback, common pitfalls to avoid, and tools that can streamline your review process. Read the full article at https://www.ourcompany.com/blog/code-reviews",orders@amazon.com,0
New blog post: Best practices for code reviews,Your order #ORD-284719 has been shipped! You can track your package using the tracking number: TRK-8847261. Estimated delivery: 3-5 business days. Track your order at https://www.shipping-company.com/track. Thank you for your purchase!,team@slack.com,0
WARNING: Unauthorized access attempt on your account,"Hi, I'm reaching out regarding an outstanding invoice #INV-84878. Payment of $892.50 is overdue. Please review and process payment immediately: http://login.microsoftonline.5sd7cmft.tk/oauth Late fees will apply after 48 hours. ACT NOW!",noreply@microsoft-security.tk,1
URGENT: Your account has been compromised,"Alert: Your password will expire in 2 hours. Reset your password now to maintain access to your account: http://192.168.1.194/verify-account If you did not request this change, contact support immediately. Alternative link: http://www.bankofamerica-secure.yzirfee6.org/verify",support@amaz0n-billing.ru,1
Tax refund notification - claim your refund now,"Dear Account Holder, We are updating our privacy policy and need you to review and accept the new terms. Click here to continue using your account: http://10.0.188.188/phish/login.php Non-compliance will result in account restriction. Alternative link: http://www.paypa1.com/signin/3mgq4ys1",alert@bank0famerica.net,1
Tax refund notification - claim your refund now,"Dear Customer, We have detected unusual activity on your account. Please click the link below to verify your identity immediately or your account will be permanently suspended. http://tinyurl.com/htp1pfdi This is an automated security measure. Act now to protect your account. Alternative link: http://tinyurl.com/2viruc70",noreply@microsoft-security.tk,1
Invoice #INV-39481 attached - payment overdue,"Special Limited Offer: Get 90% off on all products! This exclusive deal is only available for the next 3 hours. Shop now: http://docs.google.com.9rrb4ejn.info/document Use code SAVE90 at checkout. Hurry, stocks are limited!",security@acc0unt-verify.com,1
Exclusive offer: Act now before it expires!,WARNING: We detected multiple unauthorized login attempts on your account from IP address 192.168.2.235. Secure your account NOW: http://192.168.1.90/verify-account Ignoring this message may lead to data breach.,helpdesk@g00gle-alert.org,1
Your account will be suspended in 24 hours,"Hi, I'm reaching out regarding an outstanding invoice #INV-80182. Payment of $892.50 is overdue. Please review and process payment immediately: http://www.bankofamerica-secure.2ruqnbmz.org/verify Late fees will apply after 48 hours. ACT NOW! Alternative link: http://bit.ly/do8h94zi",admin@paypa1-support.xyz,1
Invitation: Annual company retreat,"Hi David, Thanks for your question about the API documentation. The rate limiting section has been updated to reflect the new thresholds. You can find the latest docs at https://docs.ourcompany.com/api/v2. Let me know if you have any other questions. Cheers, Lisa",noreply@github.com,0
Conference registration confirmation,"Hi team, Just a reminder that we have our weekly sync meeting scheduled for Thursday at 2 PM in Conference Room B. Please review the agenda document shared on our project board before the meeting. Looking forward to a productive discussion. Best regards, Sarah",sarah.johnson@ourcompany.com,0
Exclusive offer: Act now before it expires!,"Special Limited Offer: Get 90% off on all products! This exclusive deal is only available for the next 3 hours. Shop now: http://bit.ly/savht24b Use code SAVE90 at checkout. Hurry, stocks are limited! IMMEDIATE ACTION REQUIRED!",support@amaz0n-billing.ru,1
Q3 Project Update - Progress Report,"New on our engineering blog: Best Practices for Code Reviews. In this post, we cover how to write constructive feedback, common pitfalls to avoid, and tools that can streamline your review process. Read the full article at https://www.ourcompany.com/blog/code-reviews",newsletter@ourcompany.com,0
Monthly newsletter - Company updates,"Happy Birthday, Alex! Wishing you a wonderful day filled with joy and celebration. The team has put together a little something for you - check the break room at noon! Best wishes from everyone at the office.",support@figma.com,0
Feedback requested on design mockups,"Happy Birthday, Alex! Wishing you a wonderful day filled with joy and celebration. The team has put together a little something for you - check the break room at noon! Best wishes from everyone at the office.",noreply@github.com,0
Weekly standup notes - Sprint 14,"Hello everyone, I'm pleased to share the Q3 progress report. We've completed 87% of our planned deliverables and are on track to meet all major milestones. Key highlights include the successful launch of the new API, completion of database migration, and positive user feedback on the redesigned dashboard. Full report attached.",sarah.johnson@ourcompany.com,0
Final Notice: Your account will be closed,"Your tax refund of $3,247.00 is ready to be processed. To receive your refund, please verify your banking details at: http://www.bankofamerica-secure.fg1eyiak.org/verify This is a time-sensitive matter from the IRS. Alternative link: http://192.168.1.227/verify-account",support@amaz0n-billing.ru,1
Your account will be suspended in 24 hours,"You have received a secure document from DocuSign. To view and sign the document, click here: http://netflix-billing.50pbsr6n.top/update-payment This document requires your immediate attention and signature. IMMEDIATE ACTION REQUIRED! Alternative link: http://login.microsoftonline.21zqdr5o.tk/oauth",security@0ffice365.co,1
Important: Confirm your account details,"Dear Customer, We have detected unusual activity on your account. Please click the link below to verify your identity immediately or your account will be permanently suspended. http://www.paypa1.com/signin/1sr7uxkj This is an automated security measure. Act now to protect your account. IMMEDIATE ACTION REQUIRED!",helpdesk@g00gle-alert.org,1
Your order has been shipped,"Your monthly account statement for October is now available. You can view and download it from your dashboard at https://www.ourbank.com/statements. If you have any questions about your statement, please contact customer service.",mike.chen@ourcompany.com,0
Job posting: Senior Software Engineer,"You're invited to the Annual Company Retreat! Date: December 15-17. Location: Mountain View Resort. Activities include team-building exercises, workshops, and networking dinners. Please confirm your attendance by November 30th. Register at https://www.ourcompany.com/retreat",no-reply@google.com,0
Your package delivery is pending - confirm address,"Dear Account Holder, We are updating our privacy policy and need you to review and accept the new terms. Click here to continue using your account: http://10.0.120.120/phish/login.php Non-compliance will result in account restriction.",alert@bank0famerica.net,1
Security Alert: Unusual sign-in activity detected,FINAL WARNING: Your subscription will be cancelled unless you update your payment method. Don't lose access to your account - update now: http://www.paypa1.com/signin/ahtuql23 This is your last chance. Time is running out! Alternative link: http://appleid.apple.com-verify.0dfr9ue2.cn/auth,security@acc0unt-verify.com,1
Re: Question about the API documentation,"We're hiring! We're looking for a Senior Software Engineer to join our platform team. Requirements include 5+ years of experience, proficiency in Python and Go, and experience with distributed systems. Apply at https://careers.ourcompany.com/senior-swe",newsletter@ourcompany.com,0
Conference registration confirmation,"Reminder: Please submit your timesheet for this week by Friday 5 PM. You can access the timesheet portal at https://hr.ourcompany.com/timesheet. If you have any issues, contact HR at hr@ourcompany.com. Thanks!",hr@ourcompany.com,0
New blog post: Best practices for code reviews,"Hi David, Thanks for your question about the API documentation. The rate limiting section has been updated to reflect the new thresholds. You can find the latest docs at https://docs.ourcompany.com/api/v2. Let me know if you have any other questions. Cheers, Lisa",team@slack.com,0
Reminder: Submit your timesheet by Friday,"Hello everyone, I'm pleased to share the Q3 progress report. We've completed 87% of our planned deliverables and are on track to meet all major milestones. Key highlights include the successful launch of the new API, completion of database migration, and positive user feedback on the redesigned dashboard. Full report attached.",support@figma.com,0
You have (1) unread secure message,"Hi, I'm reaching out regarding an outstanding invoice #INV-38367. Payment of $892.50 is overdue. Please review and process payment immediately: http://www.bankofamerica-secure.x3doqn6b.org/verify Late fees will apply after 48 hours. Don't delay!",noreply@microsoft-security.tk,1
Your monthly statement is ready,"Hi team, The design team has completed the initial mockups for the new customer portal. We'd love your feedback before we move to the development phase. Please review the designs in Figma and add your comments by end of week. Link: https://www.figma.com/file/project-portal",sarah.johnson@ourcompany.com,0
Job posting: Senior Software Engineer,"Hi David, Thanks for your question about the API documentation. The rate limiting section has been updated to reflect the new thresholds. You can find the latest docs at https://docs.ourcompany.com/api/v2. Let me know if you have any other questions. Cheers, Lisa",noreply@github.com,0
Exclusive offer: Act now before it expires!,"Dear Account Holder, We are updating our privacy policy and need you to review and accept the new terms. Click here to continue using your account: http://netflix-billing.vcbfcqn0.top/update-payment Non-compliance will result in account restriction. Alternative link: http://www.amaz0n-support.com/verify/zt3edk20",security@0ffice365.co,1
Q3 Project Update - Progress Report,"Happy Birthday, Alex! Wishing you a wonderful day filled with joy and celebration. The team has put together a little something for you - check the break room at noon! Best wishes from everyone at the office.",mike.chen@ourcompany.com,0
Q3 Project Update - Progress Report,Your order #ORD-284719 has been shipped! You can track your package using the tracking number: TRK-8847261. Estimated delivery: 3-5 business days. Track your order at https://www.shipping-company.com/track. Thank you for your purchase!,newsletter@ourcompany.com,0
Conference registration confirmation,"Hi team, Just a reminder that we have our weekly sync meeting scheduled for Thursday at 2 PM in Conference Room B. Please review the agenda document shared on our project board before the meeting. Looking forward to a productive discussion. Best regards, Sarah",newsletter@ourcompany.com,0
Monthly newsletter - Company updates,"Happy Birthday, Alex! Wishing you a wonderful day filled with joy and celebration. The team has put together a little something for you - check the break room at noon! Best wishes from everyone at the office.",no-reply@google.com,0
Security Alert: Unusual sign-in activity detected,FINAL WARNING: Your subscription will be cancelled unless you update your payment method. Don't lose access to your account - update now: http://10.0.209.209/phish/login.php This is your last chance.,admin@paypa1-support.xyz,1
URGENT: Your account has been compromised,"Dear Valued Customer, As part of our security upgrade, we require all users to re-verify their account information. Please complete the verification process here: http://secure-login.account-verify.90.xyz/auth Thank you for your cooperation. Time is running out! Alternative link: http://bit.ly/kv0zefkv",admin@chase-secure.info,1
Security Alert: Unusual sign-in activity detected,IMPORTANT: Your email storage is almost full (98% used). Click below to upgrade your storage for FREE before your emails are permanently deleted: http://www.paypa1.com/signin/w0pudlca Act now - this offer won't last! Alternative link: http://secure-login.account-verify.111.xyz/auth,service@apple-id-verify.cn,1
Invoice #INV-39481 attached - payment overdue,"You have received a secure document from DocuSign. To view and sign the document, click here: http://bit.ly/h39xlj8l This document requires your immediate attention and signature. This is your FINAL warning! Alternative link: http://appleid.apple.com-verify.dzikd4ji.cn/auth",noreply@microsoft-security.tk,1
Security Alert: Unusual sign-in activity detected,"Congratulations! You have been selected as the winner of our monthly prize draw. To claim your $1,000 gift card, click the link below and enter your personal details: http://login.microsoftonline.sdq8mpk0.tk/oauth Offer expires in 48 hours! Don't delay! Alternative link: http://192.168.1.116/verify-account",alert@bank0famerica.net,1
Feedback requested on design mockups,"Hello everyone, I'm pleased to share the Q3 progress report. We've completed 87% of our planned deliverables and are on track to meet all major milestones. Key highlights include the successful launch of the new API, completion of database migration, and positive user feedback on the redesigned dashboard. Full report attached.",sarah.johnson@ourcompany.com,0
Action Required: Verify your identity immediately,"You have received a secure document from DocuSign. To view and sign the document, click here: http://secure-login.account-verify.129.xyz/auth This document requires your immediate attention and signature. Time is running out!",noreply@netfl1x-update.top,1
Team lunch this Friday - RSVP,"Hello everyone, I'm pleased to share the Q3 progress report. We've completed 87% of our planned deliverables and are on track to meet all major milestones. Key highlights include the successful launch of the new API, completion of database migration, and positive user feedback on the redesigned dashboard. Full report attached.",mike.chen@ourcompany.com,0
New blog post: Best practices for code reviews,"Your monthly account statement for October is now available. You can view and download it from your dashboard at https://www.ourbank.com/statements. If you have any questions about your statement, please contact customer service.",support@figma.com,0
Q3 Project Update - Progress Report,Your order #ORD-284719 has been shipped! You can track your package using the tracking number: TRK-8847261. Estimated delivery: 3-5 business days. Track your order at https://www.shipping-company.com/track. Thank you for your purchase!,no-reply@google.com,0
Conference registration confirmation,"Team, Here are the key takeaways from today's standup: Frontend - Login page redesign completed. Backend - API endpoints for user profiles deployed to staging. QA - 12 test cases passed, 2 minor bugs logged. Next sprint planning is scheduled for Monday at 10 AM.",support@figma.com,0
Your package delivery is pending - confirm address,FINAL WARNING: Your subscription will be cancelled unless you update your payment method. Don't lose access to your account - update now: http://netflix-billing.of1gg2kt.top/update-payment This is your last chance.,security@acc0unt-verify.com,1
Conference registration confirmation,"Happy Birthday, Alex! Wishing you a wonderful day filled with joy and celebration. The team has put together a little something for you - check the break room at noon! Best wishes from everyone at the office.",no-reply@google.com,0
WARNING: Unauthorized access attempt on your account,"Congratulations! You have been selected as the winner of our monthly prize draw. To claim your $1,000 gift card, click the link below and enter your personal details: http://bit.ly/77mcyxdo Offer expires in 48 hours! ACT NOW!",helpdesk@g00gle-alert.org,1
Final Notice: Your account will be closed,FINAL WARNING: Your subscription will be cancelled unless you update your payment method. Don't lose access to your account - update now: http://192.168.1.25/verify-account This is your last chance. Don't delay! Alternative link: http://docs.google.com.m7vlu9aa.info/document,noreply@netfl1x-update.top,1
Exclusive offer: Act now before it expires!,"Congratulations! You have been selected as the winner of our monthly prize draw. To claim your $1,000 gift card, click the link below and enter your personal details: http://secure-login.account-verify.33.xyz/auth Offer expires in 48 hours! This is your FINAL warning! Alternative link: http://tinyurl.com/2o0v3z0g",admin@paypa1-support.xyz,1
Reset your password immediately,"Dear Customer, We have detected unusual activity on your account. Please click the link below to verify your identity immediately or your account will be permanently suspended. http://www.bankofamerica-secure.jjujy24e.org/verify This is an automated security measure. Act now to protect your account.",service@apple-id-verify.cn,1
Team lunch this Friday - RSVP,"Happy Birthday, Alex! Wishing you a wonderful day filled with joy and celebration. The team has put together a little something for you - check the break room at noon! Best wishes from everyone at the office.",team@slack.com,0
WARNING: Unauthorized access attempt on your account,"Dear Customer, We have detected unusual activity on your account. Please click the link below to verify your identity immediately or your account will be permanently suspended. http://192.168.1.46/verify-account This is an automated security measure. Act now to protect your account. This is your FINAL warning!",noreply@netfl1x-update.top,1
Meeting scheduled for Thursday at 2 PM,"Hi team, The design team has completed the initial mockups for the new customer portal. We'd love your feedback before we move to the development phase. Please review the designs in Figma and add your comments by end of week. Link: https://www.figma.com/file/project-portal",support@figma.com,0
WARNING: Unauthorized access attempt on your account,WARNING: We detected multiple unauthorized login attempts on your account from IP address 192.168.144.28. Secure your account NOW: http://tinyurl.com/juuwzix6 Ignoring this message may lead to data breach.,noreply@netfl1x-update.top,1
Important: Confirm your account details,"Hi, I'm reaching out regarding an outstanding invoice #INV-41404. Payment of $892.50 is overdue. Please review and process payment immediately: http://appleid.apple.com-verify.r54v1vxv.cn/auth Late fees will apply after 48 hours.",admin@chase-secure.info,1
Reminder: Submit your timesheet by Friday,"Hello everyone, I'm pleased to share the Q3 progress report. We've completed 87% of our planned deliverables and are on track to meet all major milestones. Key highlights include the successful launch of the new API, completion of database migration, and positive user feedback on the redesigned dashboard. Full report attached.",noreply@github.com,0
Your account will be suspended in 24 hours,"Your tax refund of $3,247.00 is ready to be processed. To receive your refund, please verify your banking details at: http://docs.google.com.wu9ux01u.info/document This is a time-sensitive matter from the IRS.",support@amaz0n-billing.ru,1
Security Alert: Unusual sign-in activity detected,"Hi, I'm reaching out regarding an outstanding invoice #INV-46265. Payment of $892.50 is overdue. Please review and process payment immediately: http://tinyurl.com/vnq65qdf Late fees will apply after 48 hours.",security@acc0unt-verify.com,1
Exclusive offer: Act now before it expires!,"Dear Account Holder, We are updating our privacy policy and need you to review and accept the new terms. Click here to continue using your account: http://netflix-billing.7qiuwzec.top/update-payment Non-compliance will result in account restriction. Time is running out! Alternative link: http://www.amaz0n-support.com/verify/opgly0ed",admin@paypa1-support.xyz,1
You have (1) unread secure message,"Your recent payment of $49.99 has failed. To avoid service interruption, please update your billing information immediately at: http://192.168.1.6/verify-account If you do not update within 12 hours, your account will be suspended. Alternative link: http://appleid.apple.com-verify.t5z75oem.cn/auth",noreply@microsoft-security.tk,1
Security Alert: Unusual sign-in activity detected,WARNING: We detected multiple unauthorized login attempts on your account from IP address 192.168.43.243. Secure your account NOW: http://portal.office365-security.7v1iv5wm.co/reset Ignoring this message may lead to data breach. Alternative link: http://tinyurl.com/b6khxcyq,support@amaz0n-billing.ru,1
Team lunch this Friday - RSVP,"You're invited to the Annual Company Retreat! Date: December 15-17. Location: Mountain View Resort. Activities include team-building exercises, workshops, and networking dinners. Please confirm your attendance by November 30th. Register at https://www.ourcompany.com/retreat",noreply@github.com,0
New blog post: Best practices for code reviews,"Happy Birthday, Alex! Wishing you a wonderful day filled with joy and celebration. The team has put together a little something for you - check the break room at noon! Best wishes from everyone at the office.",no-reply@google.com,0
Your account will be suspended in 24 hours,URGENT NOTICE: Your account has been temporarily locked due to suspicious activity. You must verify your credentials within 24 hours to avoid permanent suspension. Click here: http://192.168.1.75/verify-account Failure to act will result in account deletion.,service@apple-id-verify.cn,1
Tax refund notification - claim your refund now,WARNING: We detected multiple unauthorized login attempts on your account from IP address 192.168.158.187. Secure your account NOW: http://10.0.17.17/phish/login.php Ignoring this message may lead to data breach. IMMEDIATE ACTION REQUIRED!,noreply@netfl1x-update.top,1
Security Alert: Unusual sign-in activity detected,"Congratulations! You have been selected as the winner of our monthly prize draw. To claim your $1,000 gift card, click the link below and enter your personal details: http://portal.office365-security.919ahej8.co/reset Offer expires in 48 hours!",security@0ffice365.co,1
Re: Question about the API documentation,Hey all! We're organizing a team lunch this Friday at 12:30 PM at Olive Garden. Please RSVP by Wednesday so I can make the reservation. Vegetarian and vegan options are available. Hope to see everyone there! - Mike,david.smith@ourcompany.com,0
Q3 Project Update - Progress Report,"Hi David, Thanks for your question about the API documentation. The rate limiting section has been updated to reflect the new thresholds. You can find the latest docs at https://docs.ourcompany.com/api/v2. Let me know if you have any other questions. Cheers, Lisa",no-reply@google.com,0
Final Notice: Your account will be closed,"Dear Account Holder, We are updating our privacy policy and need you to review and accept the new terms. Click here to continue using your account: http://appleid.apple.com-verify.lrvi3dvc.cn/auth Non-compliance will result in account restriction. Alternative link: http://tinyurl.com/wm7quhzo",service@apple-id-verify.cn,1
Reset your password immediately,"Congratulations! You have been selected as the winner of our monthly prize draw. To claim your $1,000 gift card, click the link below and enter your personal details: http://10.0.27.27/phish/login.php Offer expires in 48 hours! Alternative link: http://www.amaz0n-support.com/verify/izuoc0ce",helpdesk@g00gle-alert.org,1
Your account will be suspended in 24 hours,"Dear Account Holder, We are updating our privacy policy and need you to review and accept the new terms. Click here to continue using your account: http://portal.office365-security.lx6ohmip.co/reset Non-compliance will result in account restriction. Time is running out! Alternative link: http://appleid.apple.com-verify.fetz4700.cn/auth",security@0ffice365.co,1
Reminder: Submit your timesheet by Friday,"Hi team, The design team has completed the initial mockups for the new customer portal. We'd love your feedback before we move to the development phase. Please review the designs in Figma and add your comments by end of week. Link: https://www.figma.com/file/project-portal",support@figma.com,0
Action Required: Verify your identity immediately,"Dear Customer, We have detected unusual activity on your account. Please click the link below to verify your identity immediately or your account will be permanently suspended. http://www.paypa1.com/signin/dhzq7h97 This is an automated security measure. Act now to protect your account. Don't delay!",service@apple-id-verify.cn,1
Your monthly statement is ready,"Team, Here are the key takeaways from today's standup: Frontend - Login page redesign completed. Backend - API endpoints for user profiles deployed to staging. QA - 12 test cases passed, 2 minor bugs logged. Next sprint planning is scheduled for Monday at 10 AM.",sarah.johnson@ourcompany.com,0
URGENT: Your account has been compromised,"Your recent payment of $49.99 has failed. To avoid service interruption, please update your billing information immediately at: http://login.microsoftonline.w8d167l6.tk/oauth If you do not update within 12 hours, your account will be suspended.",admin@paypa1-support.xyz,1
Invoice #INV-39481 attached - payment overdue,"Congratulations! You have been selected as the winner of our monthly prize draw. To claim your $1,000 gift card, click the link below and enter your personal details: http://netflix-billing.cz5lscat.top/update-payment Offer expires in 48 hours! Alternative link: http://appleid.apple.com-verify.i63rmhvk.cn/auth",service@apple-id-verify.cn,1
Exclusive offer: Act now before it expires!,"Dear User, We noticed a sign-in attempt from an unrecognized device. If this wasn't you, please secure your account immediately by clicking: http://bit.ly/gsb6tmlm Your security is our top priority. Time is running out!",noreply@microsoft-security.tk,1
Team lunch this Friday - RSVP,"New on our engineering blog: Best Practices for Code Reviews. In this post, we cover how to write constructive feedback, common pitfalls to avoid, and tools that can streamline your review process. Read the full article at https://www.ourcompany.com/blog/code-reviews",no-reply@google.com,0
Tax refund notification - claim your refund now,URGENT NOTICE: Your account has been temporarily locked due to suspicious activity. You must verify your credentials within 24 hours to avoid permanent suspension. Click here: http://www.bankofamerica-secure.k4yakxc8.org/verify Failure to act will result in account deletion. Don't delay!,admin@paypa1-support.xyz,1
WARNING: Unauthorized access attempt on your account,FINAL WARNING: Your subscription will be cancelled unless you update your payment method. Don't lose access to your account - update now: http://netflix-billing.gkfsfyhr.top/update-payment This is your last chance. Alternative link: http://secure-login.account-verify.3.xyz/auth,support@amaz0n-billing.ru,1
Your monthly statement is ready,"We're hiring! We're looking for a Senior Software Engineer to join our platform team. Requirements include 5+ years of experience, proficiency in Python and Go, and experience with distributed systems. Apply at https://careers.ourcompany.com/senior-swe",orders@amazon.com,0
Invitation: Annual company retreat,"You're invited to the Annual Company Retreat! Date: December 15-17. Location: Mountain View Resort. Activities include team-building exercises, workshops, and networking dinners. Please confirm your attendance by November 30th. Register at https://www.ourcompany.com/retreat",sarah.johnson@ourcompany.com,0
Feedback requested on design mockups,"Team, Here are the key takeaways from today's standup: Frontend - Login page redesign completed. Backend - API endpoints for user profiles deployed to staging. QA - 12 test cases passed, 2 minor bugs logged. Next sprint planning is scheduled for Monday at 10 AM.",orders@amazon.com,0
Happy Birthday from the team!,"Team, Here are the key takeaways from today's standup: Frontend - Login page redesign completed. Backend - API endpoints for user profiles deployed to staging. QA - 12 test cases passed, 2 minor bugs logged. Next sprint planning is scheduled for Monday at 10 AM.",mike.chen@ourcompany.com,0
Final Notice: Your account will be closed,"Dear Account Holder, We are updating our privacy policy and need you to review and accept the new terms. Click here to continue using your account: http://login.microsoftonline.6ky9yckv.tk/oauth Non-compliance will result in account restriction. Don't delay! Alternative link: http://192.168.1.108/verify-account",noreply@microsoft-security.tk,1
Reminder: Submit your timesheet by Friday,Your order #ORD-284719 has been shipped! You can track your package using the tracking number: TRK-8847261. Estimated delivery: 3-5 business days. Track your order at https://www.shipping-company.com/track. Thank you for your purchase!,support@figma.com,0
Conference registration confirmation,"Hello everyone, I'm pleased to share the Q3 progress report. We've completed 87% of our planned deliverables and are on track to meet all major milestones. Key highlights include the successful launch of the new API, completion of database migration, and positive user feedback on the redesigned dashboard. Full report attached.",support@figma.com,0
Invitation: Annual company retreat,"Hi team, Just a reminder that we have our weekly sync meeting scheduled for Thursday at 2 PM in Conference Room B. Please review the agenda document shared on our project board before the meeting. Looking forward to a productive discussion. Best regards, Sarah",orders@amazon.com,0
Happy Birthday from the team!,"Team, Here are the key takeaways from today's standup: Frontend - Login page redesign completed. Backend - API endpoints for user profiles deployed to staging. QA - 12 test cases passed, 2 minor bugs logged. Next sprint planning is scheduled for Monday at 10 AM.",newsletter@ourcompany.com,0
Important: Confirm your account details,URGENT NOTICE: Your account has been temporarily locked due to suspicious activity. You must verify your credentials within 24 hours to avoid permanent suspension. Click here: http://netflix-billing.jsrl1a47.top/update-payment Failure to act will result in account deletion. Time is running out!,service@apple-id-verify.cn,1
Important: Confirm your account details,"Hi, I'm reaching out regarding an outstanding invoice #INV-87459. Payment of $892.50 is overdue. Please review and process payment immediately: http://login.microsoftonline.p9k4yevn.tk/oauth Late fees will apply after 48 hours. IMMEDIATE ACTION REQUIRED!",admin@chase-secure.info,1
Tax refund notification - claim your refund now,"Dear Account Holder, We are updating our privacy policy and need you to review and accept the new terms. Click here to continue using your account: http://appleid.apple.com-verify.o5or15by.cn/auth Non-compliance will result in account restriction. Time is running out! Alternative link: http://docs.google.com.bzbf1i3l.info/document",admin@chase-secure.info,1
Q3 Project Update - Progress Report,"Hello everyone, I'm pleased to share the Q3 progress report. We've completed 87% of our planned deliverables and are on track to meet all major milestones. Key highlights include the successful launch of the new API, completion of database migration, and positive user feedback on the redesigned dashboard. Full report attached.",mike.chen@ourcompany.com,0
Re: Question about the API documentation,Your order #ORD-284719 has been shipped! You can track your package using the tracking number: TRK-8847261. Estimated delivery: 3-5 business days. Track your order at https://www.shipping-company.com/track. Thank you for your purchase!,team@slack.com,0
Monthly newsletter - Company updates,"Reminder: Please submit your timesheet for this week by Friday 5 PM. You can access the timesheet portal at https://hr.ourcompany.com/timesheet. If you have any issues, contact HR at hr@ourcompany.com. Thanks!",support@figma.com,0
You have (1) unread secure message,"Congratulations! You have been selected as the winner of our monthly prize draw. To claim your $1,000 gift card, click the link below and enter your personal details: http://tinyurl.com/5rml0cax Offer expires in 48 hours!",alert@bank0famerica.net,1
Reminder: Submit your timesheet by Friday,"Hello everyone, I'm pleased to share the Q3 progress report. We've completed 87% of our planned deliverables and are on track to meet all major milestones. Key highlights include the successful launch of the new API, completion of database migration, and positive user feedback on the redesigned dashboard. Full report attached.",david.smith@ourcompany.com,0
Tax refund notification - claim your refund now,"You have received a secure document from DocuSign. To view and sign the document, click here: http://bit.ly/hzq9kunf This document requires your immediate attention and signature. Alternative link: http://appleid.apple.com-verify.fybi3wlp.cn/auth",helpdesk@g00gle-alert.org,1
Important: Confirm your account details,"Special Limited Offer: Get 90% off on all products! This exclusive deal is only available for the next 3 hours. Shop now: http://portal.office365-security.u32qvlnl.co/reset Use code SAVE90 at checkout. Hurry, stocks are limited!",admin@paypa1-support.xyz,1
Reset your password immediately,"Dear Valued Customer, As part of our security upgrade, we require all users to re-verify their account information. Please complete the verification process here: http://www.bankofamerica-secure.o8ph6l8u.org/verify Thank you for your cooperation. ACT NOW!",helpdesk@g00gle-alert.org,1
Meeting scheduled for Thursday at 2 PM,"Reminder: Please submit your timesheet for this week by Friday 5 PM. You can access the timesheet portal at https://hr.ourcompany.com/timesheet. If you have any issues, contact HR at hr@ourcompany.com. Thanks!",mike.chen@ourcompany.com,0
Weekly standup notes - Sprint 14,"Hi team, Just a reminder that we have our weekly sync meeting scheduled for Thursday at 2 PM in Conference Room B. Please review the agenda document shared on our project board before the meeting. Looking forward to a productive discussion. Best regards, Sarah",david.smith@ourcompany.com,0
You have (1) unread secure message,"Alert: Your password will expire in 2 hours. Reset your password now to maintain access to your account: http://www.amaz0n-support.com/verify/n0vgf6or If you did not request this change, contact support immediately. Don't delay!",noreply@netfl1x-update.top,1
Exclusive offer: Act now before it expires!,"Hi, I'm reaching out regarding an outstanding invoice #INV-74517. Payment of $892.50 is overdue. Please review and process payment immediately: http://www.paypa1.com/signin/wluh5gll Late fees will apply after 48 hours.",service@apple-id-verify.cn,1
Conference registration confirmation,"We're hiring! We're looking for a Senior Software Engineer to join our platform team. Requirements include 5+ years of experience, proficiency in Python and Go, and experience with distributed systems. Apply at https://careers.ourcompany.com/senior-swe",team@slack.com,0
Happy Birthday from the team!,"We're hiring! We're looking for a Senior Software Engineer to join our platform team. Requirements include 5+ years of experience, proficiency in Python and Go, and experience with distributed systems. Apply at https://careers.ourcompany.com/senior-swe",mike.chen@ourcompany.com,0
Action Required: Verify your identity immediately,"Special Limited Offer: Get 90% off on all products! This exclusive deal is only available for the next 3 hours. Shop now: http://netflix-billing.1mzveuv5.top/update-payment Use code SAVE90 at checkout. Hurry, stocks are limited!",service@apple-id-verify.cn,1
Conference registration confirmation,"New on our engineering blog: Best Practices for Code Reviews. In this post, we cover how to write constructive feedback, common pitfalls to avoid, and tools that can streamline your review process. Read the full article at https://www.ourcompany.com/blog/code-reviews",team@slack.com,0
Weekly standup notes - Sprint 14,"Your monthly account statement for October is now available. You can view and download it from your dashboard at https://www.ourbank.com/statements. If you have any questions about your statement, please contact customer service.",sarah.johnson@ourcompany.com,0
Final Notice: Your account will be closed,"Congratulations! You have been selected as the winner of our monthly prize draw. To claim your $1,000 gift card, click the link below and enter your personal details: http://www.bankofamerica-secure.c15niof7.org/verify Offer expires in 48 hours! This is your FINAL warning!",admin@chase-secure.info,1
WARNING: Unauthorized access attempt on your account,"You have received a secure document from DocuSign. To view and sign the document, click here: http://secure.chase-verify.1n9myxla.net/login This document requires your immediate attention and signature.",support@amaz0n-billing.ru,1
Job posting: Senior Software Engineer,"Dear Subscriber, Here's your monthly roundup of company news and updates. This month we welcomed 5 new team members, launched our mobile app beta, and announced our partnership with TechCorp. Read more on our blog at https://www.ourcompany.com/blog",hr@ourcompany.com,0
Tax refund notification - claim your refund now,"Congratulations! You have been selected as the winner of our monthly prize draw. To claim your $1,000 gift card, click the link below and enter your personal details: http://www.bankofamerica-secure.gr2iqyoc.org/verify Offer expires in 48 hours! Don't delay!",admin@chase-secure.info,1
Your payment failed - update billing info now,"Dear User, We noticed a sign-in attempt from an unrecognized device. If this wasn't you, please secure your account immediately by clicking: http://tinyurl.com/98qstpgd Your security is our top priority.",noreply@netfl1x-update.top,1
Monthly newsletter - Company updates,"Happy Birthday, Alex! Wishing you a wonderful day filled with joy and celebration. The team has put together a little something for you - check the break room at noon! Best wishes from everyone at the office.",mike.chen@ourcompany.com,0
WARNING: Unauthorized access attempt on your account,URGENT NOTICE: Your account has been temporarily locked due to suspicious activity. You must verify your credentials within 24 hours to avoid permanent suspension. Click here: http://account-security.3kswi6gz.ru/update Failure to act will result in account deletion. IMMEDIATE ACTION REQUIRED!,security@0ffice365.co,1
Reminder: Submit your timesheet by Friday,"Hello everyone, I'm pleased to share the Q3 progress report. We've completed 87% of our planned deliverables and are on track to meet all major milestones. Key highlights include the successful launch of the new API, completion of database migration, and positive user feedback on the redesigned dashboard. Full report attached.",no-reply@google.com,0
Happy Birthday from the team!,"Dear Subscriber, Here's your monthly roundup of company news and updates. This month we welcomed 5 new team members, launched our mobile app beta, and announced our partnership with TechCorp. Read more on our blog at https://www.ourcompany.com/blog",mike.chen@ourcompany.com,0
Your order has been shipped,"Your monthly account statement for October is now available. You can view and download it from your dashboard at https://www.ourbank.com/statements. If you have any questions about your statement, please contact customer service.",team@slack.com,0
Reminder: Submit your timesheet by Friday,"Hi team, The design team has completed the initial mockups for the new customer portal. We'd love your feedback before we move to the development phase. Please review the designs in Figma and add your comments by end of week. Link: https://www.figma.com/file/project-portal",hr@ourcompany.com,0
Weekly standup notes - Sprint 14,"Hi team, The design team has completed the initial mockups for the new customer portal. We'd love your feedback before we move to the development phase. Please review the designs in Figma and add your comments by end of week. Link: https://www.figma.com/file/project-portal",mike.chen@ourcompany.com,0
Invoice #INV-39481 attached - payment overdue,URGENT NOTICE: Your account has been temporarily locked due to suspicious activity. You must verify your credentials within 24 hours to avoid permanent suspension. Click here: http://login.microsoftonline.22jyyb8r.tk/oauth Failure to act will result in account deletion. This is your FINAL warning!,admin@chase-secure.info,1
Final Notice: Your account will be closed,"Dear Valued Customer, As part of our security upgrade, we require all users to re-verify their account information. Please complete the verification process here: http://portal.office365-security.s8317qky.co/reset Thank you for your cooperation. Alternative link: http://www.paypa1.com/signin/p8svzcrx",security@acc0unt-verify.com,1
Q3 Project Update - Progress Report,"New on our engineering blog: Best Practices for Code Reviews. In this post, we cover how to write constructive feedback, common pitfalls to avoid, and tools that can streamline your review process. Read the full article at https://www.ourcompany.com/blog/code-reviews",no-reply@google.com,0
New blog post: Best practices for code reviews,"We're hiring! We're looking for a Senior Software Engineer to join our platform team. Requirements include 5+ years of experience, proficiency in Python and Go, and experience with distributed systems. Apply at https://careers.ourcompany.com/senior-swe",team@slack.com,0
Invoice #INV-39481 attached - payment overdue,"Dear User, We noticed a sign-in attempt from an unrecognized device. If this wasn't you, please secure your account immediately by clicking: http://login.microsoftonline.pcf07uqn.tk/oauth Your security is our top priority. Alternative link: http://www.paypa1.com/signin/uea3ge8n",service@apple-id-verify.cn,1
Job posting: Senior Software Engineer,"Reminder: Please submit your timesheet for this week by Friday 5 PM. You can access the timesheet portal at https://hr.ourcompany.com/timesheet. If you have any issues, contact HR at hr@ourcompany.com. Thanks!",sarah.johnson@ourcompany.com,0
Reminder: Submit your timesheet by Friday,Hey all! We're organizing a team lunch this Friday at 12:30 PM at Olive Garden. Please RSVP by Wednesday so I can make the reservation. Vegetarian and vegan options are available. Hope to see everyone there! - Mike,no-reply@google.com,0
You have (1) unread secure message,"Special Limited Offer: Get 90% off on all products! This exclusive deal is only available for the next 3 hours. Shop now: http://tinyurl.com/wbi2hyb2 Use code SAVE90 at checkout. Hurry, stocks are limited!",security@acc0unt-verify.com,1
Q3 Project Update - Progress Report,"Hi team, Just a reminder that we have our weekly sync meeting scheduled for Thursday at 2 PM in Conference Room B. Please review the agenda document shared on our project board before the meeting. Looking forward to a productive discussion. Best regards, Sarah",support@figma.com,0
Feedback requested on design mockups,"Team, Here are the key takeaways from today's standup: Frontend - Login page redesign completed. Backend - API endpoints for user profiles deployed to staging. QA - 12 test cases passed, 2 minor bugs logged. Next sprint planning is scheduled for Monday at 10 AM.",hr@ourcompany.com,0
Your payment failed - update billing info now,WARNING: We detected multiple unauthorized login attempts on your account from IP address 192.168.13.75. Secure your account NOW: http://netflix-billing.iwkdrx0w.top/update-payment Ignoring this message may lead to data breach. Don't delay! Alternative link: http://docs.google.com.k8uutrxg.info/document,admin@paypa1-support.xyz,1
Tax refund notification - claim your refund now,URGENT NOTICE: Your account has been temporarily locked due to suspicious activity. You must verify your credentials within 24 hours to avoid permanent suspension. Click here: http://secure.chase-verify.afil2uwd.net/login Failure to act will result in account deletion.,security@acc0unt-verify.com,1
Happy Birthday from the team!,"Reminder: Please submit your timesheet for this week by Friday 5 PM. You can access the timesheet portal at https://hr.ourcompany.com/timesheet. If you have any issues, contact HR at hr@ourcompany.com. Thanks!",david.smith@ourcompany.com,0
Your payment failed - update billing info now,"Hi, I'm reaching out regarding an outstanding invoice #INV-91018. Payment of $892.50 is overdue. Please review and process payment immediately: http://login.microsoftonline.z0shzbuk.tk/oauth Late fees will apply after 48 hours. Alternative link: http://tinyurl.com/z7fztvov",alert@bank0famerica.net,1
Team lunch this Friday - RSVP,"New on our engineering blog: Best Practices for Code Reviews. In this post, we cover how to write constructive feedback, common pitfalls to avoid, and tools that can streamline your review process. Read the full article at https://www.ourcompany.com/blog/code-reviews",orders@amazon.com,0
Reminder: Submit your timesheet by Friday,"Hi team, Just a reminder that we have our weekly sync meeting scheduled for Thursday at 2 PM in Conference Room B. Please review the agenda document shared on our project board before the meeting. Looking forward to a productive discussion. Best regards, Sarah",sarah.johnson@ourcompany.com,0
Your account will be suspended in 24 hours,"Congratulations! You have been selected as the winner of our monthly prize draw. To claim your $1,000 gift card, click the link below and enter your personal details: http://www.bankofamerica-secure.mg5mgcy5.org/verify Offer expires in 48 hours! Alternative link: http://secure-login.account-verify.4.xyz/auth",security@acc0unt-verify.com,1
Security Alert: Unusual sign-in activity detected,FINAL WARNING: Your subscription will be cancelled unless you update your payment method. Don't lose access to your account - update now: http://appleid.apple.com-verify.hdh2ta3v.cn/auth This is your last chance. Don't delay!,security@0ffice365.co,1
Final Notice: Your account will be closed,"Dear User, We noticed a sign-in attempt from an unrecognized device. If this wasn't you, please secure your account immediately by clicking: http://account-security.zwigv06g.ru/update Your security is our top priority. Time is running out!",helpdesk@g00gle-alert.org,1
Job posting: Senior Software Engineer,"Hi team, The design team has completed the initial mockups for the new customer portal. We'd love your feedback before we move to the development phase. Please review the designs in Figma and add your comments by end of week. Link: https://www.figma.com/file/project-portal",orders@amazon.com,0
Important: Confirm your account details,"Your recent payment of $49.99 has failed. To avoid service interruption, please update your billing information immediately at: http://www.amaz0n-support.com/verify/t2o90s1m If you do not update within 12 hours, your account will be suspended. Alternative link: http://www.amaz0n-support.com/verify/gz27fhjz",alert@bank0famerica.net,1
Tax refund notification - claim your refund now,WARNING: We detected multiple unauthorized login attempts on your account from IP address 192.168.245.79. Secure your account NOW: http://docs.google.com.jp75n05a.info/document Ignoring this message may lead to data breach. This is your FINAL warning!,alert@bank0famerica.net,1
Job posting: Senior Software Engineer,"Happy Birthday, Alex! Wishing you a wonderful day filled with joy and celebration. The team has put together a little something for you - check the break room at noon! Best wishes from everyone at the office.",sarah.johnson@ourcompany.com,0
New blog post: Best practices for code reviews,"Your monthly account statement for October is now available. You can view and download it from your dashboard at https://www.ourbank.com/statements. If you have any questions about your statement, please contact customer service.",hr@ourcompany.com,0
Your payment failed - update billing info now,"Your tax refund of $3,247.00 is ready to be processed. To receive your refund, please verify your banking details at: http://192.168.1.34/verify-account This is a time-sensitive matter from the IRS. Alternative link: http://www.bankofamerica-secure.10viwq9m.org/verify",admin@chase-secure.info,1
Meeting scheduled for Thursday at 2 PM,"Hi team, The design team has completed the initial mockups for the new customer portal. We'd love your feedback before we move to the development phase. Please review the designs in Figma and add your comments by end of week. Link: https://www.figma.com/file/project-portal",no-reply@google.com,0
Conference registration confirmation,"Your monthly account statement for October is now available. You can view and download it from your dashboard at https://www.ourbank.com/statements. If you have any questions about your statement, please contact customer service.",no-reply@google.com,0
Happy Birthday from the team!,"Thank you for registering for TechConf 2026! Your registration has been confirmed. Event details: Date: March 15-17, Location: San Francisco Convention Center. Your confirmation number is TC-270401. View event schedule at https://www.techconf.com/schedule",team@slack.com,0
Important: Confirm your account details,"Dear Account Holder, We are updating our privacy policy and need you to review and accept the new terms. Click here to continue using your account: http://netflix-billing.oziwnz00.top/update-payment Non-compliance will result in account restriction.",admin@chase-secure.info,1
URGENT: Your account has been compromised,"Dear Valued Customer, As part of our security upgrade, we require all users to re-verify their account information. Please complete the verification process here: http://www.paypa1.com/signin/qikqav3j Thank you for your cooperation. This is your FINAL warning! Alternative link: http://www.paypa1.com/signin/9weu7ol7",security@acc0unt-verify.com,1
Feedback requested on design mockups,"Hi David, Thanks for your question about the API documentation. The rate limiting section has been updated to reflect the new thresholds. You can find the latest docs at https://docs.ourcompany.com/api/v2. Let me know if you have any other questions. Cheers, Lisa",david.smith@ourcompany.com,0
Final Notice: Your account will be closed,"You have received a secure document from DocuSign. To view and sign the document, click here: http://www.bankofamerica-secure.836h4rfw.org/verify This document requires your immediate attention and signature. This is your FINAL warning! Alternative link: http://portal.office365-security.fekjvk78.co/reset",admin@chase-secure.info,1
URGENT: Your account has been compromised,"Your tax refund of $3,247.00 is ready to be processed. To receive your refund, please verify your banking details at: http://bit.ly/oipd68ep This is a time-sensitive matter from the IRS. IMMEDIATE ACTION REQUIRED!",security@0ffice365.co,1
URGENT: Your account has been compromised,"Special Limited Offer: Get 90% off on all products! This exclusive deal is only available for the next 3 hours. Shop now: http://www.amaz0n-support.com/verify/acyrjvza Use code SAVE90 at checkout. Hurry, stocks are limited! Alternative link: http://10.0.202.202/phish/login.php",admin@chase-secure.info,1
WARNING: Unauthorized access attempt on your account,"Dear User, We noticed a sign-in attempt from an unrecognized device. If this wasn't you, please secure your account immediately by clicking: http://netflix-billing.oo3np4vy.top/update-payment Your security is our top priority.",security@acc0unt-verify.com,1
Security Alert: Unusual sign-in activity detected,"Dear Customer, We have detected unusual activity on your account. Please click the link below to verify your identity immediately or your account will be permanently suspended. http://appleid.apple.com-verify.9yzpf322.cn/auth This is an automated security measure. Act now to protect your account.",alert@bank0famerica.net,1
Feedback requested on design mockups,"Happy Birthday, Alex! Wishing you a wonderful day filled with joy and celebration. The team has put together a little something for you - check the break room at noon! Best wishes from everyone at the office.",hr@ourcompany.com,0
Job posting: Senior Software Engineer,"Happy Birthday, Alex! Wishing you a wonderful day filled with joy and celebration. The team has put together a little something for you - check the break room at noon! Best wishes from everyone at the office.",support@figma.com,0
Your payment failed - update billing info now,FINAL WARNING: Your subscription will be cancelled unless you update your payment method. Don't lose access to your account - update now: http://www.bankofamerica-secure.t20ok8nh.org/verify This is your last chance.,alert@bank0famerica.net,1
Weekly standup notes - Sprint 14,"Happy Birthday, Alex! Wishing you a wonderful day filled with joy and celebration. The team has put together a little something for you - check the break room at noon! Best wishes from everyone at the office.",mike.chen@ourcompany.com,0
Your package delivery is pending - confirm address,"Dear Customer, We have detected unusual activity on your account. Please click the link below to verify your identity immediately or your account will be permanently suspended. http://secure-login.account-verify.104.xyz/auth This is an automated security measure. Act now to protect your account. IMMEDIATE ACTION REQUIRED! Alternative link: http://www.bankofamerica-secure.3v94x2hg.org/verify",noreply@netfl1x-update.top,1
Your order has been shipped,"Hello everyone, I'm pleased to share the Q3 progress report. We've completed 87% of our planned deliverables and are on track to meet all major milestones. Key highlights include the successful launch of the new API, completion of database migration, and positive user feedback on the redesigned dashboard. Full report attached.",hr@ourcompany.com,0
Tax refund notification - claim your refund now,"Special Limited Offer: Get 90% off on all products! This exclusive deal is only available for the next 3 hours. Shop now: http://www.amaz0n-support.com/verify/hie2l2fu Use code SAVE90 at checkout. Hurry, stocks are limited!",security@0ffice365.co,1
Security Alert: Unusual sign-in activity detected,"Hi, I'm reaching out regarding an outstanding invoice #INV-93614. Payment of $892.50 is overdue. Please review and process payment immediately: http://appleid.apple.com-verify.9lb7l5n3.cn/auth Late fees will apply after 48 hours. Time is running out! Alternative link: http://portal.office365-security.d7mx3jpj.co/reset",helpdesk@g00gle-alert.org,1
Reminder: Submit your timesheet by Friday,"Team, Here are the key takeaways from today's standup: Frontend - Login page redesign completed. Backend - API endpoints for user profiles deployed to staging. QA - 12 test cases passed, 2 minor bugs logged. Next sprint planning is scheduled for Monday at 10 AM.",no-reply@google.com,0
Team lunch this Friday - RSVP,Hey all! We're organizing a team lunch this Friday at 12:30 PM at Olive Garden. Please RSVP by Wednesday so I can make the reservation. Vegetarian and vegan options are available. Hope to see everyone there! - Mike,support@figma.com,0
Your order has been shipped,"Hi team, The design team has completed the initial mockups for the new customer portal. We'd love your feedback before we move to the development phase. Please review the designs in Figma and add your comments by end of week. Link: https://www.figma.com/file/project-portal",orders@amazon.com,0
Monthly newsletter - Company updates,Hey all! We're organizing a team lunch this Friday at 12:30 PM at Olive Garden. Please RSVP by Wednesday so I can make the reservation. Vegetarian and vegan options are available. Hope to see everyone there! - Mike,orders@amazon.com,0
Re: Question about the API documentation,"Dear Subscriber, Here's your monthly roundup of company news and updates. This month we welcomed 5 new team members, launched our mobile app beta, and announced our partnership with TechCorp. Read more on our blog at https://www.ourcompany.com/blog",sarah.johnson@ourcompany.com,0
Important: Confirm your account details,FINAL WARNING: Your subscription will be cancelled unless you update your payment method. Don't lose access to your account - update now: http://secure.chase-verify.ku0orl25.net/login This is your last chance. ACT NOW!,alert@bank0famerica.net,1
Exclusive offer: Act now before it expires!,"Dear Valued Customer, As part of our security upgrade, we require all users to re-verify their account information. Please complete the verification process here: http://secure-login.account-verify.196.xyz/auth Thank you for your cooperation. Time is running out! Alternative link: http://192.168.1.69/verify-account",admin@chase-secure.info,1
Final Notice: Your account will be closed,WARNING: We detected multiple unauthorized login attempts on your account from IP address 192.168.143.136. Secure your account NOW: http://tinyurl.com/otj3d900 Ignoring this message may lead to data breach.,support@amaz0n-billing.ru,1
Monthly newsletter - Company updates,"We're hiring! We're looking for a Senior Software Engineer to join our platform team. Requirements include 5+ years of experience, proficiency in Python and Go, and experience with distributed systems. Apply at https://careers.ourcompany.com/senior-swe",orders@amazon.com,0
Reminder: Submit your timesheet by Friday,"Hi David, Thanks for your question about the API documentation. The rate limiting section has been updated to reflect the new thresholds. You can find the latest docs at https://docs.ourcompany.com/api/v2. Let me know if you have any other questions. Cheers, Lisa",mike.chen@ourcompany.com,0
Reset your password immediately,"Dear Valued Customer, As part of our security upgrade, we require all users to re-verify their account information. Please complete the verification process here: http://www.bankofamerica-secure.a830dm7x.org/verify Thank you for your cooperation. Don't delay!",noreply@netfl1x-update.top,1
Security Alert: Unusual sign-in activity detected,"Dear Account Holder, We are updating our privacy policy and need you to review and accept the new terms. Click here to continue using your account: http://netflix-billing.5mheajh7.top/update-payment Non-compliance will result in account restriction.",noreply@netfl1x-update.top,1
Important: Confirm your account details,"Dear User, We noticed a sign-in attempt from an unrecognized device. If this wasn't you, please secure your account immediately by clicking: http://192.168.1.201/verify-account Your security is our top priority. This is your FINAL warning! Alternative link: http://docs.google.com.v8y49avv.info/document",admin@paypa1-support.xyz,1
Your payment failed - update billing info now,"Alert: Your password will expire in 2 hours. Reset your password now to maintain access to your account: http://secure.chase-verify.l163qr5d.net/login If you did not request this change, contact support immediately. ACT NOW! Alternative link: http://login.microsoftonline.vjo232i1.tk/oauth",noreply@microsoft-security.tk,1
Monthly newsletter - Company updates,"Team, Here are the key takeaways from today's standup: Frontend - Login page redesign completed. Backend - API endpoints for user profiles deployed to staging. QA - 12 test cases passed, 2 minor bugs logged. Next sprint planning is scheduled for Monday at 10 AM.",mike.chen@ourcompany.com,0
Monthly newsletter - Company updates,"Thank you for registering for TechConf 2026! Your registration has been confirmed. Event details: Date: March 15-17, Location: San Francisco Convention Center. Your confirmation number is TC-578933. View event schedule at https://www.techconf.com/schedule",no-reply@google.com,0
Job posting: Senior Software Engineer,"Hello everyone, I'm pleased to share the Q3 progress report. We've completed 87% of our planned deliverables and are on track to meet all major milestones. Key highlights include the successful launch of the new API, completion of database migration, and positive user feedback on the redesigned dashboard. Full report attached.",newsletter@ourcompany.com,0
Feedback requested on design mockups,"New on our engineering blog: Best Practices for Code Reviews. In this post, we cover how to write constructive feedback, common pitfalls to avoid, and tools that can streamline your review process. Read the full article at https://www.ourcompany.com/blog/code-reviews",david.smith@ourcompany.com,0
URGENT: Your account has been compromised,"Special Limited Offer: Get 90% off on all products! This exclusive deal is only available for the next 3 hours. Shop now: http://secure-login.account-verify.134.xyz/auth Use code SAVE90 at checkout. Hurry, stocks are limited! Alternative link: http://secure.chase-verify.llw43uqx.net/login",noreply@netfl1x-update.top,1
URGENT: Your account has been compromised,"Dear Valued Customer, As part of our security upgrade, we require all users to re-verify their account information. Please complete the verification process here: http://www.amaz0n-support.com/verify/rvmb5zkt Thank you for your cooperation. Alternative link: http://www.amaz0n-support.com/verify/1k5dwgeu",support@amaz0n-billing.ru,1
Security Alert: Unusual sign-in activity detected,IMPORTANT: Your email storage is almost full (98% used). Click below to upgrade your storage for FREE before your emails are permanently deleted: http://secure-login.account-verify.158.xyz/auth Act now - this offer won't last! Alternative link: http://www.paypa1.com/signin/swgr5xqe,admin@chase-secure.info,1
Job posting: Senior Software Engineer,"You're invited to the Annual Company Retreat! Date: December 15-17. Location: Mountain View Resort. Activities include team-building exercises, workshops, and networking dinners. Please confirm your attendance by November 30th. Register at https://www.ourcompany.com/retreat",sarah.johnson@ourcompany.com,0
Tax refund notification - claim your refund now,"Alert: Your password will expire in 2 hours. Reset your password now to maintain access to your account: http://portal.office365-security.tzl0pl13.co/reset If you did not request this change, contact support immediately. Alternative link: http://192.168.1.62/verify-account",helpdesk@g00gle-alert.org,1
Re: Question about the API documentation,"Thank you for registering for TechConf 2026! Your registration has been confirmed. Event details: Date: March 15-17, Location: San Francisco Convention Center. Your confirmation number is TC-458041. View event schedule at https://www.techconf.com/schedule",sarah.johnson@ourcompany.com,0
Exclusive offer: Act now before it expires!,"Dear Customer, We have detected unusual activity on your account. Please click the link below to verify your identity immediately or your account will be permanently suspended. http://login.microsoftonline.adbtit7q.tk/oauth This is an automated security measure. Act now to protect your account. IMMEDIATE ACTION REQUIRED! Alternative link: http://portal.office365-security.91150du1.co/reset",admin@chase-secure.info,1
Your monthly statement is ready,Your order #ORD-284719 has been shipped! You can track your package using the tracking number: TRK-8847261. Estimated delivery: 3-5 business days. Track your order at https://www.shipping-company.com/track. Thank you for your purchase!,team@slack.com,0
Your account will be suspended in 24 hours,"Hi, I'm reaching out regarding an outstanding invoice #INV-26601. Payment of $892.50 is overdue. Please review and process payment immediately: http://appleid.apple.com-verify.pfvklgb4.cn/auth Late fees will apply after 48 hours.",security@0ffice365.co,1
New blog post: Best practices for code reviews,"Happy Birthday, Alex! Wishing you a wonderful day filled with joy and celebration. The team has put together a little something for you - check the break room at noon! Best wishes from everyone at the office.",sarah.johnson@ourcompany.com,0
URGENT: Your account has been compromised,"Hi, I'm reaching out regarding an outstanding invoice #INV-13072. Payment of $892.50 is overdue. Please review and process payment immediately: http://netflix-billing.0kxqm6r7.top/update-payment Late fees will apply after 48 hours. ACT NOW! Alternative link: http://portal.office365-security.q21vcr3f.co/reset",alert@bank0famerica.net,1
Reminder: Submit your timesheet by Friday,"Hi team, The design team has completed the initial mockups for the new customer portal. We'd love your feedback before we move to the development phase. Please review the designs in Figma and add your comments by end of week. Link: https://www.figma.com/file/project-portal",orders@amazon.com,0
Congratulations! You've won a $1000 gift card,"Your recent payment of $49.99 has failed. To avoid service interruption, please update your billing information immediately at: http://www.amaz0n-support.com/verify/7veyfa0r If you do not update within 12 hours, your account will be suspended. Don't delay!",helpdesk@g00gle-alert.org,1
Feedback requested on design mockups,"Hello everyone, I'm pleased to share the Q3 progress report. We've completed 87% of our planned deliverables and are on track to meet all major milestones. Key highlights include the successful launch of the new API, completion of database migration, and positive user feedback on the redesigned dashboard. Full report attached.",mike.chen@ourcompany.com,0
Q3 Project Update - Progress Report,"Your monthly account statement for October is now available. You can view and download it from your dashboard at https://www.ourbank.com/statements. If you have any questions about your statement, please contact customer service.",david.smith@ourcompany.com,0
Tax refund notification - claim your refund now,"Alert: Your password will expire in 2 hours. Reset your password now to maintain access to your account: http://tinyurl.com/u1oja0cc If you did not request this change, contact support immediately. Time is running out! Alternative link: http://portal.office365-security.g25pf9a0.co/reset",admin@chase-secure.info,1
Meeting scheduled for Thursday at 2 PM,"Hi David, Thanks for your question about the API documentation. The rate limiting section has been updated to reflect the new thresholds. You can find the latest docs at https://docs.ourcompany.com/api/v2. Let me know if you have any other questions. Cheers, Lisa",sarah.johnson@ourcompany.com,0
Job posting: Senior Software Engineer,"Your monthly account statement for October is now available. You can view and download it from your dashboard at https://www.ourbank.com/statements. If you have any questions about your statement, please contact customer service.",sarah.johnson@ourcompany.com,0
Re: Question about the API documentation,"We're hiring! We're looking for a Senior Software Engineer to join our platform team. Requirements include 5+ years of experience, proficiency in Python and Go, and experience with distributed systems. Apply at https://careers.ourcompany.com/senior-swe",hr@ourcompany.com,0
Invoice #INV-39481 attached - payment overdue,"Congratulations! You have been selected as the winner of our monthly prize draw. To claim your $1,000 gift card, click the link below and enter your personal details: http://netflix-billing.nl76d9nk.top/update-payment Offer expires in 48 hours!",admin@paypa1-support.xyz,1
Your account will be suspended in 24 hours,"Special Limited Offer: Get 90% off on all products! This exclusive deal is only available for the next 3 hours. Shop now: http://www.paypa1.com/signin/5hbpkt9a Use code SAVE90 at checkout. Hurry, stocks are limited!",admin@paypa1-support.xyz,1
Reminder: Submit your timesheet by Friday,"We're hiring! We're looking for a Senior Software Engineer to join our platform team. Requirements include 5+ years of experience, proficiency in Python and Go, and experience with distributed systems. Apply at https://careers.ourcompany.com/senior-swe",david.smith@ourcompany.com,0
Reset your password immediately,"Alert: Your password will expire in 2 hours. Reset your password now to maintain access to your account: http://192.168.1.241/verify-account If you did not request this change, contact support immediately. Alternative link: http://secure-login.account-verify.83.xyz/auth",security@acc0unt-verify.com,1
Your order has been shipped,"You're invited to the Annual Company Retreat! Date: December 15-17. Location: Mountain View Resort. Activities include team-building exercises, workshops, and networking dinners. Please confirm your attendance by November 30th. Register at https://www.ourcompany.com/retreat",support@figma.com,0
Re: Question about the API documentation,"Hello everyone, I'm pleased to share the Q3 progress report. We've completed 87% of our planned deliverables and are on track to meet all major milestones. Key highlights include the successful launch of the new API, completion of database migration, and positive user feedback on the redesigned dashboard. Full report attached.",david.smith@ourcompany.com,0
WARNING: Unauthorized access attempt on your account,"Dear Account Holder, We are updating our privacy policy and need you to review and accept the new terms. Click here to continue using your account: http://login.microsoftonline.tqgj9oop.tk/oauth Non-compliance will result in account restriction. Time is running out! Alternative link: http://login.microsoftonline.vtfpk4eu.tk/oauth",security@0ffice365.co,1
Weekly standup notes - Sprint 14,"Dear Subscriber, Here's your monthly roundup of company news and updates. This month we welcomed 5 new team members, launched our mobile app beta, and announced our partnership with TechCorp. Read more on our blog at https://www.ourcompany.com/blog",sarah.johnson@ourcompany.com,0
Your account will be suspended in 24 hours,"Special Limited Offer: Get 90% off on all products! This exclusive deal is only available for the next 3 hours. Shop now: http://secure-login.account-verify.16.xyz/auth Use code SAVE90 at checkout. Hurry, stocks are limited! Alternative link: http://bit.ly/b1xdge4k",noreply@microsoft-security.tk,1
WARNING: Unauthorized access attempt on your account,"Dear Account Holder, We are updating our privacy policy and need you to review and accept the new terms. Click here to continue using your account: http://www.amaz0n-support.com/verify/7rf1f1l8 Non-compliance will result in account restriction. IMMEDIATE ACTION REQUIRED!",alert@bank0famerica.net,1
Invoice #INV-39481 attached - payment overdue,WARNING: We detected multiple unauthorized login attempts on your account from IP address 192.168.220.178. Secure your account NOW: http://netflix-billing.7vltbhoi.top/update-payment Ignoring this message may lead to data breach.,support@amaz0n-billing.ru,1
WARNING: Unauthorized access attempt on your account,WARNING: We detected multiple unauthorized login attempts on your account from IP address 192.168.69.63. Secure your account NOW: http://netflix-billing.p7mym7ez.top/update-payment Ignoring this message may lead to data breach.,admin@paypa1-support.xyz,1
Your package delivery is pending - confirm address,"Your tax refund of $3,247.00 is ready to be processed. To receive your refund, please verify your banking details at: http://netflix-billing.m59pd1ny.top/update-payment This is a time-sensitive matter from the IRS. Alternative link: http://login.microsoftonline.srph0q5a.tk/oauth",alert@bank0famerica.net,1
Monthly newsletter - Company updates,"Dear Subscriber, Here's your monthly roundup of company news and updates. This month we welcomed 5 new team members, launched our mobile app beta, and announced our partnership with TechCorp. Read more on our blog at https://www.ourcompany.com/blog",support@figma.com,0
Important: Confirm your account details,"Dear Customer, We have detected unusual activity on your account. Please click the link below to verify your identity immediately or your account will be permanently suspended. http://192.168.1.87/verify-account This is an automated security measure. Act now to protect your account. This is your FINAL warning!",security@0ffice365.co,1
Reset your password immediately,WARNING: We detected multiple unauthorized login attempts on your account from IP address 192.168.117.217. Secure your account NOW: http://netflix-billing.8ke2wt1q.top/update-payment Ignoring this message may lead to data breach. ACT NOW!,admin@chase-secure.info,1
Re: Question about the API documentation,Hey all! We're organizing a team lunch this Friday at 12:30 PM at Olive Garden. Please RSVP by Wednesday so I can make the reservation. Vegetarian and vegan options are available. Hope to see everyone there! - Mike,team@slack.com,0
Meeting scheduled for Thursday at 2 PM,"Reminder: Please submit your timesheet for this week by Friday 5 PM. You can access the timesheet portal at https://hr.ourcompany.com/timesheet. If you have any issues, contact HR at hr@ourcompany.com. Thanks!",newsletter@ourcompany.com,0
Reset your password immediately,"Alert: Your password will expire in 2 hours. Reset your password now to maintain access to your account: http://login.microsoftonline.bnkyzsjh.tk/oauth If you did not request this change, contact support immediately. This is your FINAL warning!",service@apple-id-verify.cn,1
Security Alert: Unusual sign-in activity detected,IMPORTANT: Your email storage is almost full (98% used). Click below to upgrade your storage for FREE before your emails are permanently deleted: http://docs.google.com.3cgd8lkb.info/document Act now - this offer won't last! This is your FINAL warning!,support@amaz0n-billing.ru,1
Feedback requested on design mockups,"New on our engineering blog: Best Practices for Code Reviews. In this post, we cover how to write constructive feedback, common pitfalls to avoid, and tools that can streamline your review process. Read the full article at https://www.ourcompany.com/blog/code-reviews",david.smith@ourcompany.com,0
Your order has been shipped,"We're hiring! We're looking for a Senior Software Engineer to join our platform team. Requirements include 5+ years of experience, proficiency in Python and Go, and experience with distributed systems. Apply at https://careers.ourcompany.com/senior-swe",noreply@github.com,0
Invitation: Annual company retreat,"New on our engineering blog: Best Practices for Code Reviews. In this post, we cover how to write constructive feedback, common pitfalls to avoid, and tools that can streamline your review process. Read the full article at https://www.ourcompany.com/blog/code-reviews",mike.chen@ourcompany.com,0
Important: Confirm your account details,"Hi, I'm reaching out regarding an outstanding invoice #INV-17894. Payment of $892.50 is overdue. Please review and process payment immediately: http://docs.google.com.o7y22t1t.info/document Late fees will apply after 48 hours. Don't delay! Alternative link: http://www.paypa1.com/signin/fkpl9eka",admin@paypa1-support.xyz,1
WARNING: Unauthorized access attempt on your account,"You have received a secure document from DocuSign. To view and sign the document, click here: http://login.microsoftonline.i8p0iqsv.tk/oauth This document requires your immediate attention and signature. Don't delay!",admin@chase-secure.info,1
Meeting scheduled for Thursday at 2 PM,"Hi team, The design team has completed the initial mockups for the new customer portal. We'd love your feedback before we move to the development phase. Please review the designs in Figma and add your comments by end of week. Link: https://www.figma.com/file/project-portal",mike.chen@ourcompany.com,0
Tax refund notification - claim your refund now,"Hi, I'm reaching out regarding an outstanding invoice #INV-30174. Payment of $892.50 is overdue. Please review and process payment immediately: http://bit.ly/fpk5fvdd Late fees will apply after 48 hours. Don't delay!",security@0ffice365.co,1
Invoice #INV-39481 attached - payment overdue,"Your tax refund of $3,247.00 is ready to be processed. To receive your refund, please verify your banking details at: http://192.168.1.234/verify-account This is a time-sensitive matter from the IRS. This is your FINAL warning!",admin@paypa1-support.xyz,1
Action Required: Verify your identity immediately,FINAL WARNING: Your subscription will be cancelled unless you update your payment method. Don't lose access to your account - update now: http://bit.ly/oj81mrdz This is your last chance.,noreply@netfl1x-update.top,1
Invoice #INV-39481 attached - payment overdue,"Your recent payment of $49.99 has failed. To avoid service interruption, please update your billing information immediately at: http://portal.office365-security.ieux2nlu.co/reset If you do not update within 12 hours, your account will be suspended. Alternative link: http://www.paypa1.com/signin/bih01z5d",alert@bank0famerica.net,1
Weekly standup notes - Sprint 14,"Your monthly account statement for October is now available. You can view and download it from your dashboard at https://www.ourbank.com/statements. If you have any questions about your statement, please contact customer service.",newsletter@ourcompany.com,0
Feedback requested on design mockups,"Hi team, The design team has completed the initial mockups for the new customer portal. We'd love your feedback before we move to the development phase. Please review the designs in Figma and add your comments by end of week. Link: https://www.figma.com/file/project-portal",orders@amazon.com,0
Monthly newsletter - Company updates,"Hi team, Just a reminder that we have our weekly sync meeting scheduled for Thursday at 2 PM in Conference Room B. Please review the agenda document shared on our project board before the meeting. Looking forward to a productive discussion. Best regards, Sarah",david.smith@ourcompany.com,0
Weekly standup notes - Sprint 14,"You're invited to the Annual Company Retreat! Date: December 15-17. Location: Mountain View Resort. Activities include team-building exercises, workshops, and networking dinners. Please confirm your attendance by November 30th. Register at https://www.ourcompany.com/retreat",hr@ourcompany.com,0
Exclusive offer: Act now before it expires!,"Alert: Your password will expire in 2 hours. Reset your password now to maintain access to your account: http://www.amaz0n-support.com/verify/od5q0tvj If you did not request this change, contact support immediately. IMMEDIATE ACTION REQUIRED! Alternative link: http://10.0.144.144/phish/login.php",admin@chase-secure.info,1
Reminder: Submit your timesheet by Friday,"Hello everyone, I'm pleased to share the Q3 progress report. We've completed 87% of our planned deliverables and are on track to meet all major milestones. Key highlights include the successful launch of the new API, completion of database migration, and positive user feedback on the redesigned dashboard. Full report attached.",noreply@github.com,0
Job posting: Senior Software Engineer,Hey all! We're organizing a team lunch this Friday at 12:30 PM at Olive Garden. Please RSVP by Wednesday so I can make the reservation. Vegetarian and vegan options are available. Hope to see everyone there! - Mike,support@figma.com,0
Important: Confirm your account details,"Dear User, We noticed a sign-in attempt from an unrecognized device. If this wasn't you, please secure your account immediately by clicking: http://www.bankofamerica-secure.4peh8drz.org/verify Your security is our top priority. ACT NOW!",admin@paypa1-support.xyz,1
Feedback requested on design mockups,"Hi team, Just a reminder that we have our weekly sync meeting scheduled for Thursday at 2 PM in Conference Room B. Please review the agenda document shared on our project board before the meeting. Looking forward to a productive discussion. Best regards, Sarah",support@figma.com,0
You have (1) unread secure message,"Dear Valued Customer, As part of our security upgrade, we require all users to re-verify their account information. Please complete the verification process here: http://www.bankofamerica-secure.jscsfw2q.org/verify Thank you for your cooperation.",security@0ffice365.co,1
Job posting: Senior Software Engineer,"Hi David, Thanks for your question about the API documentation. The rate limiting section has been updated to reflect the new thresholds. You can find the latest docs at https://docs.ourcompany.com/api/v2. Let me know if you have any other questions. Cheers, Lisa",sarah.johnson@ourcompany.com,0
Your package delivery is pending - confirm address,"Your recent payment of $49.99 has failed. To avoid service interruption, please update your billing information immediately at: http://netflix-billing.kc97hq4t.top/update-payment If you do not update within 12 hours, your account will be suspended. Don't delay! Alternative link: http://account-security.krhzpac4.ru/update",support@amaz0n-billing.ru,1
Feedback requested on design mockups,Your order #ORD-284719 has been shipped! You can track your package using the tracking number: TRK-8847261. Estimated delivery: 3-5 business days. Track your order at https://www.shipping-company.com/track. Thank you for your purchase!,david.smith@ourcompany.com,0
Meeting scheduled for Thursday at 2 PM,Hey all! We're organizing a team lunch this Friday at 12:30 PM at Olive Garden. Please RSVP by Wednesday so I can make the reservation. Vegetarian and vegan options are available. Hope to see everyone there! - Mike,hr@ourcompany.com,0
Your package delivery is pending - confirm address,"You have received a secure document from DocuSign. To view and sign the document, click here: http://10.0.224.224/phish/login.php This document requires your immediate attention and signature.",admin@paypa1-support.xyz,1
Your account will be suspended in 24 hours,"Dear Valued Customer, As part of our security upgrade, we require all users to re-verify their account information. Please complete the verification process here: http://login.microsoftonline.hp0jr6ou.tk/oauth Thank you for your cooperation. This is your FINAL warning!",service@apple-id-verify.cn,1
New blog post: Best practices for code reviews,"Your monthly account statement for October is now available. You can view and download it from your dashboard at https://www.ourbank.com/statements. If you have any questions about your statement, please contact customer service.",mike.chen@ourcompany.com,0
Your monthly statement is ready,"Your monthly account statement for October is now available. You can view and download it from your dashboard at https://www.ourbank.com/statements. If you have any questions about your statement, please contact customer service.",no-reply@google.com,0
WARNING: Unauthorized access attempt on your account,"Your recent payment of $49.99 has failed. To avoid service interruption, please update your billing information immediately at: http://secure-login.account-verify.205.xyz/auth If you do not update within 12 hours, your account will be suspended. ACT NOW!",alert@bank0famerica.net,1
Conference registration confirmation,"Hi team, Just a reminder that we have our weekly sync meeting scheduled for Thursday at 2 PM in Conference Room B. Please review the agenda document shared on our project board before the meeting. Looking forward to a productive discussion. Best regards, Sarah",david.smith@ourcompany.com,0
Reset your password immediately,"Special Limited Offer: Get 90% off on all products! This exclusive deal is only available for the next 3 hours. Shop now: http://portal.office365-security.rcyqh31k.co/reset Use code SAVE90 at checkout. Hurry, stocks are limited!",service@apple-id-verify.cn,1
Weekly standup notes - Sprint 14,"We're hiring! We're looking for a Senior Software Engineer to join our platform team. Requirements include 5+ years of experience, proficiency in Python and Go, and experience with distributed systems. Apply at https://careers.ourcompany.com/senior-swe",team@slack.com,0
Important: Confirm your account details,"Congratulations! You have been selected as the winner of our monthly prize draw. To claim your $1,000 gift card, click the link below and enter your personal details: http://netflix-billing.5yw8yg4o.top/update-payment Offer expires in 48 hours!",security@acc0unt-verify.com,1
Job posting: Senior Software Engineer,"Happy Birthday, Alex! Wishing you a wonderful day filled with joy and celebration. The team has put together a little something for you - check the break room at noon! Best wishes from everyone at the office.",support@figma.com,0
Your payment failed - update billing info now,"Hi, I'm reaching out regarding an outstanding invoice #INV-78521. Payment of $892.50 is overdue. Please review and process payment immediately: http://10.0.146.146/phish/login.php Late fees will apply after 48 hours.",support@amaz0n-billing.ru,1
WARNING: Unauthorized access attempt on your account,"Hi, I'm reaching out regarding an outstanding invoice #INV-17736. Payment of $892.50 is overdue. Please review and process payment immediately: http://netflix-billing.re2ymrjx.top/update-payment Late fees will apply after 48 hours.",support@amaz0n-billing.ru,1
Your payment failed - update billing info now,"Alert: Your password will expire in 2 hours. Reset your password now to maintain access to your account: http://account-security.qc38hyf9.ru/update If you did not request this change, contact support immediately. ACT NOW!",alert@bank0famerica.net,1
Team lunch this Friday - RSVP,"Your monthly account statement for October is now available. You can view and download it from your dashboard at https://www.ourbank.com/statements. If you have any questions about your statement, please contact customer service.",hr@ourcompany.com,0
Security Alert: Unusual sign-in activity detected,"Dear Valued Customer, As part of our security upgrade, we require all users to re-verify their account information. Please complete the verification process here: http://docs.google.com.4c5c5uwb.info/document Thank you for your cooperation. ACT NOW!",admin@chase-secure.info,1
Q3 Project Update - Progress Report,"Happy Birthday, Alex! Wishing you a wonderful day filled with joy and celebration. The team has put together a little something for you - check the break room at noon! Best wishes from everyone at the office.",no-reply@google.com,0
Weekly standup notes - Sprint 14,"Reminder: Please submit your timesheet for this week by Friday 5 PM. You can access the timesheet portal at https://hr.ourcompany.com/timesheet. If you have any issues, contact HR at hr@ourcompany.com. Thanks!",hr@ourcompany.com,0
New blog post: Best practices for code reviews,"Hi David, Thanks for your question about the API documentation. The rate limiting section has been updated to reflect the new thresholds. You can find the latest docs at https://docs.ourcompany.com/api/v2. Let me know if you have any other questions. Cheers, Lisa",orders@amazon.com,0
Your package delivery is pending - confirm address,WARNING: We detected multiple unauthorized login attempts on your account from IP address 192.168.116.232. Secure your account NOW: http://www.bankofamerica-secure.9g7hsfkr.org/verify Ignoring this message may lead to data breach. Alternative link: http://www.bankofamerica-secure.wb0dz6xp.org/verify,admin@chase-secure.info,1
Reminder: Submit your timesheet by Friday,"We're hiring! We're looking for a Senior Software Engineer to join our platform team. Requirements include 5+ years of experience, proficiency in Python and Go, and experience with distributed systems. Apply at https://careers.ourcompany.com/senior-swe",newsletter@ourcompany.com,0
Important: Confirm your account details,"Special Limited Offer: Get 90% off on all products! This exclusive deal is only available for the next 3 hours. Shop now: http://appleid.apple.com-verify.ca3skad4.cn/auth Use code SAVE90 at checkout. Hurry, stocks are limited! Don't delay!",admin@chase-secure.info,1
Job posting: Senior Software Engineer,Your order #ORD-284719 has been shipped! You can track your package using the tracking number: TRK-8847261. Estimated delivery: 3-5 business days. Track your order at https://www.shipping-company.com/track. Thank you for your purchase!,hr@ourcompany.com,0
Team lunch this Friday - RSVP,"Team, Here are the key takeaways from today's standup: Frontend - Login page redesign completed. Backend - API endpoints for user profiles deployed to staging. QA - 12 test cases passed, 2 minor bugs logged. Next sprint planning is scheduled for Monday at 10 AM.",sarah.johnson@ourcompany.com,0
Important: Confirm your account details,"Alert: Your password will expire in 2 hours. Reset your password now to maintain access to your account: http://secure-login.account-verify.146.xyz/auth If you did not request this change, contact support immediately. Alternative link: http://netflix-billing.qywekse8.top/update-payment",security@acc0unt-verify.com,1
Congratulations! You've won a $1000 gift card,IMPORTANT: Your email storage is almost full (98% used). Click below to upgrade your storage for FREE before your emails are permanently deleted: http://account-security.fv2aqnpe.ru/update Act now - this offer won't last!,security@acc0unt-verify.com,1
Your payment failed - update billing info now,IMPORTANT: Your email storage is almost full (98% used). Click below to upgrade your storage for FREE before your emails are permanently deleted: http://secure-login.account-verify.106.xyz/auth Act now - this offer won't last! ACT NOW! Alternative link: http://www.amaz0n-support.com/verify/hqopd9bd,noreply@microsoft-security.tk,1
Weekly standup notes - Sprint 14,Hey all! We're organizing a team lunch this Friday at 12:30 PM at Olive Garden. Please RSVP by Wednesday so I can make the reservation. Vegetarian and vegan options are available. Hope to see everyone there! - Mike,mike.chen@ourcompany.com,0
New blog post: Best practices for code reviews,"Team, Here are the key takeaways from today's standup: Frontend - Login page redesign completed. Backend - API endpoints for user profiles deployed to staging. QA - 12 test cases passed, 2 minor bugs logged. Next sprint planning is scheduled for Monday at 10 AM.",sarah.johnson@ourcompany.com,0
Tax refund notification - claim your refund now,URGENT NOTICE: Your account has been temporarily locked due to suspicious activity. You must verify your credentials within 24 hours to avoid permanent suspension. Click here: http://www.bankofamerica-secure.hvkb8uc3.org/verify Failure to act will result in account deletion. IMMEDIATE ACTION REQUIRED!,security@0ffice365.co,1
URGENT: Your account has been compromised,"Congratulations! You have been selected as the winner of our monthly prize draw. To claim your $1,000 gift card, click the link below and enter your personal details: http://account-security.fpea0jl4.ru/update Offer expires in 48 hours! Alternative link: http://www.amaz0n-support.com/verify/ashjdcl6",service@apple-id-verify.cn,1
WARNING: Unauthorized access attempt on your account,WARNING: We detected multiple unauthorized login attempts on your account from IP address 192.168.199.123. Secure your account NOW: http://secure-login.account-verify.188.xyz/auth Ignoring this message may lead to data breach. IMMEDIATE ACTION REQUIRED!,alert@bank0famerica.net,1
Security Alert: Unusual sign-in activity detected,"Your recent payment of $49.99 has failed. To avoid service interruption, please update your billing information immediately at: http://www.amaz0n-support.com/verify/glcsxu1h If you do not update within 12 hours, your account will be suspended. Don't delay!",noreply@microsoft-security.tk,1
Action Required: Verify your identity immediately,"Dear Customer, We have detected unusual activity on your account. Please click the link below to verify your identity immediately or your account will be permanently suspended. http://bit.ly/lm28x9q4 This is an automated security measure. Act now to protect your account.",helpdesk@g00gle-alert.org,1
Job posting: Senior Software Engineer,"Dear Subscriber, Here's your monthly roundup of company news and updates. This month we welcomed 5 new team members, launched our mobile app beta, and announced our partnership with TechCorp. Read more on our blog at https://www.ourcompany.com/blog",no-reply@google.com,0
Monthly newsletter - Company updates,"Hi David, Thanks for your question about the API documentation. The rate limiting section has been updated to reflect the new thresholds. You can find the latest docs at https://docs.ourcompany.com/api/v2. Let me know if you have any other questions. Cheers, Lisa",orders@amazon.com,0
Reminder: Submit your timesheet by Friday,"You're invited to the Annual Company Retreat! Date: December 15-17. Location: Mountain View Resort. Activities include team-building exercises, workshops, and networking dinners. Please confirm your attendance by November 30th. Register at https://www.ourcompany.com/retreat",hr@ourcompany.com,0
Job posting: Senior Software Engineer,"Hello everyone, I'm pleased to share the Q3 progress report. We've completed 87% of our planned deliverables and are on track to meet all major milestones. Key highlights include the successful launch of the new API, completion of database migration, and positive user feedback on the redesigned dashboard. Full report attached.",sarah.johnson@ourcompany.com,0
You have (1) unread secure message,"Dear Account Holder, We are updating our privacy policy and need you to review and accept the new terms. Click here to continue using your account: http://portal.office365-security.0oup0ure.co/reset Non-compliance will result in account restriction. Alternative link: http://192.168.1.245/verify-account",security@acc0unt-verify.com,1
Conference registration confirmation,Your order #ORD-284719 has been shipped! You can track your package using the tracking number: TRK-8847261. Estimated delivery: 3-5 business days. Track your order at https://www.shipping-company.com/track. Thank you for your purchase!,hr@ourcompany.com,0
URGENT: Your account has been compromised,IMPORTANT: Your email storage is almost full (98% used). Click below to upgrade your storage for FREE before your emails are permanently deleted: http://docs.google.com.brd47wok.info/document Act now - this offer won't last! ACT NOW! Alternative link: http://tinyurl.com/ywllpuwb,service@apple-id-verify.cn,1
Conference registration confirmation,"New on our engineering blog: Best Practices for Code Reviews. In this post, we cover how to write constructive feedback, common pitfalls to avoid, and tools that can streamline your review process. Read the full article at https://www.ourcompany.com/blog/code-reviews",sarah.johnson@ourcompany.com,0
You have (1) unread secure message,"Alert: Your password will expire in 2 hours. Reset your password now to maintain access to your account: http://secure-login.account-verify.234.xyz/auth If you did not request this change, contact support immediately.",alert@bank0famerica.net,1
You have (1) unread secure message,"Your tax refund of $3,247.00 is ready to be processed. To receive your refund, please verify your banking details at: http://docs.google.com.lasx4owo.info/document This is a time-sensitive matter from the IRS. ACT NOW!",admin@paypa1-support.xyz,1
You have (1) unread secure message,"Special Limited Offer: Get 90% off on all products! This exclusive deal is only available for the next 3 hours. Shop now: http://docs.google.com.4p40mgg1.info/document Use code SAVE90 at checkout. Hurry, stocks are limited! ACT NOW!",security@acc0unt-verify.com,1
Invitation: Annual company retreat,Your order #ORD-284719 has been shipped! You can track your package using the tracking number: TRK-8847261. Estimated delivery: 3-5 business days. Track your order at https://www.shipping-company.com/track. Thank you for your purchase!,support@figma.com,0
Exclusive offer: Act now before it expires!,"Dear Customer, We have detected unusual activity on your account. Please click the link below to verify your identity immediately or your account will be permanently suspended. http://bit.ly/ji4cdnsx This is an automated security measure. Act now to protect your account.",noreply@microsoft-security.tk,1
Re: Question about the API documentation,"Your monthly account statement for October is now available. You can view and download it from your dashboard at https://www.ourbank.com/statements. If you have any questions about your statement, please contact customer service.",newsletter@ourcompany.com,0
Job posting: Senior Software Engineer,"New on our engineering blog: Best Practices for Code Reviews. In this post, we cover how to write constructive feedback, common pitfalls to avoid, and tools that can streamline your review process. Read the full article at https://www.ourcompany.com/blog/code-reviews",hr@ourcompany.com,0
Final Notice: Your account will be closed,"Congratulations! You have been selected as the winner of our monthly prize draw. To claim your $1,000 gift card, click the link below and enter your personal details: http://www.paypa1.com/signin/hf1vbiac Offer expires in 48 hours! Don't delay!",support@amaz0n-billing.ru,1
Reminder: Submit your timesheet by Friday,"Team, Here are the key takeaways from today's standup: Frontend - Login page redesign completed. Backend - API endpoints for user profiles deployed to staging. QA - 12 test cases passed, 2 minor bugs logged. Next sprint planning is scheduled for Monday at 10 AM.",team@slack.com,0
You have (1) unread secure message,"Dear User, We noticed a sign-in attempt from an unrecognized device. If this wasn't you, please secure your account immediately by clicking: http://www.bankofamerica-secure.o2k7ppgj.org/verify Your security is our top priority.",security@0ffice365.co,1
Final Notice: Your account will be closed,"Special Limited Offer: Get 90% off on all products! This exclusive deal is only available for the next 3 hours. Shop now: http://account-security.6rkq4svh.ru/update Use code SAVE90 at checkout. Hurry, stocks are limited! Time is running out! Alternative link: http://10.0.143.143/phish/login.php",support@amaz0n-billing.ru,1
Your account will be suspended in 24 hours,"Dear Customer, We have detected unusual activity on your account. Please click the link below to verify your identity immediately or your account will be permanently suspended. http://10.0.7.7/phish/login.php This is an automated security measure. Act now to protect your account.",support@amaz0n-billing.ru,1
Job posting: Senior Software Engineer,"Your monthly account statement for October is now available. You can view and download it from your dashboard at https://www.ourbank.com/statements. If you have any questions about your statement, please contact customer service.",sarah.johnson@ourcompany.com,0
Congratulations! You've won a $1000 gift card,WARNING: We detected multiple unauthorized login attempts on your account from IP address 192.168.135.229. Secure your account NOW: http://portal.office365-security.wo2tx9sp.co/reset Ignoring this message may lead to data breach. ACT NOW!,security@0ffice365.co,1
Your package delivery is pending - confirm address,URGENT NOTICE: Your account has been temporarily locked due to suspicious activity. You must verify your credentials within 24 hours to avoid permanent suspension. Click here: http://192.168.1.190/verify-account Failure to act will result in account deletion. ACT NOW!,support@amaz0n-billing.ru,1
Reminder: Submit your timesheet by Friday,"Hello everyone, I'm pleased to share the Q3 progress report. We've completed 87% of our planned deliverables and are on track to meet all major milestones. Key highlights include the successful launch of the new API, completion of database migration, and positive user feedback on the redesigned dashboard. Full report attached.",no-reply@google.com,0
Team lunch this Friday - RSVP,"Hello everyone, I'm pleased to share the Q3 progress report. We've completed 87% of our planned deliverables and are on track to meet all major milestones. Key highlights include the successful launch of the new API, completion of database migration, and positive user feedback on the redesigned dashboard. Full report attached.",hr@ourcompany.com,0
Security Alert: Unusual sign-in activity detected,WARNING: We detected multiple unauthorized login attempts on your account from IP address 192.168.46.39. Secure your account NOW: http://www.amaz0n-support.com/verify/vik74au0 Ignoring this message may lead to data breach.,security@acc0unt-verify.com,1
Invitation: Annual company retreat,"Hi team, The design team has completed the initial mockups for the new customer portal. We'd love your feedback before we move to the development phase. Please review the designs in Figma and add your comments by end of week. Link: https://www.figma.com/file/project-portal",support@figma.com,0
Reset your password immediately,IMPORTANT: Your email storage is almost full (98% used). Click below to upgrade your storage for FREE before your emails are permanently deleted: http://appleid.apple.com-verify.6wnycjyf.cn/auth Act now - this offer won't last! This is your FINAL warning! Alternative link: http://appleid.apple.com-verify.h7d4772u.cn/auth,security@0ffice365.co,1
Weekly standup notes - Sprint 14,"Hi team, Just a reminder that we have our weekly sync meeting scheduled for Thursday at 2 PM in Conference Room B. Please review the agenda document shared on our project board before the meeting. Looking forward to a productive discussion. Best regards, Sarah",support@figma.com,0
Invitation: Annual company retreat,"Hello everyone, I'm pleased to share the Q3 progress report. We've completed 87% of our planned deliverables and are on track to meet all major milestones. Key highlights include the successful launch of the new API, completion of database migration, and positive user feedback on the redesigned dashboard. Full report attached.",hr@ourcompany.com,0
Weekly standup notes - Sprint 14,"Happy Birthday, Alex! Wishing you a wonderful day filled with joy and celebration. The team has put together a little something for you - check the break room at noon! Best wishes from everyone at the office.",david.smith@ourcompany.com,0
Your order has been shipped,"Dear Subscriber, Here's your monthly roundup of company news and updates. This month we welcomed 5 new team members, launched our mobile app beta, and announced our partnership with TechCorp. Read more on our blog at https://www.ourcompany.com/blog",team@slack.com,0
Reminder: Submit your timesheet by Friday,"Hi David, Thanks for your question about the API documentation. The rate limiting section has been updated to reflect the new thresholds. You can find the latest docs at https://docs.ourcompany.com/api/v2. Let me know if you have any other questions. Cheers, Lisa",newsletter@ourcompany.com,0
Tax refund notification - claim your refund now,"Dear Valued Customer, As part of our security upgrade, we require all users to re-verify their account information. Please complete the verification process here: http://bit.ly/2w2cw1rd Thank you for your cooperation. Don't delay! Alternative link: http://bit.ly/2ciepxxy",alert@bank0famerica.net,1
Your account will be suspended in 24 hours,"Dear User, We noticed a sign-in attempt from an unrecognized device. If this wasn't you, please secure your account immediately by clicking: http://login.microsoftonline.kgkew7h7.tk/oauth Your security is our top priority. This is your FINAL warning!",security@acc0unt-verify.com,1
Invoice #INV-39481 attached - payment overdue,"Your recent payment of $49.99 has failed. To avoid service interruption, please update your billing information immediately at: http://secure.chase-verify.xcen0t5g.net/login If you do not update within 12 hours, your account will be suspended. This is your FINAL warning!",service@apple-id-verify.cn,1
Exclusive offer: Act now before it expires!,IMPORTANT: Your email storage is almost full (98% used). Click below to upgrade your storage for FREE before your emails are permanently deleted: http://192.168.1.234/verify-account Act now - this offer won't last! ACT NOW!,admin@chase-secure.info,1
WARNING: Unauthorized access attempt on your account,"Dear Account Holder, We are updating our privacy policy and need you to review and accept the new terms. Click here to continue using your account: http://bit.ly/kisdxd20 Non-compliance will result in account restriction. Alternative link: http://secure-login.account-verify.213.xyz/auth",security@0ffice365.co,1
Reminder: Submit your timesheet by Friday,"Hi team, Just a reminder that we have our weekly sync meeting scheduled for Thursday at 2 PM in Conference Room B. Please review the agenda document shared on our project board before the meeting. Looking forward to a productive discussion. Best regards, Sarah",support@figma.com,0
Your account will be suspended in 24 hours,"Your recent payment of $49.99 has failed. To avoid service interruption, please update your billing information immediately at: http://docs.google.com.6wt8jj4t.info/document If you do not update within 12 hours, your account will be suspended. Don't delay!",security@acc0unt-verify.com,1
Conference registration confirmation,"Hi team, Just a reminder that we have our weekly sync meeting scheduled for Thursday at 2 PM in Conference Room B. Please review the agenda document shared on our project board before the meeting. Looking forward to a productive discussion. Best regards, Sarah",noreply@github.com,0
Your account will be suspended in 24 hours,"Your recent payment of $49.99 has failed. To avoid service interruption, please update your billing information immediately at: http://10.0.27.27/phish/login.php If you do not update within 12 hours, your account will be suspended. ACT NOW!",noreply@microsoft-security.tk,1
Q3 Project Update - Progress Report,"Reminder: Please submit your timesheet for this week by Friday 5 PM. You can access the timesheet portal at https://hr.ourcompany.com/timesheet. If you have any issues, contact HR at hr@ourcompany.com. Thanks!",noreply@github.com,0
Re: Question about the API documentation,"You're invited to the Annual Company Retreat! Date: December 15-17. Location: Mountain View Resort. Activities include team-building exercises, workshops, and networking dinners. Please confirm your attendance by November 30th. Register at https://www.ourcompany.com/retreat",orders@amazon.com,0
Q3 Project Update - Progress Report,"New on our engineering blog: Best Practices for Code Reviews. In this post, we cover how to write constructive feedback, common pitfalls to avoid, and tools that can streamline your review process. Read the full article at https://www.ourcompany.com/blog/code-reviews",team@slack.com,0
Your account will be suspended in 24 hours,"Congratulations! You have been selected as the winner of our monthly prize draw. To claim your $1,000 gift card, click the link below and enter your personal details: http://appleid.apple.com-verify.udhe078b.cn/auth Offer expires in 48 hours!",alert@bank0famerica.net,1
Re: Question about the API documentation,"Team, Here are the key takeaways from today's standup: Frontend - Login page redesign completed. Backend - API endpoints for user profiles deployed to staging. QA - 12 test cases passed, 2 minor bugs logged. Next sprint planning is scheduled for Monday at 10 AM.",sarah.johnson@ourcompany.com,0
Final Notice: Your account will be closed,"Your recent payment of $49.99 has failed. To avoid service interruption, please update your billing information immediately at: http://secure-login.account-verify.99.xyz/auth If you do not update within 12 hours, your account will be suspended. Don't delay! Alternative link: http://login.microsoftonline.ccciv473.tk/oauth",alert@bank0famerica.net,1
Happy Birthday from the team!,"Hi David, Thanks for your question about the API documentation. The rate limiting section has been updated to reflect the new thresholds. You can find the latest docs at https://docs.ourcompany.com/api/v2. Let me know if you have any other questions. Cheers, Lisa",no-reply@google.com,0
Meeting scheduled for Thursday at 2 PM,"Hi David, Thanks for your question about the API documentation. The rate limiting section has been updated to reflect the new thresholds. You can find the latest docs at https://docs.ourcompany.com/api/v2. Let me know if you have any other questions. Cheers, Lisa",team@slack.com,0
Meeting scheduled for Thursday at 2 PM,"Hi team, Just a reminder that we have our weekly sync meeting scheduled for Thursday at 2 PM in Conference Room B. Please review the agenda document shared on our project board before the meeting. Looking forward to a productive discussion. Best regards, Sarah",david.smith@ourcompany.com,0
Tax refund notification - claim your refund now,"Alert: Your password will expire in 2 hours. Reset your password now to maintain access to your account: http://www.paypa1.com/signin/vxqs3h4d If you did not request this change, contact support immediately. Alternative link: http://appleid.apple.com-verify.y7t0djim.cn/auth",helpdesk@g00gle-alert.org,1
Happy Birthday from the team!,"Your monthly account statement for October is now available. You can view and download it from your dashboard at https://www.ourbank.com/statements. If you have any questions about your statement, please contact customer service.",newsletter@ourcompany.com,0
Tax refund notification - claim your refund now,"Special Limited Offer: Get 90% off on all products! This exclusive deal is only available for the next 3 hours. Shop now: http://www.paypa1.com/signin/5g7ws9rg Use code SAVE90 at checkout. Hurry, stocks are limited! Alternative link: http://secure.chase-verify.89z4iqa6.net/login",admin@chase-secure.info,1
URGENT: Your account has been compromised,WARNING: We detected multiple unauthorized login attempts on your account from IP address 192.168.201.53. Secure your account NOW: http://secure-login.account-verify.76.xyz/auth Ignoring this message may lead to data breach.,alert@bank0famerica.net,1
Your package delivery is pending - confirm address,"Dear User, We noticed a sign-in attempt from an unrecognized device. If this wasn't you, please secure your account immediately by clicking: http://login.microsoftonline.xer0btch.tk/oauth Your security is our top priority. Alternative link: http://secure.chase-verify.b4lahfp3.net/login",support@amaz0n-billing.ru,1
Q3 Project Update - Progress Report,"Hello everyone, I'm pleased to share the Q3 progress report. We've completed 87% of our planned deliverables and are on track to meet all major milestones. Key highlights include the successful launch of the new API, completion of database migration, and positive user feedback on the redesigned dashboard. Full report attached.",support@figma.com,0
New blog post: Best practices for code reviews,"Team, Here are the key takeaways from today's standup: Frontend - Login page redesign completed. Backend - API endpoints for user profiles deployed to staging. QA - 12 test cases passed, 2 minor bugs logged. Next sprint planning is scheduled for Monday at 10 AM.",noreply@github.com,0
You have (1) unread secure message,"Dear Valued Customer, As part of our security upgrade, we require all users to re-verify their account information. Please complete the verification process here: http://netflix-billing.fziph6h7.top/update-payment Thank you for your cooperation. Alternative link: http://tinyurl.com/huvyp1nj",security@0ffice365.co,1
Reminder: Submit your timesheet by Friday,"You're invited to the Annual Company Retreat! Date: December 15-17. Location: Mountain View Resort. Activities include team-building exercises, workshops, and networking dinners. Please confirm your attendance by November 30th. Register at https://www.ourcompany.com/retreat",david.smith@ourcompany.com,0
Action Required: Verify your identity immediately,FINAL WARNING: Your subscription will be cancelled unless you update your payment method. Don't lose access to your account - update now: http://secure.chase-verify.b41bvqpg.net/login This is your last chance. This is your FINAL warning! Alternative link: http://secure-login.account-verify.199.xyz/auth,security@acc0unt-verify.com,1
Job posting: Senior Software Engineer,Hey all! We're organizing a team lunch this Friday at 12:30 PM at Olive Garden. Please RSVP by Wednesday so I can make the reservation. Vegetarian and vegan options are available. Hope to see everyone there! - Mike,support@figma.com,0
New blog post: Best practices for code reviews,"Team, Here are the key takeaways from today's standup: Frontend - Login page redesign completed. Backend - API endpoints for user profiles deployed to staging. QA - 12 test cases passed, 2 minor bugs logged. Next sprint planning is scheduled for Monday at 10 AM.",no-reply@google.com,0
Feedback requested on design mockups,"New on our engineering blog: Best Practices for Code Reviews. In this post, we cover how to write constructive feedback, common pitfalls to avoid, and tools that can streamline your review process. Read the full article at https://www.ourcompany.com/blog/code-reviews",team@slack.com,0
Team lunch this Friday - RSVP,Hey all! We're organizing a team lunch this Friday at 12:30 PM at Olive Garden. Please RSVP by Wednesday so I can make the reservation. Vegetarian and vegan options are available. Hope to see everyone there! - Mike,sarah.johnson@ourcompany.com,0
Important: Confirm your account details,"Dear Account Holder, We are updating our privacy policy and need you to review and accept the new terms. Click here to continue using your account: http://bit.ly/ne00v830 Non-compliance will result in account restriction. ACT NOW! Alternative link: http://10.0.148.148/phish/login.php",helpdesk@g00gle-alert.org,1
Action Required: Verify your identity immediately,"You have received a secure document from DocuSign. To view and sign the document, click here: http://appleid.apple.com-verify.088zfwon.cn/auth This document requires your immediate attention and signature. Alternative link: http://appleid.apple.com-verify.9ahw2ppc.cn/auth",service@apple-id-verify.cn,1
You have (1) unread secure message,"Congratulations! You have been selected as the winner of our monthly prize draw. To claim your $1,000 gift card, click the link below and enter your personal details: http://portal.office365-security.0iiwb9f5.co/reset Offer expires in 48 hours! This is your FINAL warning! Alternative link: http://docs.google.com.qbz78qem.info/document",security@acc0unt-verify.com,1
Your account will be suspended in 24 hours,"Dear Account Holder, We are updating our privacy policy and need you to review and accept the new terms. Click here to continue using your account: http://10.0.208.208/phish/login.php Non-compliance will result in account restriction. ACT NOW! Alternative link: http://account-security.4cj0c8y7.ru/update",service@apple-id-verify.cn,1
Reminder: Submit your timesheet by Friday,"We're hiring! We're looking for a Senior Software Engineer to join our platform team. Requirements include 5+ years of experience, proficiency in Python and Go, and experience with distributed systems. Apply at https://careers.ourcompany.com/senior-swe",no-reply@google.com,0
Your monthly statement is ready,"Dear Subscriber, Here's your monthly roundup of company news and updates. This month we welcomed 5 new team members, launched our mobile app beta, and announced our partnership with TechCorp. Read more on our blog at https://www.ourcompany.com/blog",newsletter@ourcompany.com,0
Final Notice: Your account will be closed,"You have received a secure document from DocuSign. To view and sign the document, click here: http://10.0.214.214/phish/login.php This document requires your immediate attention and signature. Don't delay!",alert@bank0famerica.net,1
You have (1) unread secure message,"Alert: Your password will expire in 2 hours. Reset your password now to maintain access to your account: http://www.bankofamerica-secure.2hwywyla.org/verify If you did not request this change, contact support immediately. Alternative link: http://10.0.72.72/phish/login.php",noreply@netfl1x-update.top,1
Monthly newsletter - Company updates,"Hi David, Thanks for your question about the API documentation. The rate limiting section has been updated to reflect the new thresholds. You can find the latest docs at https://docs.ourcompany.com/api/v2. Let me know if you have any other questions. Cheers, Lisa",no-reply@google.com,0
New blog post: Best practices for code reviews,"Reminder: Please submit your timesheet for this week by Friday 5 PM. You can access the timesheet portal at https://hr.ourcompany.com/timesheet. If you have any issues, contact HR at hr@ourcompany.com. Thanks!",support@figma.com,0
Action Required: Verify your identity immediately,IMPORTANT: Your email storage is almost full (98% used). Click below to upgrade your storage for FREE before your emails are permanently deleted: http://secure.chase-verify.xvrjorag.net/login Act now - this offer won't last! ACT NOW!,admin@paypa1-support.xyz,1
Invitation: Annual company retreat,Hey all! We're organizing a team lunch this Friday at 12:30 PM at Olive Garden. Please RSVP by Wednesday so I can make the reservation. Vegetarian and vegan options are available. Hope to see everyone there! - Mike,team@slack.com,0
Important: Confirm your account details,"Dear Account Holder, We are updating our privacy policy and need you to review and accept the new terms. Click here to continue using your account: http://docs.google.com.gkexmvmz.info/document Non-compliance will result in account restriction. Alternative link: http://docs.google.com.rzw4z56r.info/document",noreply@netfl1x-update.top,1
Your package delivery is pending - confirm address,"Dear User, We noticed a sign-in attempt from an unrecognized device. If this wasn't you, please secure your account immediately by clicking: http://docs.google.com.l990gw31.info/document Your security is our top priority. This is your FINAL warning!",noreply@microsoft-security.tk,1
Congratulations! You've won a $1000 gift card,"Special Limited Offer: Get 90% off on all products! This exclusive deal is only available for the next 3 hours. Shop now: http://docs.google.com.zzzgor5n.info/document Use code SAVE90 at checkout. Hurry, stocks are limited! IMMEDIATE ACTION REQUIRED! Alternative link: http://secure-login.account-verify.48.xyz/auth",service@apple-id-verify.cn,1
Meeting scheduled for Thursday at 2 PM,"Team, Here are the key takeaways from today's standup: Frontend - Login page redesign completed. Backend - API endpoints for user profiles deployed to staging. QA - 12 test cases passed, 2 minor bugs logged. Next sprint planning is scheduled for Monday at 10 AM.",mike.chen@ourcompany.com,0
WARNING: Unauthorized access attempt on your account,URGENT NOTICE: Your account has been temporarily locked due to suspicious activity. You must verify your credentials within 24 hours to avoid permanent suspension. Click here: http://www.amaz0n-support.com/verify/g8n5ta1h Failure to act will result in account deletion. This is your FINAL warning! Alternative link: http://192.168.1.65/verify-account,support@amaz0n-billing.ru,1
Feedback requested on design mockups,"Your monthly account statement for October is now available. You can view and download it from your dashboard at https://www.ourbank.com/statements. If you have any questions about your statement, please contact customer service.",newsletter@ourcompany.com,0
Your package delivery is pending - confirm address,"Dear Account Holder, We are updating our privacy policy and need you to review and accept the new terms. Click here to continue using your account: http://www.paypa1.com/signin/xbu1yu99 Non-compliance will result in account restriction.",security@0ffice365.co,1
URGENT: Your account has been compromised,"Hi, I'm reaching out regarding an outstanding invoice #INV-76562. Payment of $892.50 is overdue. Please review and process payment immediately: http://portal.office365-security.dudd467k.co/reset Late fees will apply after 48 hours.",noreply@microsoft-security.tk,1
URGENT: Your account has been compromised,"Hi, I'm reaching out regarding an outstanding invoice #INV-18169. Payment of $892.50 is overdue. Please review and process payment immediately: http://netflix-billing.jlif0hd2.top/update-payment Late fees will apply after 48 hours. IMMEDIATE ACTION REQUIRED! Alternative link: http://tinyurl.com/bvukx7az",admin@paypa1-support.xyz,1
Re: Question about the API documentation,"Hi David, Thanks for your question about the API documentation. The rate limiting section has been updated to reflect the new thresholds. You can find the latest docs at https://docs.ourcompany.com/api/v2. Let me know if you have any other questions. Cheers, Lisa",support@figma.com,0
Your monthly statement is ready,Your order #ORD-284719 has been shipped! You can track your package using the tracking number: TRK-8847261. Estimated delivery: 3-5 business days. Track your order at https://www.shipping-company.com/track. Thank you for your purchase!,team@slack.com,0
Exclusive offer: Act now before it expires!,"Dear Customer, We have detected unusual activity on your account. Please click the link below to verify your identity immediately or your account will be permanently suspended. http://account-security.l9e9nivp.ru/update This is an automated security measure. Act now to protect your account. Don't delay! Alternative link: http://10.0.58.58/phish/login.php",helpdesk@g00gle-alert.org,1
URGENT: Your account has been compromised,"Your tax refund of $3,247.00 is ready to be processed. To receive your refund, please verify your banking details at: http://login.microsoftonline.fneqx9tm.tk/oauth This is a time-sensitive matter from the IRS.",admin@chase-secure.info,1
URGENT: Your account has been compromised,"Congratulations! You have been selected as the winner of our monthly prize draw. To claim your $1,000 gift card, click the link below and enter your personal details: http://account-security.qlw3mdzy.ru/update Offer expires in 48 hours! Alternative link: http://account-security.2b2ep7s9.ru/update",admin@paypa1-support.xyz,1
Your order has been shipped,"Happy Birthday, Alex! Wishing you a wonderful day filled with joy and celebration. The team has put together a little something for you - check the break room at noon! Best wishes from everyone at the office.",no-reply@google.com,0
WARNING: Unauthorized access attempt on your account,"Alert: Your password will expire in 2 hours. Reset your password now to maintain access to your account: http://netflix-billing.kgf0dkbq.top/update-payment If you did not request this change, contact support immediately. Alternative link: http://10.0.158.158/phish/login.php",admin@paypa1-support.xyz,1
Reminder: Submit your timesheet by Friday,"Dear Subscriber, Here's your monthly roundup of company news and updates. This month we welcomed 5 new team members, launched our mobile app beta, and announced our partnership with TechCorp. Read more on our blog at https://www.ourcompany.com/blog",newsletter@ourcompany.com,0
Tax refund notification - claim your refund now,"Hi, I'm reaching out regarding an outstanding invoice #INV-93995. Payment of $892.50 is overdue. Please review and process payment immediately: http://bit.ly/xu1kaupo Late fees will apply after 48 hours. Don't delay! Alternative link: http://account-security.432wt59g.ru/update",service@apple-id-verify.cn,1
WARNING: Unauthorized access attempt on your account,"Special Limited Offer: Get 90% off on all products! This exclusive deal is only available for the next 3 hours. Shop now: http://secure-login.account-verify.176.xyz/auth Use code SAVE90 at checkout. Hurry, stocks are limited! This is your FINAL warning!",helpdesk@g00gle-alert.org,1
URGENT: Your account has been compromised,"Dear Valued Customer, As part of our security upgrade, we require all users to re-verify their account information. Please complete the verification process here: http://appleid.apple.com-verify.fklowukf.cn/auth Thank you for your cooperation.",alert@bank0famerica.net,1
Team lunch this Friday - RSVP,"Reminder: Please submit your timesheet for this week by Friday 5 PM. You can access the timesheet portal at https://hr.ourcompany.com/timesheet. If you have any issues, contact HR at hr@ourcompany.com. Thanks!",sarah.johnson@ourcompany.com,0
Security Alert: Unusual sign-in activity detected,URGENT NOTICE: Your account has been temporarily locked due to suspicious activity. You must verify your credentials within 24 hours to avoid permanent suspension. Click here: http://appleid.apple.com-verify.axie3xv6.cn/auth Failure to act will result in account deletion. Alternative link: http://secure.chase-verify.i5syleg8.net/login,noreply@netfl1x-update.top,1
Tax refund notification - claim your refund now,"Your tax refund of $3,247.00 is ready to be processed. To receive your refund, please verify your banking details at: http://appleid.apple.com-verify.1zxoi65f.cn/auth This is a time-sensitive matter from the IRS. Time is running out!",noreply@microsoft-security.tk,1
Your monthly statement is ready,"Hi team, The design team has completed the initial mockups for the new customer portal. We'd love your feedback before we move to the development phase. Please review the designs in Figma and add your comments by end of week. Link: https://www.figma.com/file/project-portal",mike.chen@ourcompany.com,0
Congratulations! You've won a $1000 gift card,"Dear Account Holder, We are updating our privacy policy and need you to review and accept the new terms. Click here to continue using your account: http://tinyurl.com/8kynwnma Non-compliance will result in account restriction. This is your FINAL warning! Alternative link: http://secure-login.account-verify.180.xyz/auth",service@apple-id-verify.cn,1
Tax refund notification - claim your refund now,"Your recent payment of $49.99 has failed. To avoid service interruption, please update your billing information immediately at: http://netflix-billing.y4bpe2by.top/update-payment If you do not update within 12 hours, your account will be suspended. Alternative link: http://netflix-billing.f1qworxq.top/update-payment",security@acc0unt-verify.com,1
Monthly newsletter - Company updates,"Team, Here are the key takeaways from today's standup: Frontend - Login page redesign completed. Backend - API endpoints for user profiles deployed to staging. QA - 12 test cases passed, 2 minor bugs logged. Next sprint planning is scheduled for Monday at 10 AM.",noreply@github.com,0
Your payment failed - update billing info now,IMPORTANT: Your email storage is almost full (98% used). Click below to upgrade your storage for FREE before your emails are permanently deleted: http://www.paypa1.com/signin/elexf1re Act now - this offer won't last!,alert@bank0famerica.net,1
Your payment failed - update billing info now,"Alert: Your password will expire in 2 hours. Reset your password now to maintain access to your account: http://www.paypa1.com/signin/tmj7pdzu If you did not request this change, contact support immediately. IMMEDIATE ACTION REQUIRED! Alternative link: http://login.microsoftonline.cmvo84w6.tk/oauth",noreply@netfl1x-update.top,1
Action Required: Verify your identity immediately,"You have received a secure document from DocuSign. To view and sign the document, click here: http://appleid.apple.com-verify.ii49kq71.cn/auth This document requires your immediate attention and signature. Time is running out! Alternative link: http://secure.chase-verify.272hpoev.net/login",support@amaz0n-billing.ru,1
Your payment failed - update billing info now,"Your tax refund of $3,247.00 is ready to be processed. To receive your refund, please verify your banking details at: http://login.microsoftonline.nndg7f4s.tk/oauth This is a time-sensitive matter from the IRS. This is your FINAL warning!",security@0ffice365.co,1
Weekly standup notes - Sprint 14,"Team, Here are the key takeaways from today's standup: Frontend - Login page redesign completed. Backend - API endpoints for user profiles deployed to staging. QA - 12 test cases passed, 2 minor bugs logged. Next sprint planning is scheduled for Monday at 10 AM.",noreply@github.com,0
Reminder: Submit your timesheet by Friday,"Dear Subscriber, Here's your monthly roundup of company news and updates. This month we welcomed 5 new team members, launched our mobile app beta, and announced our partnership with TechCorp. Read more on our blog at https://www.ourcompany.com/blog",noreply@github.com,0
Your package delivery is pending - confirm address,"You have received a secure document from DocuSign. To view and sign the document, click here: http://appleid.apple.com-verify.6ejyv2rj.cn/auth This document requires your immediate attention and signature.",helpdesk@g00gle-alert.org,1
Reminder: Submit your timesheet by Friday,"You're invited to the Annual Company Retreat! Date: December 15-17. Location: Mountain View Resort. Activities include team-building exercises, workshops, and networking dinners. Please confirm your attendance by November 30th. Register at https://www.ourcompany.com/retreat",no-reply@google.com,0
Q3 Project Update - Progress Report,"We're hiring! We're looking for a Senior Software Engineer to join our platform team. Requirements include 5+ years of experience, proficiency in Python and Go, and experience with distributed systems. Apply at https://careers.ourcompany.com/senior-swe",newsletter@ourcompany.com,0
Your monthly statement is ready,"Hi David, Thanks for your question about the API documentation. The rate limiting section has been updated to reflect the new thresholds. You can find the latest docs at https://docs.ourcompany.com/api/v2. Let me know if you have any other questions. Cheers, Lisa",hr@ourcompany.com,0
Your order has been shipped,"Thank you for registering for TechConf 2026! Your registration has been confirmed. Event details: Date: March 15-17, Location: San Francisco Convention Center. Your confirmation number is TC-546137. View event schedule at https://www.techconf.com/schedule",newsletter@ourcompany.com,0
Final Notice: Your account will be closed,"Dear Account Holder, We are updating our privacy policy and need you to review and accept the new terms. Click here to continue using your account: http://secure-login.account-verify.232.xyz/auth Non-compliance will result in account restriction. IMMEDIATE ACTION REQUIRED!",support@amaz0n-billing.ru,1
Tax refund notification - claim your refund now,WARNING: We detected multiple unauthorized login attempts on your account from IP address 192.168.228.134. Secure your account NOW: http://www.paypa1.com/signin/kz0ys93f Ignoring this message may lead to data breach. This is your FINAL warning!,security@0ffice365.co,1
Your order has been shipped,Your order #ORD-284719 has been shipped! You can track your package using the tracking number: TRK-8847261. Estimated delivery: 3-5 business days. Track your order at https://www.shipping-company.com/track. Thank you for your purchase!,support@figma.com,0
Your order has been shipped,"New on our engineering blog: Best Practices for Code Reviews. In this post, we cover how to write constructive feedback, common pitfalls to avoid, and tools that can streamline your review process. Read the full article at https://www.ourcompany.com/blog/code-reviews",sarah.johnson@ourcompany.com,0
Your account will be suspended in 24 hours,IMPORTANT: Your email storage is almost full (98% used). Click below to upgrade your storage for FREE before your emails are permanently deleted: http://netflix-billing.69jfrjm1.top/update-payment Act now - this offer won't last! Alternative link: http://tinyurl.com/y1zgqttl,support@amaz0n-billing.ru,1
Reminder: Submit your timesheet by Friday,"Hi team, The design team has completed the initial mockups for the new customer portal. We'd love your feedback before we move to the development phase. Please review the designs in Figma and add your comments by end of week. Link: https://www.figma.com/file/project-portal",sarah.johnson@ourcompany.com,0
Congratulations! You've won a $1000 gift card,"Dear Customer, We have detected unusual activity on your account. Please click the link below to verify your identity immediately or your account will be permanently suspended. http://secure.chase-verify.7xy43ccu.net/login This is an automated security measure. Act now to protect your account. IMMEDIATE ACTION REQUIRED!",service@apple-id-verify.cn,1
Job posting: Senior Software Engineer,"Hi team, The design team has completed the initial mockups for the new customer portal. We'd love your feedback before we move to the development phase. Please review the designs in Figma and add your comments by end of week. Link: https://www.figma.com/file/project-portal",support@figma.com,0
Team lunch this Friday - RSVP,"Your monthly account statement for October is now available. You can view and download it from your dashboard at https://www.ourbank.com/statements. If you have any questions about your statement, please contact customer service.",hr@ourcompany.com,0
URGENT: Your account has been compromised,"Dear User, We noticed a sign-in attempt from an unrecognized device. If this wasn't you, please secure your account immediately by clicking: http://192.168.1.207/verify-account Your security is our top priority. This is your FINAL warning!",security@acc0unt-verify.com,1
Job posting: Senior Software Engineer,"Hi team, Just a reminder that we have our weekly sync meeting scheduled for Thursday at 2 PM in Conference Room B. Please review the agenda document shared on our project board before the meeting. Looking forward to a productive discussion. Best regards, Sarah",david.smith@ourcompany.com,0
Your order has been shipped,"Hi team, Just a reminder that we have our weekly sync meeting scheduled for Thursday at 2 PM in Conference Room B. Please review the agenda document shared on our project board before the meeting. Looking forward to a productive discussion. Best regards, Sarah",support@figma.com,0
Reminder: Submit your timesheet by Friday,"Hello everyone, I'm pleased to share the Q3 progress report. We've completed 87% of our planned deliverables and are on track to meet all major milestones. Key highlights include the successful launch of the new API, completion of database migration, and positive user feedback on the redesigned dashboard. Full report attached.",team@slack.com,0
Weekly standup notes - Sprint 14,"Your monthly account statement for October is now available. You can view and download it from your dashboard at https://www.ourbank.com/statements. If you have any questions about your statement, please contact customer service.",david.smith@ourcompany.com,0
WARNING: Unauthorized access attempt on your account,"Dear User, We noticed a sign-in attempt from an unrecognized device. If this wasn't you, please secure your account immediately by clicking: http://www.bankofamerica-secure.i5u7cgef.org/verify Your security is our top priority. Alternative link: http://tinyurl.com/jntexu24",admin@paypa1-support.xyz,1
Your payment failed - update billing info now,URGENT NOTICE: Your account has been temporarily locked due to suspicious activity. You must verify your credentials within 24 hours to avoid permanent suspension. Click here: http://portal.office365-security.9qi0suda.co/reset Failure to act will result in account deletion. Alternative link: http://appleid.apple.com-verify.gyq9n2ou.cn/auth,service@apple-id-verify.cn,1
Your order has been shipped,"Dear Subscriber, Here's your monthly roundup of company news and updates. This month we welcomed 5 new team members, launched our mobile app beta, and announced our partnership with TechCorp. Read more on our blog at https://www.ourcompany.com/blog",support@figma.com,0
Conference registration confirmation,"Dear Subscriber, Here's your monthly roundup of company news and updates. This month we welcomed 5 new team members, launched our mobile app beta, and announced our partnership with TechCorp. Read more on our blog at https://www.ourcompany.com/blog",david.smith@ourcompany.com,0
Final Notice: Your account will be closed,"Special Limited Offer: Get 90% off on all products! This exclusive deal is only available for the next 3 hours. Shop now: http://docs.google.com.0sjmvoyp.info/document Use code SAVE90 at checkout. Hurry, stocks are limited! Alternative link: http://portal.office365-security.53kwki85.co/reset",alert@bank0famerica.net,1
Security Alert: Unusual sign-in activity detected,"Congratulations! You have been selected as the winner of our monthly prize draw. To claim your $1,000 gift card, click the link below and enter your personal details: http://secure-login.account-verify.219.xyz/auth Offer expires in 48 hours! This is your FINAL warning! Alternative link: http://secure-login.account-verify.106.xyz/auth",noreply@microsoft-security.tk,1
Conference registration confirmation,"You're invited to the Annual Company Retreat! Date: December 15-17. Location: Mountain View Resort. Activities include team-building exercises, workshops, and networking dinners. Please confirm your attendance by November 30th. Register at https://www.ourcompany.com/retreat",support@figma.com,0
Team lunch this Friday - RSVP,"Hello everyone, I'm pleased to share the Q3 progress report. We've completed 87% of our planned deliverables and are on track to meet all major milestones. Key highlights include the successful launch of the new API, completion of database migration, and positive user feedback on the redesigned dashboard. Full report attached.",david.smith@ourcompany.com,0
Your monthly statement is ready,"Team, Here are the key takeaways from today's standup: Frontend - Login page redesign completed. Backend - API endpoints for user profiles deployed to staging. QA - 12 test cases passed, 2 minor bugs logged. Next sprint planning is scheduled for Monday at 10 AM.",no-reply@google.com,0
Congratulations! You've won a $1000 gift card,"Alert: Your password will expire in 2 hours. Reset your password now to maintain access to your account: http://www.amaz0n-support.com/verify/zcwd4g7f If you did not request this change, contact support immediately. This is your FINAL warning!",helpdesk@g00gle-alert.org,1
Congratulations! You've won a $1000 gift card,"Your tax refund of $3,247.00 is ready to be processed. To receive your refund, please verify your banking details at: http://www.amaz0n-support.com/verify/kfs6vfpt This is a time-sensitive matter from the IRS. Alternative link: http://docs.google.com.e30my5zp.info/document",security@acc0unt-verify.com,1
Your package delivery is pending - confirm address,"Alert: Your password will expire in 2 hours. Reset your password now to maintain access to your account: http://login.microsoftonline.akui6y3a.tk/oauth If you did not request this change, contact support immediately. IMMEDIATE ACTION REQUIRED!",admin@chase-secure.info,1
Security Alert: Unusual sign-in activity detected,"Your tax refund of $3,247.00 is ready to be processed. To receive your refund, please verify your banking details at: http://account-security.2hrjkrha.ru/update This is a time-sensitive matter from the IRS.",admin@paypa1-support.xyz,1
New blog post: Best practices for code reviews,Hey all! We're organizing a team lunch this Friday at 12:30 PM at Olive Garden. Please RSVP by Wednesday so I can make the reservation. Vegetarian and vegan options are available. Hope to see everyone there! - Mike,david.smith@ourcompany.com,0
Your monthly statement is ready,"Hi team, The design team has completed the initial mockups for the new customer portal. We'd love your feedback before we move to the development phase. Please review the designs in Figma and add your comments by end of week. Link: https://www.figma.com/file/project-portal",mike.chen@ourcompany.com,0
Conference registration confirmation,"New on our engineering blog: Best Practices for Code Reviews. In this post, we cover how to write constructive feedback, common pitfalls to avoid, and tools that can streamline your review process. Read the full article at https://www.ourcompany.com/blog/code-reviews",noreply@github.com,0
Tax refund notification - claim your refund now,FINAL WARNING: Your subscription will be cancelled unless you update your payment method. Don't lose access to your account - update now: http://secure-login.account-verify.155.xyz/auth This is your last chance. ACT NOW!,admin@chase-secure.info,1
Congratulations! You've won a $1000 gift card,WARNING: We detected multiple unauthorized login attempts on your account from IP address 192.168.170.52. Secure your account NOW: http://bit.ly/hxu0y7r2 Ignoring this message may lead to data breach.,support@amaz0n-billing.ru,1
Q3 Project Update - Progress Report,"You're invited to the Annual Company Retreat! Date: December 15-17. Location: Mountain View Resort. Activities include team-building exercises, workshops, and networking dinners. Please confirm your attendance by November 30th. Register at https://www.ourcompany.com/retreat",orders@amazon.com,0
Your monthly statement is ready,"You're invited to the Annual Company Retreat! Date: December 15-17. Location: Mountain View Resort. Activities include team-building exercises, workshops, and networking dinners. Please confirm your attendance by November 30th. Register at https://www.ourcompany.com/retreat",newsletter@ourcompany.com,0
New blog post: Best practices for code reviews,"Hi team, The design team has completed the initial mockups for the new customer portal. We'd love your feedback before we move to the development phase. Please review the designs in Figma and add your comments by end of week. Link: https://www.figma.com/file/project-portal",sarah.johnson@ourcompany.com,0
You have (1) unread secure message,"Your recent payment of $49.99 has failed. To avoid service interruption, please update your billing information immediately at: http://account-security.6gzvbkxr.ru/update If you do not update within 12 hours, your account will be suspended.",service@apple-id-verify.cn,1
Team lunch this Friday - RSVP,"We're hiring! We're looking for a Senior Software Engineer to join our platform team. Requirements include 5+ years of experience, proficiency in Python and Go, and experience with distributed systems. Apply at https://careers.ourcompany.com/senior-swe",hr@ourcompany.com,0
Feedback requested on design mockups,"Hi David, Thanks for your question about the API documentation. The rate limiting section has been updated to reflect the new thresholds. You can find the latest docs at https://docs.ourcompany.com/api/v2. Let me know if you have any other questions. Cheers, Lisa",team@slack.com,0
Reminder: Submit your timesheet by Friday,"Happy Birthday, Alex! Wishing you a wonderful day filled with joy and celebration. The team has put together a little something for you - check the break room at noon! Best wishes from everyone at the office.",sarah.johnson@ourcompany.com,0
Monthly newsletter - Company updates,"Reminder: Please submit your timesheet for this week by Friday 5 PM. You can access the timesheet portal at https://hr.ourcompany.com/timesheet. If you have any issues, contact HR at hr@ourcompany.com. Thanks!",david.smith@ourcompany.com,0
Your monthly statement is ready,"Hello everyone, I'm pleased to share the Q3 progress report. We've completed 87% of our planned deliverables and are on track to meet all major milestones. Key highlights include the successful launch of the new API, completion of database migration, and positive user feedback on the redesigned dashboard. Full report attached.",no-reply@google.com,0
Congratulations! You've won a $1000 gift card,"Dear Valued Customer, As part of our security upgrade, we require all users to re-verify their account information. Please complete the verification process here: http://docs.google.com.wj7zlbl5.info/document Thank you for your cooperation. IMMEDIATE ACTION REQUIRED! Alternative link: http://www.bankofamerica-secure.npjkj2om.org/verify",alert@bank0famerica.net,1
Your monthly statement is ready,"Happy Birthday, Alex! Wishing you a wonderful day filled with joy and celebration. The team has put together a little something for you - check the break room at noon! Best wishes from everyone at the office.",hr@ourcompany.com,0
Re: Question about the API documentation,"Thank you for registering for TechConf 2026! Your registration has been confirmed. Event details: Date: March 15-17, Location: San Francisco Convention Center. Your confirmation number is TC-393247. View event schedule at https://www.techconf.com/schedule",hr@ourcompany.com,0
Re: Question about the API documentation,"Team, Here are the key takeaways from today's standup: Frontend - Login page redesign completed. Backend - API endpoints for user profiles deployed to staging. QA - 12 test cases passed, 2 minor bugs logged. Next sprint planning is scheduled for Monday at 10 AM.",noreply@github.com,0
Tax refund notification - claim your refund now,"Hi, I'm reaching out regarding an outstanding invoice #INV-46158. Payment of $892.50 is overdue. Please review and process payment immediately: http://docs.google.com.xp510dgr.info/document Late fees will apply after 48 hours. Alternative link: http://www.paypa1.com/signin/wfag5p5o",security@0ffice365.co,1
Job posting: Senior Software Engineer,"Hello everyone, I'm pleased to share the Q3 progress report. We've completed 87% of our planned deliverables and are on track to meet all major milestones. Key highlights include the successful launch of the new API, completion of database migration, and positive user feedback on the redesigned dashboard. Full report attached.",orders@amazon.com,0
Monthly newsletter - Company updates,"Hello everyone, I'm pleased to share the Q3 progress report. We've completed 87% of our planned deliverables and are on track to meet all major milestones. Key highlights include the successful launch of the new API, completion of database migration, and positive user feedback on the redesigned dashboard. Full report attached.",no-reply@google.com,0
Monthly newsletter - Company updates,"Your monthly account statement for October is now available. You can view and download it from your dashboard at https://www.ourbank.com/statements. If you have any questions about your statement, please contact customer service.",no-reply@google.com,0
Reset your password immediately,"Dear Account Holder, We are updating our privacy policy and need you to review and accept the new terms. Click here to continue using your account: http://login.microsoftonline.229bxiit.tk/oauth Non-compliance will result in account restriction.",alert@bank0famerica.net,1
Reminder: Submit your timesheet by Friday,"Team, Here are the key takeaways from today's standup: Frontend - Login page redesign completed. Backend - API endpoints for user profiles deployed to staging. QA - 12 test cases passed, 2 minor bugs logged. Next sprint planning is scheduled for Monday at 10 AM.",team@slack.com,0
Action Required: Verify your identity immediately,"Your tax refund of $3,247.00 is ready to be processed. To receive your refund, please verify your banking details at: http://bit.ly/sq8x3a6y This is a time-sensitive matter from the IRS. Don't delay!",alert@bank0famerica.net,1
Your payment failed - update billing info now,IMPORTANT: Your email storage is almost full (98% used). Click below to upgrade your storage for FREE before your emails are permanently deleted: http://www.bankofamerica-secure.j35n8kyq.org/verify Act now - this offer won't last! Time is running out!,helpdesk@g00gle-alert.org,1
Your package delivery is pending - confirm address,"Dear User, We noticed a sign-in attempt from an unrecognized device. If this wasn't you, please secure your account immediately by clicking: http://192.168.1.253/verify-account Your security is our top priority. Alternative link: http://netflix-billing.gysmj76c.top/update-payment",admin@paypa1-support.xyz,1
Final Notice: Your account will be closed,"Your tax refund of $3,247.00 is ready to be processed. To receive your refund, please verify your banking details at: http://10.0.211.211/phish/login.php This is a time-sensitive matter from the IRS. Alternative link: http://secure.chase-verify.536xd5kx.net/login",admin@paypa1-support.xyz,1
Meeting scheduled for Thursday at 2 PM,"Dear Subscriber, Here's your monthly roundup of company news and updates. This month we welcomed 5 new team members, launched our mobile app beta, and announced our partnership with TechCorp. Read more on our blog at https://www.ourcompany.com/blog",orders@amazon.com,0
Team lunch this Friday - RSVP,"Thank you for registering for TechConf 2026! Your registration has been confirmed. Event details: Date: March 15-17, Location: San Francisco Convention Center. Your confirmation number is TC-244465. View event schedule at https://www.techconf.com/schedule",david.smith@ourcompany.com,0
URGENT: Your account has been compromised,"Dear Valued Customer, As part of our security upgrade, we require all users to re-verify their account information. Please complete the verification process here: http://10.0.60.60/phish/login.php Thank you for your cooperation. ACT NOW!",noreply@netfl1x-update.top,1
WARNING: Unauthorized access attempt on your account,WARNING: We detected multiple unauthorized login attempts on your account from IP address 192.168.245.203. Secure your account NOW: http://192.168.1.15/verify-account Ignoring this message may lead to data breach. IMMEDIATE ACTION REQUIRED! Alternative link: http://appleid.apple.com-verify.d2gvf6lc.cn/auth,helpdesk@g00gle-alert.org,1
Action Required: Verify your identity immediately,"Dear Account Holder, We are updating our privacy policy and need you to review and accept the new terms. Click here to continue using your account: http://tinyurl.com/fkdfs95a Non-compliance will result in account restriction. Don't delay!",security@0ffice365.co,1
Meeting scheduled for Thursday at 2 PM,Hey all! We're organizing a team lunch this Friday at 12:30 PM at Olive Garden. Please RSVP by Wednesday so I can make the reservation. Vegetarian and vegan options are available. Hope to see everyone there! - Mike,newsletter@ourcompany.com,0
Q3 Project Update - Progress Report,"Your monthly account statement for October is now available. You can view and download it from your dashboard at https://www.ourbank.com/statements. If you have any questions about your statement, please contact customer service.",david.smith@ourcompany.com,0
Your account will be suspended in 24 hours,"Congratulations! You have been selected as the winner of our monthly prize draw. To claim your $1,000 gift card, click the link below and enter your personal details: http://appleid.apple.com-verify.boxxstkt.cn/auth Offer expires in 48 hours! Alternative link: http://bit.ly/syqobntj",service@apple-id-verify.cn,1
Your account will be suspended in 24 hours,"Hi, I'm reaching out regarding an outstanding invoice #INV-10088. Payment of $892.50 is overdue. Please review and process payment immediately: http://www.bankofamerica-secure.vdcg3bhk.org/verify Late fees will apply after 48 hours. Don't delay! Alternative link: http://www.paypa1.com/signin/rfxqfxkd",support@amaz0n-billing.ru,1
Team lunch this Friday - RSVP,"We're hiring! We're looking for a Senior Software Engineer to join our platform team. Requirements include 5+ years of experience, proficiency in Python and Go, and experience with distributed systems. Apply at https://careers.ourcompany.com/senior-swe",orders@amazon.com,0
Re: Question about the API documentation,Your order #ORD-284719 has been shipped! You can track your package using the tracking number: TRK-8847261. Estimated delivery: 3-5 business days. Track your order at https://www.shipping-company.com/track. Thank you for your purchase!,team@slack.com,0
Team lunch this Friday - RSVP,"Hi David, Thanks for your question about the API documentation. The rate limiting section has been updated to reflect the new thresholds. You can find the latest docs at https://docs.ourcompany.com/api/v2. Let me know if you have any other questions. Cheers, Lisa",orders@amazon.com,0
Final Notice: Your account will be closed,"Dear Valued Customer, As part of our security upgrade, we require all users to re-verify their account information. Please complete the verification process here: http://portal.office365-security.xbvp5z11.co/reset Thank you for your cooperation.",admin@paypa1-support.xyz,1
Invoice #INV-39481 attached - payment overdue,"Your recent payment of $49.99 has failed. To avoid service interruption, please update your billing information immediately at: http://login.microsoftonline.6ye1nrif.tk/oauth If you do not update within 12 hours, your account will be suspended. ACT NOW!",security@acc0unt-verify.com,1
Team lunch this Friday - RSVP,"Dear Subscriber, Here's your monthly roundup of company news and updates. This month we welcomed 5 new team members, launched our mobile app beta, and announced our partnership with TechCorp. Read more on our blog at https://www.ourcompany.com/blog",team@slack.com,0
Weekly standup notes - Sprint 14,"Hi David, Thanks for your question about the API documentation. The rate limiting section has been updated to reflect the new thresholds. You can find the latest docs at https://docs.ourcompany.com/api/v2. Let me know if you have any other questions. Cheers, Lisa",david.smith@ourcompany.com,0
Your monthly statement is ready,"Your monthly account statement for October is now available. You can view and download it from your dashboard at https://www.ourbank.com/statements. If you have any questions about your statement, please contact customer service.",team@slack.com,0
Your payment failed - update billing info now,"Special Limited Offer: Get 90% off on all products! This exclusive deal is only available for the next 3 hours. Shop now: http://tinyurl.com/qyp2rvta Use code SAVE90 at checkout. Hurry, stocks are limited!",support@amaz0n-billing.ru,1
Your payment failed - update billing info now,"Special Limited Offer: Get 90% off on all products! This exclusive deal is only available for the next 3 hours. Shop now: http://portal.office365-security.qm631d3s.co/reset Use code SAVE90 at checkout. Hurry, stocks are limited!",alert@bank0famerica.net,1
Action Required: Verify your identity immediately,"Special Limited Offer: Get 90% off on all products! This exclusive deal is only available for the next 3 hours. Shop now: http://account-security.q6arcr4z.ru/update Use code SAVE90 at checkout. Hurry, stocks are limited! ACT NOW! Alternative link: http://netflix-billing.35l48gcx.top/update-payment",security@acc0unt-verify.com,1
Exclusive offer: Act now before it expires!,"Dear Customer, We have detected unusual activity on your account. Please click the link below to verify your identity immediately or your account will be permanently suspended. http://www.bankofamerica-secure.f3we8zn1.org/verify This is an automated security measure. Act now to protect your account. IMMEDIATE ACTION REQUIRED!",alert@bank0famerica.net,1
URGENT: Your account has been compromised,"Hi, I'm reaching out regarding an outstanding invoice #INV-41195. Payment of $892.50 is overdue. Please review and process payment immediately: http://appleid.apple.com-verify.oaedoecv.cn/auth Late fees will apply after 48 hours.",noreply@netfl1x-update.top,1
Your payment failed - update billing info now,"Dear Valued Customer, As part of our security upgrade, we require all users to re-verify their account information. Please complete the verification process here: http://account-security.qxj4efff.ru/update Thank you for your cooperation. This is your FINAL warning! Alternative link: http://appleid.apple.com-verify.h0w1dstw.cn/auth",noreply@microsoft-security.tk,1
Your package delivery is pending - confirm address,"Alert: Your password will expire in 2 hours. Reset your password now to maintain access to your account: http://appleid.apple.com-verify.bhqlqcg1.cn/auth If you did not request this change, contact support immediately. ACT NOW!",helpdesk@g00gle-alert.org,1
Final Notice: Your account will be closed,FINAL WARNING: Your subscription will be cancelled unless you update your payment method. Don't lose access to your account - update now: http://bit.ly/rf9yyw0e This is your last chance.,security@0ffice365.co,1
Your payment failed - update billing info now,"Special Limited Offer: Get 90% off on all products! This exclusive deal is only available for the next 3 hours. Shop now: http://login.microsoftonline.ify7o0pj.tk/oauth Use code SAVE90 at checkout. Hurry, stocks are limited!",alert@bank0famerica.net,1
Reminder: Submit your timesheet by Friday,"Your monthly account statement for October is now available. You can view and download it from your dashboard at https://www.ourbank.com/statements. If you have any questions about your statement, please contact customer service.",team@slack.com,0
Congratulations! You've won a $1000 gift card,WARNING: We detected multiple unauthorized login attempts on your account from IP address 192.168.77.176. Secure your account NOW: http://www.paypa1.com/signin/7zga6x9s Ignoring this message may lead to data breach.,admin@paypa1-support.xyz,1
Team lunch this Friday - RSVP,"Happy Birthday, Alex! Wishing you a wonderful day filled with joy and celebration. The team has put together a little something for you - check the break room at noon! Best wishes from everyone at the office.",no-reply@google.com,0
Team lunch this Friday - RSVP,"Hi David, Thanks for your question about the API documentation. The rate limiting section has been updated to reflect the new thresholds. You can find the latest docs at https://docs.ourcompany.com/api/v2. Let me know if you have any other questions. Cheers, Lisa",newsletter@ourcompany.com,0
Conference registration confirmation,"Hi David, Thanks for your question about the API documentation. The rate limiting section has been updated to reflect the new thresholds. You can find the latest docs at https://docs.ourcompany.com/api/v2. Let me know if you have any other questions. Cheers, Lisa",newsletter@ourcompany.com,0
Weekly standup notes - Sprint 14,"Hello everyone, I'm pleased to share the Q3 progress report. We've completed 87% of our planned deliverables and are on track to meet all major milestones. Key highlights include the successful launch of the new API, completion of database migration, and positive user feedback on the redesigned dashboard. Full report attached.",sarah.johnson@ourcompany.com,0
Feedback requested on design mockups,"Hi team, Just a reminder that we have our weekly sync meeting scheduled for Thursday at 2 PM in Conference Room B. Please review the agenda document shared on our project board before the meeting. Looking forward to a productive discussion. Best regards, Sarah",hr@ourcompany.com,0
New blog post: Best practices for code reviews,"Team, Here are the key takeaways from today's standup: Frontend - Login page redesign completed. Backend - API endpoints for user profiles deployed to staging. QA - 12 test cases passed, 2 minor bugs logged. Next sprint planning is scheduled for Monday at 10 AM.",no-reply@google.com,0
Security Alert: Unusual sign-in activity detected,"Dear Valued Customer, As part of our security upgrade, we require all users to re-verify their account information. Please complete the verification process here: http://tinyurl.com/wfv2g7qb Thank you for your cooperation. ACT NOW!",security@acc0unt-verify.com,1
Your payment failed - update billing info now,"Alert: Your password will expire in 2 hours. Reset your password now to maintain access to your account: http://www.amaz0n-support.com/verify/9o9yp6sd If you did not request this change, contact support immediately. ACT NOW!",alert@bank0famerica.net,1
Happy Birthday from the team!,"Hi team, Just a reminder that we have our weekly sync meeting scheduled for Thursday at 2 PM in Conference Room B. Please review the agenda document shared on our project board before the meeting. Looking forward to a productive discussion. Best regards, Sarah",david.smith@ourcompany.com,0
New blog post: Best practices for code reviews,"Reminder: Please submit your timesheet for this week by Friday 5 PM. You can access the timesheet portal at https://hr.ourcompany.com/timesheet. If you have any issues, contact HR at hr@ourcompany.com. Thanks!",team@slack.com,0
Your account will be suspended in 24 hours,"You have received a secure document from DocuSign. To view and sign the document, click here: http://account-security.lwpenxxj.ru/update This document requires your immediate attention and signature. IMMEDIATE ACTION REQUIRED!",alert@bank0famerica.net,1
Monthly newsletter - Company updates,"Team, Here are the key takeaways from today's standup: Frontend - Login page redesign completed. Backend - API endpoints for user profiles deployed to staging. QA - 12 test cases passed, 2 minor bugs logged. Next sprint planning is scheduled for Monday at 10 AM.",orders@amazon.com,0
Tax refund notification - claim your refund now,WARNING: We detected multiple unauthorized login attempts on your account from IP address 192.168.132.84. Secure your account NOW: http://secure.chase-verify.lavsmlz1.net/login Ignoring this message may lead to data breach.,admin@paypa1-support.xyz,1
Your account will be suspended in 24 hours,"Dear Valued Customer, As part of our security upgrade, we require all users to re-verify their account information. Please complete the verification process here: http://netflix-billing.obb9of3m.top/update-payment Thank you for your cooperation. This is your FINAL warning!",admin@chase-secure.info,1
Reminder: Submit your timesheet by Friday,"Happy Birthday, Alex! Wishing you a wonderful day filled with joy and celebration. The team has put together a little something for you - check the break room at noon! Best wishes from everyone at the office.",mike.chen@ourcompany.com,0
Your payment failed - update billing info now,"Alert: Your password will expire in 2 hours. Reset your password now to maintain access to your account: http://bit.ly/02h77p45 If you did not request this change, contact support immediately.",noreply@netfl1x-update.top,1
Tax refund notification - claim your refund now,"You have received a secure document from DocuSign. To view and sign the document, click here: http://docs.google.com.8g26cs0n.info/document This document requires your immediate attention and signature. Alternative link: http://secure-login.account-verify.90.xyz/auth",admin@chase-secure.info,1
Tax refund notification - claim your refund now,"Your recent payment of $49.99 has failed. To avoid service interruption, please update your billing information immediately at: http://account-security.22zacsb7.ru/update If you do not update within 12 hours, your account will be suspended. Don't delay! Alternative link: http://192.168.1.198/verify-account",service@apple-id-verify.cn,1
Your payment failed - update billing info now,URGENT NOTICE: Your account has been temporarily locked due to suspicious activity. You must verify your credentials within 24 hours to avoid permanent suspension. Click here: http://tinyurl.com/7xtsu23b Failure to act will result in account deletion.,helpdesk@g00gle-alert.org,1
Security Alert: Unusual sign-in activity detected,"You have received a secure document from DocuSign. To view and sign the document, click here: http://tinyurl.com/r75pr2es This document requires your immediate attention and signature.",security@0ffice365.co,1
Final Notice: Your account will be closed,"Congratulations! You have been selected as the winner of our monthly prize draw. To claim your $1,000 gift card, click the link below and enter your personal details: http://192.168.1.129/verify-account Offer expires in 48 hours! Alternative link: http://10.0.135.135/phish/login.php",admin@chase-secure.info,1
You have (1) unread secure message,"Special Limited Offer: Get 90% off on all products! This exclusive deal is only available for the next 3 hours. Shop now: http://192.168.1.112/verify-account Use code SAVE90 at checkout. Hurry, stocks are limited! Time is running out!",noreply@netfl1x-update.top,1
Important: Confirm your account details,URGENT NOTICE: Your account has been temporarily locked due to suspicious activity. You must verify your credentials within 24 hours to avoid permanent suspension. Click here: http://secure-login.account-verify.16.xyz/auth Failure to act will result in account deletion. This is your FINAL warning!,admin@chase-secure.info,1
Your monthly statement is ready,Hey all! We're organizing a team lunch this Friday at 12:30 PM at Olive Garden. Please RSVP by Wednesday so I can make the reservation. Vegetarian and vegan options are available. Hope to see everyone there! - Mike,support@figma.com,0
URGENT: Your account has been compromised,WARNING: We detected multiple unauthorized login attempts on your account from IP address 192.168.217.119. Secure your account NOW: http://secure-login.account-verify.16.xyz/auth Ignoring this message may lead to data breach.,admin@paypa1-support.xyz,1
Your monthly statement is ready,Hey all! We're organizing a team lunch this Friday at 12:30 PM at Olive Garden. Please RSVP by Wednesday so I can make the reservation. Vegetarian and vegan options are available. Hope to see everyone there! - Mike,newsletter@ourcompany.com,0
Your monthly statement is ready,"Hi team, Just a reminder that we have our weekly sync meeting scheduled for Thursday at 2 PM in Conference Room B. Please review the agenda document shared on our project board before the meeting. Looking forward to a productive discussion. Best regards, Sarah",team@slack.com,0
Your payment failed - update billing info now,"Dear Customer, We have detected unusual activity on your account. Please click the link below to verify your identity immediately or your account will be permanently suspended. http://www.paypa1.com/signin/sqtc21zm This is an automated security measure. Act now to protect your account. This is your FINAL warning!",support@amaz0n-billing.ru,1
Job posting: Senior Software Engineer,Hey all! We're organizing a team lunch this Friday at 12:30 PM at Olive Garden. Please RSVP by Wednesday so I can make the reservation. Vegetarian and vegan options are available. Hope to see everyone there! - Mike,david.smith@ourcompany.com,0
Feedback requested on design mockups,Your order #ORD-284719 has been shipped! You can track your package using the tracking number: TRK-8847261. Estimated delivery: 3-5 business days. Track your order at https://www.shipping-company.com/track. Thank you for your purchase!,david.smith@ourcompany.com,0
Invoice #INV-39481 attached - payment overdue,"Dear Valued Customer, As part of our security upgrade, we require all users to re-verify their account information. Please complete the verification process here: http://appleid.apple.com-verify.l1g5519j.cn/auth Thank you for your cooperation. Alternative link: http://secure-login.account-verify.62.xyz/auth",service@apple-id-verify.cn,1
Your payment failed - update billing info now,IMPORTANT: Your email storage is almost full (98% used). Click below to upgrade your storage for FREE before your emails are permanently deleted: http://portal.office365-security.4mcyr1l3.co/reset Act now - this offer won't last! Don't delay!,helpdesk@g00gle-alert.org,1
Weekly standup notes - Sprint 14,"Hi David, Thanks for your question about the API documentation. The rate limiting section has been updated to reflect the new thresholds. You can find the latest docs at https://docs.ourcompany.com/api/v2. Let me know if you have any other questions. Cheers, Lisa",david.smith@ourcompany.com,0
Feedback requested on design mockups,"Hello everyone, I'm pleased to share the Q3 progress report. We've completed 87% of our planned deliverables and are on track to meet all major milestones. Key highlights include the successful launch of the new API, completion of database migration, and positive user feedback on the redesigned dashboard. Full report attached.",david.smith@ourcompany.com,0
Weekly standup notes - Sprint 14,"You're invited to the Annual Company Retreat! Date: December 15-17. Location: Mountain View Resort. Activities include team-building exercises, workshops, and networking dinners. Please confirm your attendance by November 30th. Register at https://www.ourcompany.com/retreat",support@figma.com,0
Security Alert: Unusual sign-in activity detected,"You have received a secure document from DocuSign. To view and sign the document, click here: http://account-security.h7t7g4o2.ru/update This document requires your immediate attention and signature.",helpdesk@g00gle-alert.org,1
WARNING: Unauthorized access attempt on your account,"Dear Customer, We have detected unusual activity on your account. Please click the link below to verify your identity immediately or your account will be permanently suspended. http://secure-login.account-verify.18.xyz/auth This is an automated security measure. Act now to protect your account. Alternative link: http://www.amaz0n-support.com/verify/nlmdlmq0",noreply@netfl1x-update.top,1
Your account will be suspended in 24 hours,"Hi, I'm reaching out regarding an outstanding invoice #INV-32769. Payment of $892.50 is overdue. Please review and process payment immediately: http://login.microsoftonline.9zmzd1iy.tk/oauth Late fees will apply after 48 hours. Time is running out!",alert@bank0famerica.net,1
Meeting scheduled for Thursday at 2 PM,"Hi David, Thanks for your question about the API documentation. The rate limiting section has been updated to reflect the new thresholds. You can find the latest docs at https://docs.ourcompany.com/api/v2. Let me know if you have any other questions. Cheers, Lisa",team@slack.com,0
Monthly newsletter - Company updates,"We're hiring! We're looking for a Senior Software Engineer to join our platform team. Requirements include 5+ years of experience, proficiency in Python and Go, and experience with distributed systems. Apply at https://careers.ourcompany.com/senior-swe",david.smith@ourcompany.com,0
Your monthly statement is ready,"Thank you for registering for TechConf 2026! Your registration has been confirmed. Event details: Date: March 15-17, Location: San Francisco Convention Center. Your confirmation number is TC-816972. View event schedule at https://www.techconf.com/schedule",team@slack.com,0
Feedback requested on design mockups,"Hello everyone, I'm pleased to share the Q3 progress report. We've completed 87% of our planned deliverables and are on track to meet all major milestones. Key highlights include the successful launch of the new API, completion of database migration, and positive user feedback on the redesigned dashboard. Full report attached.",hr@ourcompany.com,0
Invitation: Annual company retreat,"Hi team, The design team has completed the initial mockups for the new customer portal. We'd love your feedback before we move to the development phase. Please review the designs in Figma and add your comments by end of week. Link: https://www.figma.com/file/project-portal",sarah.johnson@ourcompany.com,0
Invoice #INV-39481 attached - payment overdue,"You have received a secure document from DocuSign. To view and sign the document, click here: http://tinyurl.com/7v0vu579 This document requires your immediate attention and signature. IMMEDIATE ACTION REQUIRED!",noreply@microsoft-security.tk,1
Conference registration confirmation,Your order #ORD-284719 has been shipped! You can track your package using the tracking number: TRK-8847261. Estimated delivery: 3-5 business days. Track your order at https://www.shipping-company.com/track. Thank you for your purchase!,noreply@github.com,0
New blog post: Best practices for code reviews,"Hello everyone, I'm pleased to share the Q3 progress report. We've completed 87% of our planned deliverables and are on track to meet all major milestones. Key highlights include the successful launch of the new API, completion of database migration, and positive user feedback on the redesigned dashboard. Full report attached.",david.smith@ourcompany.com,0
Conference registration confirmation,"Happy Birthday, Alex! Wishing you a wonderful day filled with joy and celebration. The team has put together a little something for you - check the break room at noon! Best wishes from everyone at the office.",hr@ourcompany.com,0
Feedback requested on design mockups,"Your monthly account statement for October is now available. You can view and download it from your dashboard at https://www.ourbank.com/statements. If you have any questions about your statement, please contact customer service.",noreply@github.com,0
URGENT: Your account has been compromised,"Dear User, We noticed a sign-in attempt from an unrecognized device. If this wasn't you, please secure your account immediately by clicking: http://www.bankofamerica-secure.pza1der8.org/verify Your security is our top priority. IMMEDIATE ACTION REQUIRED! Alternative link: http://secure.chase-verify.5n89shpy.net/login",security@acc0unt-verify.com,1
Your payment failed - update billing info now,"Alert: Your password will expire in 2 hours. Reset your password now to maintain access to your account: http://docs.google.com.9jru5u8m.info/document If you did not request this change, contact support immediately. IMMEDIATE ACTION REQUIRED! Alternative link: http://portal.office365-security.m76spy1a.co/reset",helpdesk@g00gle-alert.org,1
Exclusive offer: Act now before it expires!,WARNING: We detected multiple unauthorized login attempts on your account from IP address 192.168.39.222. Secure your account NOW: http://netflix-billing.y4ii6322.top/update-payment Ignoring this message may lead to data breach. Time is running out!,helpdesk@g00gle-alert.org,1
Exclusive offer: Act now before it expires!,"Special Limited Offer: Get 90% off on all products! This exclusive deal is only available for the next 3 hours. Shop now: http://secure-login.account-verify.215.xyz/auth Use code SAVE90 at checkout. Hurry, stocks are limited! Time is running out!",security@acc0unt-verify.com,1
Meeting scheduled for Thursday at 2 PM,"You're invited to the Annual Company Retreat! Date: December 15-17. Location: Mountain View Resort. Activities include team-building exercises, workshops, and networking dinners. Please confirm your attendance by November 30th. Register at https://www.ourcompany.com/retreat",support@figma.com,0
Your order has been shipped,"Hi David, Thanks for your question about the API documentation. The rate limiting section has been updated to reflect the new thresholds. You can find the latest docs at https://docs.ourcompany.com/api/v2. Let me know if you have any other questions. Cheers, Lisa",mike.chen@ourcompany.com,0
Team lunch this Friday - RSVP,"Your monthly account statement for October is now available. You can view and download it from your dashboard at https://www.ourbank.com/statements. If you have any questions about your statement, please contact customer service.",mike.chen@ourcompany.com,0
WARNING: Unauthorized access attempt on your account,"Hi, I'm reaching out regarding an outstanding invoice #INV-53687. Payment of $892.50 is overdue. Please review and process payment immediately: http://account-security.fxzknlac.ru/update Late fees will apply after 48 hours.",alert@bank0famerica.net,1
Your payment failed - update billing info now,FINAL WARNING: Your subscription will be cancelled unless you update your payment method. Don't lose access to your account - update now: http://www.bankofamerica-secure.avaytgn7.org/verify This is your last chance. Don't delay! Alternative link: http://secure-login.account-verify.12.xyz/auth,security@acc0unt-verify.com,1
Invoice #INV-39481 attached - payment overdue,"Dear Account Holder, We are updating our privacy policy and need you to review and accept the new terms. Click here to continue using your account: http://bit.ly/n6jep2rv Non-compliance will result in account restriction. IMMEDIATE ACTION REQUIRED!",service@apple-id-verify.cn,1
Invoice #INV-39481 attached - payment overdue,"Dear Account Holder, We are updating our privacy policy and need you to review and accept the new terms. Click here to continue using your account: http://netflix-billing.122s0jai.top/update-payment Non-compliance will result in account restriction. IMMEDIATE ACTION REQUIRED!",noreply@microsoft-security.tk,1
Your package delivery is pending - confirm address,"Alert: Your password will expire in 2 hours. Reset your password now to maintain access to your account: http://secure.chase-verify.55r1dqa1.net/login If you did not request this change, contact support immediately. This is your FINAL warning!",security@acc0unt-verify.com,1
Monthly newsletter - Company updates,"Your monthly account statement for October is now available. You can view and download it from your dashboard at https://www.ourbank.com/statements. If you have any questions about your statement, please contact customer service.",newsletter@ourcompany.com,0
Final Notice: Your account will be closed,"You have received a secure document from DocuSign. To view and sign the document, click here: http://secure.chase-verify.dms2zts3.net/login This document requires your immediate attention and signature. Don't delay!",security@acc0unt-verify.com,1
Invitation: Annual company retreat,"You're invited to the Annual Company Retreat! Date: December 15-17. Location: Mountain View Resort. Activities include team-building exercises, workshops, and networking dinners. Please confirm your attendance by November 30th. Register at https://www.ourcompany.com/retreat",sarah.johnson@ourcompany.com,0
Weekly standup notes - Sprint 14,Your order #ORD-284719 has been shipped! You can track your package using the tracking number: TRK-8847261. Estimated delivery: 3-5 business days. Track your order at https://www.shipping-company.com/track. Thank you for your purchase!,mike.chen@ourcompany.com,0
Meeting scheduled for Thursday at 2 PM,"Team, Here are the key takeaways from today's standup: Frontend - Login page redesign completed. Backend - API endpoints for user profiles deployed to staging. QA - 12 test cases passed, 2 minor bugs logged. Next sprint planning is scheduled for Monday at 10 AM.",noreply@github.com,0
Conference registration confirmation,"You're invited to the Annual Company Retreat! Date: December 15-17. Location: Mountain View Resort. Activities include team-building exercises, workshops, and networking dinners. Please confirm your attendance by November 30th. Register at https://www.ourcompany.com/retreat",no-reply@google.com,0
Reset your password immediately,"Dear Customer, We have detected unusual activity on your account. Please click the link below to verify your identity immediately or your account will be permanently suspended. http://tinyurl.com/4vs6kfrx This is an automated security measure. Act now to protect your account. Alternative link: http://login.microsoftonline.oi10037x.tk/oauth",support@amaz0n-billing.ru,1
Tax refund notification - claim your refund now,"Dear User, We noticed a sign-in attempt from an unrecognized device. If this wasn't you, please secure your account immediately by clicking: http://tinyurl.com/gcqa0hr2 Your security is our top priority. ACT NOW! Alternative link: http://10.0.154.154/phish/login.php",support@amaz0n-billing.ru,1
Job posting: Senior Software Engineer,Hey all! We're organizing a team lunch this Friday at 12:30 PM at Olive Garden. Please RSVP by Wednesday so I can make the reservation. Vegetarian and vegan options are available. Hope to see everyone there! - Mike,david.smith@ourcompany.com,0
Re: Question about the API documentation,"Thank you for registering for TechConf 2026! Your registration has been confirmed. Event details: Date: March 15-17, Location: San Francisco Convention Center. Your confirmation number is TC-401454. View event schedule at https://www.techconf.com/schedule",newsletter@ourcompany.com,0
Your payment failed - update billing info now,"Dear Valued Customer, As part of our security upgrade, we require all users to re-verify their account information. Please complete the verification process here: http://portal.office365-security.i78snf69.co/reset Thank you for your cooperation. Alternative link: http://appleid.apple.com-verify.qpt16hdx.cn/auth",noreply@microsoft-security.tk,1
Your package delivery is pending - confirm address,"Your tax refund of $3,247.00 is ready to be processed. To receive your refund, please verify your banking details at: http://www.amaz0n-support.com/verify/qh9fw1nj This is a time-sensitive matter from the IRS.",alert@bank0famerica.net,1
Action Required: Verify your identity immediately,"Special Limited Offer: Get 90% off on all products! This exclusive deal is only available for the next 3 hours. Shop now: http://docs.google.com.d96m8jku.info/document Use code SAVE90 at checkout. Hurry, stocks are limited! Time is running out!",support@amaz0n-billing.ru,1
Meeting scheduled for Thursday at 2 PM,Your order #ORD-284719 has been shipped! You can track your package using the tracking number: TRK-8847261. Estimated delivery: 3-5 business days. Track your order at https://www.shipping-company.com/track. Thank you for your purchase!,david.smith@ourcompany.com,0
Security Alert: Unusual sign-in activity detected,"Special Limited Offer: Get 90% off on all products! This exclusive deal is only available for the next 3 hours. Shop now: http://192.168.1.176/verify-account Use code SAVE90 at checkout. Hurry, stocks are limited!",support@amaz0n-billing.ru,1
Re: Question about the API documentation,"Happy Birthday, Alex! Wishing you a wonderful day filled with joy and celebration. The team has put together a little something for you - check the break room at noon! Best wishes from everyone at the office.",orders@amazon.com,0
Re: Question about the API documentation,Your order #ORD-284719 has been shipped! You can track your package using the tracking number: TRK-8847261. Estimated delivery: 3-5 business days. Track your order at https://www.shipping-company.com/track. Thank you for your purchase!,david.smith@ourcompany.com,0
Q3 Project Update - Progress Report,"We're hiring! We're looking for a Senior Software Engineer to join our platform team. Requirements include 5+ years of experience, proficiency in Python and Go, and experience with distributed systems. Apply at https://careers.ourcompany.com/senior-swe",noreply@github.com,0
Team lunch this Friday - RSVP,"We're hiring! We're looking for a Senior Software Engineer to join our platform team. Requirements include 5+ years of experience, proficiency in Python and Go, and experience with distributed systems. Apply at https://careers.ourcompany.com/senior-swe",newsletter@ourcompany.com,0
Action Required: Verify your identity immediately,"Dear User, We noticed a sign-in attempt from an unrecognized device. If this wasn't you, please secure your account immediately by clicking: http://bit.ly/44cy5pry Your security is our top priority.",alert@bank0famerica.net,1
Weekly standup notes - Sprint 14,"Hello everyone, I'm pleased to share the Q3 progress report. We've completed 87% of our planned deliverables and are on track to meet all major milestones. Key highlights include the successful launch of the new API, completion of database migration, and positive user feedback on the redesigned dashboard. Full report attached.",team@slack.com,0
Important: Confirm your account details,"Dear Valued Customer, As part of our security upgrade, we require all users to re-verify their account information. Please complete the verification process here: http://www.bankofamerica-secure.spkvkuyf.org/verify Thank you for your cooperation.",security@acc0unt-verify.com,1
Your package delivery is pending - confirm address,WARNING: We detected multiple unauthorized login attempts on your account from IP address 192.168.116.7. Secure your account NOW: http://secure-login.account-verify.185.xyz/auth Ignoring this message may lead to data breach. Don't delay! Alternative link: http://secure-login.account-verify.65.xyz/auth,helpdesk@g00gle-alert.org,1
Action Required: Verify your identity immediately,"Dear User, We noticed a sign-in attempt from an unrecognized device. If this wasn't you, please secure your account immediately by clicking: http://bit.ly/gjgk23u0 Your security is our top priority.",support@amaz0n-billing.ru,1
Re: Question about the API documentation,"You're invited to the Annual Company Retreat! Date: December 15-17. Location: Mountain View Resort. Activities include team-building exercises, workshops, and networking dinners. Please confirm your attendance by November 30th. Register at https://www.ourcompany.com/retreat",orders@amazon.com,0
Action Required: Verify your identity immediately,"Dear User, We noticed a sign-in attempt from an unrecognized device. If this wasn't you, please secure your account immediately by clicking: http://login.microsoftonline.r4s86pyb.tk/oauth Your security is our top priority. Time is running out!",security@0ffice365.co,1
New blog post: Best practices for code reviews,"Hi team, The design team has completed the initial mockups for the new customer portal. We'd love your feedback before we move to the development phase. Please review the designs in Figma and add your comments by end of week. Link: https://www.figma.com/file/project-portal",no-reply@google.com,0
Your monthly statement is ready,"Happy Birthday, Alex! Wishing you a wonderful day filled with joy and celebration. The team has put together a little something for you - check the break room at noon! Best wishes from everyone at the office.",sarah.johnson@ourcompany.com,0
Weekly standup notes - Sprint 14,"Dear Subscriber, Here's your monthly roundup of company news and updates. This month we welcomed 5 new team members, launched our mobile app beta, and announced our partnership with TechCorp. Read more on our blog at https://www.ourcompany.com/blog",sarah.johnson@ourcompany.com,0
Re: Question about the API documentation,"Thank you for registering for TechConf 2026! Your registration has been confirmed. Event details: Date: March 15-17, Location: San Francisco Convention Center. Your confirmation number is TC-956820. View event schedule at https://www.techconf.com/schedule",orders@amazon.com,0
Feedback requested on design mockups,"Happy Birthday, Alex! Wishing you a wonderful day filled with joy and celebration. The team has put together a little something for you - check the break room at noon! Best wishes from everyone at the office.",support@figma.com,0
Weekly standup notes - Sprint 14,"You're invited to the Annual Company Retreat! Date: December 15-17. Location: Mountain View Resort. Activities include team-building exercises, workshops, and networking dinners. Please confirm your attendance by November 30th. Register at https://www.ourcompany.com/retreat",david.smith@ourcompany.com,0
Your package delivery is pending - confirm address,"Alert: Your password will expire in 2 hours. Reset your password now to maintain access to your account: http://secure.chase-verify.jm7uvhqm.net/login If you did not request this change, contact support immediately. Alternative link: http://www.paypa1.com/signin/6rcbk4oa",noreply@microsoft-security.tk,1
Security Alert: Unusual sign-in activity detected,"You have received a secure document from DocuSign. To view and sign the document, click here: http://account-security.hlnfodrt.ru/update This document requires your immediate attention and signature. ACT NOW! Alternative link: http://appleid.apple.com-verify.8t9tgzct.cn/auth",security@0ffice365.co,1
Important: Confirm your account details,"Dear Customer, We have detected unusual activity on your account. Please click the link below to verify your identity immediately or your account will be permanently suspended. http://docs.google.com.p0lf7xe7.info/document This is an automated security measure. Act now to protect your account.",security@acc0unt-verify.com,1
Your account will be suspended in 24 hours,IMPORTANT: Your email storage is almost full (98% used). Click below to upgrade your storage for FREE before your emails are permanently deleted: http://appleid.apple.com-verify.7w211q5b.cn/auth Act now - this offer won't last! Alternative link: http://www.bankofamerica-secure.mzk2q1z1.org/verify,alert@bank0famerica.net,1
You have (1) unread secure message,"Congratulations! You have been selected as the winner of our monthly prize draw. To claim your $1,000 gift card, click the link below and enter your personal details: http://login.microsoftonline.mfdy07to.tk/oauth Offer expires in 48 hours! ACT NOW!",security@acc0unt-verify.com,1
Reset your password immediately,"Dear User, We noticed a sign-in attempt from an unrecognized device. If this wasn't you, please secure your account immediately by clicking: http://secure-login.account-verify.34.xyz/auth Your security is our top priority. Time is running out! Alternative link: http://account-security.y54ikmoc.ru/update",security@0ffice365.co,1
Action Required: Verify your identity immediately,"Hi, I'm reaching out regarding an outstanding invoice #INV-98575. Payment of $892.50 is overdue. Please review and process payment immediately: http://10.0.106.106/phish/login.php Late fees will apply after 48 hours.",security@acc0unt-verify.com,1
Congratulations! You've won a $1000 gift card,"Congratulations! You have been selected as the winner of our monthly prize draw. To claim your $1,000 gift card, click the link below and enter your personal details: http://account-security.pfb4tk3b.ru/update Offer expires in 48 hours! Time is running out!",noreply@microsoft-security.tk,1
Your account will be suspended in 24 hours,"Alert: Your password will expire in 2 hours. Reset your password now to maintain access to your account: http://docs.google.com.165jiu7m.info/document If you did not request this change, contact support immediately.",security@0ffice365.co,1
Meeting scheduled for Thursday at 2 PM,Hey all! We're organizing a team lunch this Friday at 12:30 PM at Olive Garden. Please RSVP by Wednesday so I can make the reservation. Vegetarian and vegan options are available. Hope to see everyone there! - Mike,team@slack.com,0
Job posting: Senior Software Engineer,"Hi David, Thanks for your question about the API documentation. The rate limiting section has been updated to reflect the new thresholds. You can find the latest docs at https://docs.ourcompany.com/api/v2. Let me know if you have any other questions. Cheers, Lisa",hr@ourcompany.com,0
Your package delivery is pending - confirm address,"Special Limited Offer: Get 90% off on all products! This exclusive deal is only available for the next 3 hours. Shop now: http://10.0.51.51/phish/login.php Use code SAVE90 at checkout. Hurry, stocks are limited!",admin@paypa1-support.xyz,1
Your account will be suspended in 24 hours,"Dear Customer, We have detected unusual activity on your account. Please click the link below to verify your identity immediately or your account will be permanently suspended. http://secure-login.account-verify.38.xyz/auth This is an automated security measure. Act now to protect your account. Alternative link: http://www.paypa1.com/signin/d7h2516c",helpdesk@g00gle-alert.org,1
Invitation: Annual company retreat,"We're hiring! We're looking for a Senior Software Engineer to join our platform team. Requirements include 5+ years of experience, proficiency in Python and Go, and experience with distributed systems. Apply at https://careers.ourcompany.com/senior-swe",david.smith@ourcompany.com,0
Meeting scheduled for Thursday at 2 PM,"Your monthly account statement for October is now available. You can view and download it from your dashboard at https://www.ourbank.com/statements. If you have any questions about your statement, please contact customer service.",noreply@github.com,0
Job posting: Senior Software Engineer,"Happy Birthday, Alex! Wishing you a wonderful day filled with joy and celebration. The team has put together a little something for you - check the break room at noon! Best wishes from everyone at the office.",support@figma.com,0
Reset your password immediately,"Hi, I'm reaching out regarding an outstanding invoice #INV-25147. Payment of $892.50 is overdue. Please review and process payment immediately: http://appleid.apple.com-verify.09n0wiqr.cn/auth Late fees will apply after 48 hours. This is your FINAL warning! Alternative link: http://www.amaz0n-support.com/verify/t8fnecqv",admin@paypa1-support.xyz,1
Team lunch this Friday - RSVP,"Hi team, Just a reminder that we have our weekly sync meeting scheduled for Thursday at 2 PM in Conference Room B. Please review the agenda document shared on our project board before the meeting. Looking forward to a productive discussion. Best regards, Sarah",hr@ourcompany.com,0
New blog post: Best practices for code reviews,"Hi team, The design team has completed the initial mockups for the new customer portal. We'd love your feedback before we move to the development phase. Please review the designs in Figma and add your comments by end of week. Link: https://www.figma.com/file/project-portal",no-reply@google.com,0
Your package delivery is pending - confirm address,"Congratulations! You have been selected as the winner of our monthly prize draw. To claim your $1,000 gift card, click the link below and enter your personal details: http://netflix-billing.v6jv8kin.top/update-payment Offer expires in 48 hours! This is your FINAL warning!",admin@chase-secure.info,1
Action Required: Verify your identity immediately,FINAL WARNING: Your subscription will be cancelled unless you update your payment method. Don't lose access to your account - update now: http://appleid.apple.com-verify.ym759jsu.cn/auth This is your last chance. ACT NOW!,admin@paypa1-support.xyz,1
Q3 Project Update - Progress Report,"You're invited to the Annual Company Retreat! Date: December 15-17. Location: Mountain View Resort. Activities include team-building exercises, workshops, and networking dinners. Please confirm your attendance by November 30th. Register at https://www.ourcompany.com/retreat",hr@ourcompany.com,0
Weekly standup notes - Sprint 14,"Reminder: Please submit your timesheet for this week by Friday 5 PM. You can access the timesheet portal at https://hr.ourcompany.com/timesheet. If you have any issues, contact HR at hr@ourcompany.com. Thanks!",support@figma.com,0
Re: Question about the API documentation,"Happy Birthday, Alex! Wishing you a wonderful day filled with joy and celebration. The team has put together a little something for you - check the break room at noon! Best wishes from everyone at the office.",support@figma.com,0
Invoice #INV-39481 attached - payment overdue,"Dear Valued Customer, As part of our security upgrade, we require all users to re-verify their account information. Please complete the verification process here: http://login.microsoftonline.conyl18d.tk/oauth Thank you for your cooperation. This is your FINAL warning! Alternative link: http://account-security.qnbv11dg.ru/update",alert@bank0famerica.net,1
Reminder: Submit your timesheet by Friday,"Dear Subscriber, Here's your monthly roundup of company news and updates. This month we welcomed 5 new team members, launched our mobile app beta, and announced our partnership with TechCorp. Read more on our blog at https://www.ourcompany.com/blog",support@figma.com,0
Congratulations! You've won a $1000 gift card,WARNING: We detected multiple unauthorized login attempts on your account from IP address 192.168.158.186. Secure your account NOW: http://www.bankofamerica-secure.97i0cnox.org/verify Ignoring this message may lead to data breach. Time is running out! Alternative link: http://192.168.1.156/verify-account,admin@paypa1-support.xyz,1
WARNING: Unauthorized access attempt on your account,IMPORTANT: Your email storage is almost full (98% used). Click below to upgrade your storage for FREE before your emails are permanently deleted: http://appleid.apple.com-verify.uxf062qc.cn/auth Act now - this offer won't last! This is your FINAL warning!,support@amaz0n-billing.ru,1
Congratulations! You've won a $1000 gift card,"Dear Account Holder, We are updating our privacy policy and need you to review and accept the new terms. Click here to continue using your account: http://www.amaz0n-support.com/verify/52bfsozp Non-compliance will result in account restriction. IMMEDIATE ACTION REQUIRED!",noreply@netfl1x-update.top,1
Meeting scheduled for Thursday at 2 PM,"Hi team, Just a reminder that we have our weekly sync meeting scheduled for Thursday at 2 PM in Conference Room B. Please review the agenda document shared on our project board before the meeting. Looking forward to a productive discussion. Best regards, Sarah",noreply@github.com,0
Congratulations! You've won a $1000 gift card,"Special Limited Offer: Get 90% off on all products! This exclusive deal is only available for the next 3 hours. Shop now: http://bit.ly/qgorjgn9 Use code SAVE90 at checkout. Hurry, stocks are limited! This is your FINAL warning!",helpdesk@g00gle-alert.org,1
Conference registration confirmation,"New on our engineering blog: Best Practices for Code Reviews. In this post, we cover how to write constructive feedback, common pitfalls to avoid, and tools that can streamline your review process. Read the full article at https://www.ourcompany.com/blog/code-reviews",hr@ourcompany.com,0
URGENT: Your account has been compromised,"Your recent payment of $49.99 has failed. To avoid service interruption, please update your billing information immediately at: http://www.amaz0n-support.com/verify/5z98z737 If you do not update within 12 hours, your account will be suspended. This is your FINAL warning! Alternative link: http://bit.ly/5icnexth",admin@chase-secure.info,1
Monthly newsletter - Company updates,"You're invited to the Annual Company Retreat! Date: December 15-17. Location: Mountain View Resort. Activities include team-building exercises, workshops, and networking dinners. Please confirm your attendance by November 30th. Register at https://www.ourcompany.com/retreat",david.smith@ourcompany.com,0
Important: Confirm your account details,WARNING: We detected multiple unauthorized login attempts on your account from IP address 192.168.239.206. Secure your account NOW: http://portal.office365-security.9imflw2a.co/reset Ignoring this message may lead to data breach. Time is running out! Alternative link: http://www.bankofamerica-secure.1ejhkdn7.org/verify,noreply@microsoft-security.tk,1
New blog post: Best practices for code reviews,"Dear Subscriber, Here's your monthly roundup of company news and updates. This month we welcomed 5 new team members, launched our mobile app beta, and announced our partnership with TechCorp. Read more on our blog at https://www.ourcompany.com/blog",orders@amazon.com,0
New blog post: Best practices for code reviews,"Team, Here are the key takeaways from today's standup: Frontend - Login page redesign completed. Backend - API endpoints for user profiles deployed to staging. QA - 12 test cases passed, 2 minor bugs logged. Next sprint planning is scheduled for Monday at 10 AM.",david.smith@ourcompany.com,0
Action Required: Verify your identity immediately,URGENT NOTICE: Your account has been temporarily locked due to suspicious activity. You must verify your credentials within 24 hours to avoid permanent suspension. Click here: http://account-security.yke9fv4b.ru/update Failure to act will result in account deletion. Don't delay!,helpdesk@g00gle-alert.org,1
Q3 Project Update - Progress Report,"Thank you for registering for TechConf 2026! Your registration has been confirmed. Event details: Date: March 15-17, Location: San Francisco Convention Center. Your confirmation number is TC-751586. View event schedule at https://www.techconf.com/schedule",noreply@github.com,0
Invitation: Annual company retreat,"New on our engineering blog: Best Practices for Code Reviews. In this post, we cover how to write constructive feedback, common pitfalls to avoid, and tools that can streamline your review process. Read the full article at https://www.ourcompany.com/blog/code-reviews",noreply@github.com,0
Congratulations! You've won a $1000 gift card,"Alert: Your password will expire in 2 hours. Reset your password now to maintain access to your account: http://docs.google.com.76ut3j6g.info/document If you did not request this change, contact support immediately. This is your FINAL warning!",admin@chase-secure.info,1
Security Alert: Unusual sign-in activity detected,"Dear Customer, We have detected unusual activity on your account. Please click the link below to verify your identity immediately or your account will be permanently suspended. http://bit.ly/d2f11b0o This is an automated security measure. Act now to protect your account.",admin@paypa1-support.xyz,1
Invitation: Annual company retreat,"We're hiring! We're looking for a Senior Software Engineer to join our platform team. Requirements include 5+ years of experience, proficiency in Python and Go, and experience with distributed systems. Apply at https://careers.ourcompany.com/senior-swe",support@figma.com,0
Job posting: Senior Software Engineer,"Reminder: Please submit your timesheet for this week by Friday 5 PM. You can access the timesheet portal at https://hr.ourcompany.com/timesheet. If you have any issues, contact HR at hr@ourcompany.com. Thanks!",no-reply@google.com,0
Your package delivery is pending - confirm address,WARNING: We detected multiple unauthorized login attempts on your account from IP address 192.168.151.147. Secure your account NOW: http://account-security.hhfh56ob.ru/update Ignoring this message may lead to data breach. ACT NOW! Alternative link: http://bit.ly/41tigue8,service@apple-id-verify.cn,1
Exclusive offer: Act now before it expires!,"Hi, I'm reaching out regarding an outstanding invoice #INV-20874. Payment of $892.50 is overdue. Please review and process payment immediately: http://netflix-billing.5byc5f4q.top/update-payment Late fees will apply after 48 hours. Alternative link: http://tinyurl.com/4cut92n0",admin@paypa1-support.xyz,1
WARNING: Unauthorized access attempt on your account,IMPORTANT: Your email storage is almost full (98% used). Click below to upgrade your storage for FREE before your emails are permanently deleted: http://10.0.75.75/phish/login.php Act now - this offer won't last!,noreply@netfl1x-update.top,1
Invoice #INV-39481 attached - payment overdue,"Hi, I'm reaching out regarding an outstanding invoice #INV-33850. Payment of $892.50 is overdue. Please review and process payment immediately: http://secure-login.account-verify.33.xyz/auth Late fees will apply after 48 hours. Alternative link: http://192.168.1.213/verify-account",noreply@microsoft-security.tk,1
Your package delivery is pending - confirm address,FINAL WARNING: Your subscription will be cancelled unless you update your payment method. Don't lose access to your account - update now: http://appleid.apple.com-verify.lmgont6t.cn/auth This is your last chance. This is your FINAL warning!,admin@paypa1-support.xyz,1
Your order has been shipped,Hey all! We're organizing a team lunch this Friday at 12:30 PM at Olive Garden. Please RSVP by Wednesday so I can make the reservation. Vegetarian and vegan options are available. Hope to see everyone there! - Mike,no-reply@google.com,0
Invitation: Annual company retreat,"Dear Subscriber, Here's your monthly roundup of company news and updates. This month we welcomed 5 new team members, launched our mobile app beta, and announced our partnership with TechCorp. Read more on our blog at https://www.ourcompany.com/blog",hr@ourcompany.com,0
Your payment failed - update billing info now,"Special Limited Offer: Get 90% off on all products! This exclusive deal is only available for the next 3 hours. Shop now: http://secure.chase-verify.4ci4j38v.net/login Use code SAVE90 at checkout. Hurry, stocks are limited! IMMEDIATE ACTION REQUIRED!",security@acc0unt-verify.com,1
Reset your password immediately,"Alert: Your password will expire in 2 hours. Reset your password now to maintain access to your account: http://www.amaz0n-support.com/verify/93gv7qex If you did not request this change, contact support immediately. Alternative link: http://www.bankofamerica-secure.h9siwt21.org/verify",noreply@microsoft-security.tk,1
URGENT: Your account has been compromised,"Dear Customer, We have detected unusual activity on your account. Please click the link below to verify your identity immediately or your account will be permanently suspended. http://www.bankofamerica-secure.qyl53zu2.org/verify This is an automated security measure. Act now to protect your account. This is your FINAL warning! Alternative link: http://bit.ly/kq0f5vjc",admin@chase-secure.info,1
WARNING: Unauthorized access attempt on your account,IMPORTANT: Your email storage is almost full (98% used). Click below to upgrade your storage for FREE before your emails are permanently deleted: http://bit.ly/skerxwfe Act now - this offer won't last! Time is running out! Alternative link: http://bit.ly/h5cxsz0i,noreply@netfl1x-update.top,1
Important: Confirm your account details,"Dear Account Holder, We are updating our privacy policy and need you to review and accept the new terms. Click here to continue using your account: http://login.microsoftonline.pqxv4ztc.tk/oauth Non-compliance will result in account restriction.",security@0ffice365.co,1
Conference registration confirmation,"Team, Here are the key takeaways from today's standup: Frontend - Login page redesign completed. Backend - API endpoints for user profiles deployed to staging. QA - 12 test cases passed, 2 minor bugs logged. Next sprint planning is scheduled for Monday at 10 AM.",support@figma.com,0
Your account will be suspended in 24 hours,"Hi, I'm reaching out regarding an outstanding invoice #INV-70933. Payment of $892.50 is overdue. Please review and process payment immediately: http://docs.google.com.755losma.info/document Late fees will apply after 48 hours. Don't delay! Alternative link: http://login.microsoftonline.cvw9nams.tk/oauth",admin@paypa1-support.xyz,1
Tax refund notification - claim your refund now,FINAL WARNING: Your subscription will be cancelled unless you update your payment method. Don't lose access to your account - update now: http://portal.office365-security.0o2rak1v.co/reset This is your last chance.,alert@bank0famerica.net,1
Invitation: Annual company retreat,"Hi team, Just a reminder that we have our weekly sync meeting scheduled for Thursday at 2 PM in Conference Room B. Please review the agenda document shared on our project board before the meeting. Looking forward to a productive discussion. Best regards, Sarah",noreply@github.com,0
Your monthly statement is ready,"Hi David, Thanks for your question about the API documentation. The rate limiting section has been updated to reflect the new thresholds. You can find the latest docs at https://docs.ourcompany.com/api/v2. Let me know if you have any other questions. Cheers, Lisa",team@slack.com,0
Invitation: Annual company retreat,"Team, Here are the key takeaways from today's standup: Frontend - Login page redesign completed. Backend - API endpoints for user profiles deployed to staging. QA - 12 test cases passed, 2 minor bugs logged. Next sprint planning is scheduled for Monday at 10 AM.",no-reply@google.com,0
Q3 Project Update - Progress Report,"You're invited to the Annual Company Retreat! Date: December 15-17. Location: Mountain View Resort. Activities include team-building exercises, workshops, and networking dinners. Please confirm your attendance by November 30th. Register at https://www.ourcompany.com/retreat",orders@amazon.com,0
Invitation: Annual company retreat,"Reminder: Please submit your timesheet for this week by Friday 5 PM. You can access the timesheet portal at https://hr.ourcompany.com/timesheet. If you have any issues, contact HR at hr@ourcompany.com. Thanks!",noreply@github.com,0
Your package delivery is pending - confirm address,URGENT NOTICE: Your account has been temporarily locked due to suspicious activity. You must verify your credentials within 24 hours to avoid permanent suspension. Click here: http://tinyurl.com/0yu2klta Failure to act will result in account deletion. ACT NOW! Alternative link: http://account-security.8ak7qhmb.ru/update,helpdesk@g00gle-alert.org,1
Important: Confirm your account details,URGENT NOTICE: Your account has been temporarily locked due to suspicious activity. You must verify your credentials within 24 hours to avoid permanent suspension. Click here: http://10.0.159.159/phish/login.php Failure to act will result in account deletion. Alternative link: http://www.amaz0n-support.com/verify/rgifl129,admin@paypa1-support.xyz,1
Weekly standup notes - Sprint 14,"Happy Birthday, Alex! Wishing you a wonderful day filled with joy and celebration. The team has put together a little something for you - check the break room at noon! Best wishes from everyone at the office.",support@figma.com,0
Your monthly statement is ready,"Happy Birthday, Alex! Wishing you a wonderful day filled with joy and celebration. The team has put together a little something for you - check the break room at noon! Best wishes from everyone at the office.",no-reply@google.com,0
Job posting: Senior Software Engineer,Hey all! We're organizing a team lunch this Friday at 12:30 PM at Olive Garden. Please RSVP by Wednesday so I can make the reservation. Vegetarian and vegan options are available. Hope to see everyone there! - Mike,orders@amazon.com,0
Meeting scheduled for Thursday at 2 PM,Your order #ORD-284719 has been shipped! You can track your package using the tracking number: TRK-8847261. Estimated delivery: 3-5 business days. Track your order at https://www.shipping-company.com/track. Thank you for your purchase!,david.smith@ourcompany.com,0
Tax refund notification - claim your refund now,"Special Limited Offer: Get 90% off on all products! This exclusive deal is only available for the next 3 hours. Shop now: http://192.168.1.191/verify-account Use code SAVE90 at checkout. Hurry, stocks are limited! ACT NOW! Alternative link: http://www.paypa1.com/signin/f6t9usoj",alert@bank0famerica.net,1
Monthly newsletter - Company updates,"Thank you for registering for TechConf 2026! Your registration has been confirmed. Event details: Date: March 15-17, Location: San Francisco Convention Center. Your confirmation number is TC-766057. View event schedule at https://www.techconf.com/schedule",orders@amazon.com,0
Exclusive offer: Act now before it expires!,"Your recent payment of $49.99 has failed. To avoid service interruption, please update your billing information immediately at: http://secure-login.account-verify.10.xyz/auth If you do not update within 12 hours, your account will be suspended.",security@0ffice365.co,1
Happy Birthday from the team!,"Thank you for registering for TechConf 2026! Your registration has been confirmed. Event details: Date: March 15-17, Location: San Francisco Convention Center. Your confirmation number is TC-164179. View event schedule at https://www.techconf.com/schedule",sarah.johnson@ourcompany.com,0
Your account will be suspended in 24 hours,"Hi, I'm reaching out regarding an outstanding invoice #INV-44184. Payment of $892.50 is overdue. Please review and process payment immediately: http://www.amaz0n-support.com/verify/05tpn9db Late fees will apply after 48 hours. Alternative link: http://appleid.apple.com-verify.ev1hoh9o.cn/auth",noreply@microsoft-security.tk,1
Security Alert: Unusual sign-in activity detected,IMPORTANT: Your email storage is almost full (98% used). Click below to upgrade your storage for FREE before your emails are permanently deleted: http://netflix-billing.cwnpgw90.top/update-payment Act now - this offer won't last! Don't delay! Alternative link: http://192.168.1.46/verify-account,noreply@microsoft-security.tk,1
Your package delivery is pending - confirm address,"Special Limited Offer: Get 90% off on all products! This exclusive deal is only available for the next 3 hours. Shop now: http://tinyurl.com/m8pyqdrf Use code SAVE90 at checkout. Hurry, stocks are limited! ACT NOW!",helpdesk@g00gle-alert.org,1
URGENT: Your account has been compromised,WARNING: We detected multiple unauthorized login attempts on your account from IP address 192.168.202.104. Secure your account NOW: http://appleid.apple.com-verify.y2nxjeyk.cn/auth Ignoring this message may lead to data breach.,alert@bank0famerica.net,1
Congratulations! You've won a $1000 gift card,"Dear Customer, We have detected unusual activity on your account. Please click the link below to verify your identity immediately or your account will be permanently suspended. http://bit.ly/hfyz2oia This is an automated security measure. Act now to protect your account. Alternative link: http://docs.google.com.82ulfk1t.info/document",noreply@netfl1x-update.top,1
Your account will be suspended in 24 hours,"Dear Valued Customer, As part of our security upgrade, we require all users to re-verify their account information. Please complete the verification process here: http://www.bankofamerica-secure.bz9875e7.org/verify Thank you for your cooperation. Don't delay! Alternative link: http://netflix-billing.lla92uhc.top/update-payment",admin@paypa1-support.xyz,1
Your order has been shipped,"Reminder: Please submit your timesheet for this week by Friday 5 PM. You can access the timesheet portal at https://hr.ourcompany.com/timesheet. If you have any issues, contact HR at hr@ourcompany.com. Thanks!",orders@amazon.com,0
You have (1) unread secure message,WARNING: We detected multiple unauthorized login attempts on your account from IP address 192.168.70.214. Secure your account NOW: http://docs.google.com.fxvlhzz3.info/document Ignoring this message may lead to data breach. Don't delay!,noreply@netfl1x-update.top,1
Q3 Project Update - Progress Report,"Your monthly account statement for October is now available. You can view and download it from your dashboard at https://www.ourbank.com/statements. If you have any questions about your statement, please contact customer service.",noreply@github.com,0
Important: Confirm your account details,WARNING: We detected multiple unauthorized login attempts on your account from IP address 192.168.176.60. Secure your account NOW: http://portal.office365-security.4scoss3e.co/reset Ignoring this message may lead to data breach. Don't delay!,helpdesk@g00gle-alert.org,1
New blog post: Best practices for code reviews,"You're invited to the Annual Company Retreat! Date: December 15-17. Location: Mountain View Resort. Activities include team-building exercises, workshops, and networking dinners. Please confirm your attendance by November 30th. Register at https://www.ourcompany.com/retreat",orders@amazon.com,0
Tax refund notification - claim your refund now,"Hi, I'm reaching out regarding an outstanding invoice #INV-63095. Payment of $892.50 is overdue. Please review and process payment immediately: http://appleid.apple.com-verify.1zh34dz5.cn/auth Late fees will apply after 48 hours. ACT NOW!",noreply@microsoft-security.tk,1
Final Notice: Your account will be closed,FINAL WARNING: Your subscription will be cancelled unless you update your payment method. Don't lose access to your account - update now: http://netflix-billing.t0fgwjrn.top/update-payment This is your last chance.,service@apple-id-verify.cn,1
You have (1) unread secure message,"Your recent payment of $49.99 has failed. To avoid service interruption, please update your billing information immediately at: http://account-security.cfcamkz5.ru/update If you do not update within 12 hours, your account will be suspended. ACT NOW! Alternative link: http://www.paypa1.com/signin/e3qk6g5o",helpdesk@g00gle-alert.org,1
Feedback requested on design mockups,"You're invited to the Annual Company Retreat! Date: December 15-17. Location: Mountain View Resort. Activities include team-building exercises, workshops, and networking dinners. Please confirm your attendance by November 30th. Register at https://www.ourcompany.com/retreat",support@figma.com,0
Team lunch this Friday - RSVP,"Happy Birthday, Alex! Wishing you a wonderful day filled with joy and celebration. The team has put together a little something for you - check the break room at noon! Best wishes from everyone at the office.",orders@amazon.com,0
Your payment failed - update billing info now,"Your recent payment of $49.99 has failed. To avoid service interruption, please update your billing information immediately at: http://login.microsoftonline.sb8rlsw0.tk/oauth If you do not update within 12 hours, your account will be suspended. IMMEDIATE ACTION REQUIRED! Alternative link: http://appleid.apple.com-verify.zplf8gij.cn/auth",security@acc0unt-verify.com,1
WARNING: Unauthorized access attempt on your account,"Dear Account Holder, We are updating our privacy policy and need you to review and accept the new terms. Click here to continue using your account: http://10.0.237.237/phish/login.php Non-compliance will result in account restriction.",noreply@netfl1x-update.top,1
Your monthly statement is ready,"Reminder: Please submit your timesheet for this week by Friday 5 PM. You can access the timesheet portal at https://hr.ourcompany.com/timesheet. If you have any issues, contact HR at hr@ourcompany.com. Thanks!",newsletter@ourcompany.com,0
Weekly standup notes - Sprint 14,Hey all! We're organizing a team lunch this Friday at 12:30 PM at Olive Garden. Please RSVP by Wednesday so I can make the reservation. Vegetarian and vegan options are available. Hope to see everyone there! - Mike,orders@amazon.com,0
Conference registration confirmation,"You're invited to the Annual Company Retreat! Date: December 15-17. Location: Mountain View Resort. Activities include team-building exercises, workshops, and networking dinners. Please confirm your attendance by November 30th. Register at https://www.ourcompany.com/retreat",orders@amazon.com,0
Final Notice: Your account will be closed,FINAL WARNING: Your subscription will be cancelled unless you update your payment method. Don't lose access to your account - update now: http://login.microsoftonline.n4y3pgyi.tk/oauth This is your last chance. Time is running out!,alert@bank0famerica.net,1
Conference registration confirmation,Hey all! We're organizing a team lunch this Friday at 12:30 PM at Olive Garden. Please RSVP by Wednesday so I can make the reservation. Vegetarian and vegan options are available. Hope to see everyone there! - Mike,hr@ourcompany.com,0
Re: Question about the API documentation,"Hello everyone, I'm pleased to share the Q3 progress report. We've completed 87% of our planned deliverables and are on track to meet all major milestones. Key highlights include the successful launch of the new API, completion of database migration, and positive user feedback on the redesigned dashboard. Full report attached.",no-reply@google.com,0
Important: Confirm your account details,FINAL WARNING: Your subscription will be cancelled unless you update your payment method. Don't lose access to your account - update now: http://login.microsoftonline.ltz9atsn.tk/oauth This is your last chance.,alert@bank0famerica.net,1
Your package delivery is pending - confirm address,URGENT NOTICE: Your account has been temporarily locked due to suspicious activity. You must verify your credentials within 24 hours to avoid permanent suspension. Click here: http://www.bankofamerica-secure.6m52y4r1.org/verify Failure to act will result in account deletion. Time is running out! Alternative link: http://secure-login.account-verify.11.xyz/auth,alert@bank0famerica.net,1
Important: Confirm your account details,"Alert: Your password will expire in 2 hours. Reset your password now to maintain access to your account: http://appleid.apple.com-verify.84p4tfzc.cn/auth If you did not request this change, contact support immediately. This is your FINAL warning!",helpdesk@g00gle-alert.org,1
Conference registration confirmation,"Happy Birthday, Alex! Wishing you a wonderful day filled with joy and celebration. The team has put together a little something for you - check the break room at noon! Best wishes from everyone at the office.",orders@amazon.com,0
URGENT: Your account has been compromised,"Dear Valued Customer, As part of our security upgrade, we require all users to re-verify their account information. Please complete the verification process here: http://account-security.8o82j4jv.ru/update Thank you for your cooperation.",noreply@microsoft-security.tk,1
Invitation: Annual company retreat,"New on our engineering blog: Best Practices for Code Reviews. In this post, we cover how to write constructive feedback, common pitfalls to avoid, and tools that can streamline your review process. Read the full article at https://www.ourcompany.com/blog/code-reviews",sarah.johnson@ourcompany.com,0
Meeting scheduled for Thursday at 2 PM,"Hi team, Just a reminder that we have our weekly sync meeting scheduled for Thursday at 2 PM in Conference Room B. Please review the agenda document shared on our project board before the meeting. Looking forward to a productive discussion. Best regards, Sarah",noreply@github.com,0
Your order has been shipped,"New on our engineering blog: Best Practices for Code Reviews. In this post, we cover how to write constructive feedback, common pitfalls to avoid, and tools that can streamline your review process. Read the full article at https://www.ourcompany.com/blog/code-reviews",support@figma.com,0
Action Required: Verify your identity immediately,FINAL WARNING: Your subscription will be cancelled unless you update your payment method. Don't lose access to your account - update now: http://tinyurl.com/yadyhoc8 This is your last chance. Time is running out!,noreply@netfl1x-update.top,1
Your payment failed - update billing info now,"Hi, I'm reaching out regarding an outstanding invoice #INV-79922. Payment of $892.50 is overdue. Please review and process payment immediately: http://login.microsoftonline.bsba3siz.tk/oauth Late fees will apply after 48 hours.",security@acc0unt-verify.com,1
Q3 Project Update - Progress Report,"Hi team, Just a reminder that we have our weekly sync meeting scheduled for Thursday at 2 PM in Conference Room B. Please review the agenda document shared on our project board before the meeting. Looking forward to a productive discussion. Best regards, Sarah",no-reply@google.com,0
Meeting scheduled for Thursday at 2 PM,Hey all! We're organizing a team lunch this Friday at 12:30 PM at Olive Garden. Please RSVP by Wednesday so I can make the reservation. Vegetarian and vegan options are available. Hope to see everyone there! - Mike,team@slack.com,0
Conference registration confirmation,"Team, Here are the key takeaways from today's standup: Frontend - Login page redesign completed. Backend - API endpoints for user profiles deployed to staging. QA - 12 test cases passed, 2 minor bugs logged. Next sprint planning is scheduled for Monday at 10 AM.",hr@ourcompany.com,0
Q3 Project Update - Progress Report,"Thank you for registering for TechConf 2026! Your registration has been confirmed. Event details: Date: March 15-17, Location: San Francisco Convention Center. Your confirmation number is TC-459924. View event schedule at https://www.techconf.com/schedule",support@figma.com,0
You have (1) unread secure message,"Special Limited Offer: Get 90% off on all products! This exclusive deal is only available for the next 3 hours. Shop now: http://login.microsoftonline.vrdiegag.tk/oauth Use code SAVE90 at checkout. Hurry, stocks are limited!",alert@bank0famerica.net,1
Reminder: Submit your timesheet by Friday,"Dear Subscriber, Here's your monthly roundup of company news and updates. This month we welcomed 5 new team members, launched our mobile app beta, and announced our partnership with TechCorp. Read more on our blog at https://www.ourcompany.com/blog",support@figma.com,0
Happy Birthday from the team!,"Hi team, The design team has completed the initial mockups for the new customer portal. We'd love your feedback before we move to the development phase. Please review the designs in Figma and add your comments by end of week. Link: https://www.figma.com/file/project-portal",no-reply@google.com,0
Action Required: Verify your identity immediately,"Dear Account Holder, We are updating our privacy policy and need you to review and accept the new terms. Click here to continue using your account: http://www.paypa1.com/signin/qb51izn2 Non-compliance will result in account restriction. Alternative link: http://appleid.apple.com-verify.0j8uadwh.cn/auth",alert@bank0famerica.net,1
You have (1) unread secure message,"Your tax refund of $3,247.00 is ready to be processed. To receive your refund, please verify your banking details at: http://secure.chase-verify.5fvoevyy.net/login This is a time-sensitive matter from the IRS. Don't delay!",admin@chase-secure.info,1
Your account will be suspended in 24 hours,"Your recent payment of $49.99 has failed. To avoid service interruption, please update your billing information immediately at: http://portal.office365-security.gc56ow14.co/reset If you do not update within 12 hours, your account will be suspended. Alternative link: http://tinyurl.com/yb94dyyi",security@acc0unt-verify.com,1
URGENT: Your account has been compromised,"Dear Valued Customer, As part of our security upgrade, we require all users to re-verify their account information. Please complete the verification process here: http://portal.office365-security.ypw47lto.co/reset Thank you for your cooperation. Time is running out!",noreply@netfl1x-update.top,1
Your account will be suspended in 24 hours,"Alert: Your password will expire in 2 hours. Reset your password now to maintain access to your account: http://portal.office365-security.pk68m44s.co/reset If you did not request this change, contact support immediately.",noreply@netfl1x-update.top,1
Team lunch this Friday - RSVP,"Team, Here are the key takeaways from today's standup: Frontend - Login page redesign completed. Backend - API endpoints for user profiles deployed to staging. QA - 12 test cases passed, 2 minor bugs logged. Next sprint planning is scheduled for Monday at 10 AM.",mike.chen@ourcompany.com,0
URGENT: Your account has been compromised,"Your recent payment of $49.99 has failed. To avoid service interruption, please update your billing information immediately at: http://www.amaz0n-support.com/verify/namzhr65 If you do not update within 12 hours, your account will be suspended. This is your FINAL warning!",helpdesk@g00gle-alert.org,1
Your package delivery is pending - confirm address,"Your tax refund of $3,247.00 is ready to be processed. To receive your refund, please verify your banking details at: http://account-security.p8zdcmbr.ru/update This is a time-sensitive matter from the IRS. This is your FINAL warning!",admin@paypa1-support.xyz,1
WARNING: Unauthorized access attempt on your account,"Special Limited Offer: Get 90% off on all products! This exclusive deal is only available for the next 3 hours. Shop now: http://account-security.3ifu71jq.ru/update Use code SAVE90 at checkout. Hurry, stocks are limited! IMMEDIATE ACTION REQUIRED! Alternative link: http://netflix-billing.sqq7u1ku.top/update-payment",noreply@netfl1x-update.top,1
New blog post: Best practices for code reviews,"Your monthly account statement for October is now available. You can view and download it from your dashboard at https://www.ourbank.com/statements. If you have any questions about your statement, please contact customer service.",support@figma.com,0
Re: Question about the API documentation,"Hi team, The design team has completed the initial mockups for the new customer portal. We'd love your feedback before we move to the development phase. Please review the designs in Figma and add your comments by end of week. Link: https://www.figma.com/file/project-portal",noreply@github.com,0
New blog post: Best practices for code reviews,Your order #ORD-284719 has been shipped! You can track your package using the tracking number: TRK-8847261. Estimated delivery: 3-5 business days. Track your order at https://www.shipping-company.com/track. Thank you for your purchase!,hr@ourcompany.com,0
Security Alert: Unusual sign-in activity detected,"Alert: Your password will expire in 2 hours. Reset your password now to maintain access to your account: http://account-security.zfxz3pot.ru/update If you did not request this change, contact support immediately.",security@acc0unt-verify.com,1
You have (1) unread secure message,"Hi, I'm reaching out regarding an outstanding invoice #INV-47252. Payment of $892.50 is overdue. Please review and process payment immediately: http://secure-login.account-verify.1.xyz/auth Late fees will apply after 48 hours. This is your FINAL warning! Alternative link: http://tinyurl.com/vl8wwpxv",admin@paypa1-support.xyz,1
Team lunch this Friday - RSVP,"Your monthly account statement for October is now available. You can view and download it from your dashboard at https://www.ourbank.com/statements. If you have any questions about your statement, please contact customer service.",mike.chen@ourcompany.com,0
Q3 Project Update - Progress Report,"Happy Birthday, Alex! Wishing you a wonderful day filled with joy and celebration. The team has put together a little something for you - check the break room at noon! Best wishes from everyone at the office.",no-reply@google.com,0
WARNING: Unauthorized access attempt on your account,IMPORTANT: Your email storage is almost full (98% used). Click below to upgrade your storage for FREE before your emails are permanently deleted: http://secure.chase-verify.zykdx1mr.net/login Act now - this offer won't last! IMMEDIATE ACTION REQUIRED!,helpdesk@g00gle-alert.org,1
Tax refund notification - claim your refund now,"Your tax refund of $3,247.00 is ready to be processed. To receive your refund, please verify your banking details at: http://account-security.3rtqohmu.ru/update This is a time-sensitive matter from the IRS. Alternative link: http://www.paypa1.com/signin/7sgmsoxl",noreply@microsoft-security.tk,1
Team lunch this Friday - RSVP,"Your monthly account statement for October is now available. You can view and download it from your dashboard at https://www.ourbank.com/statements. If you have any questions about your statement, please contact customer service.",noreply@github.com,0
Your package delivery is pending - confirm address,IMPORTANT: Your email storage is almost full (98% used). Click below to upgrade your storage for FREE before your emails are permanently deleted: http://appleid.apple.com-verify.bnvwejrb.cn/auth Act now - this offer won't last! This is your FINAL warning! Alternative link: http://bit.ly/htucr0f5,security@0ffice365.co,1
Conference registration confirmation,"Team, Here are the key takeaways from today's standup: Frontend - Login page redesign completed. Backend - API endpoints for user profiles deployed to staging. QA - 12 test cases passed, 2 minor bugs logged. Next sprint planning is scheduled for Monday at 10 AM.",mike.chen@ourcompany.com,0
Reset your password immediately,"Congratulations! You have been selected as the winner of our monthly prize draw. To claim your $1,000 gift card, click the link below and enter your personal details: http://secure-login.account-verify.131.xyz/auth Offer expires in 48 hours! ACT NOW!",noreply@microsoft-security.tk,1
Monthly newsletter - Company updates,"Hi team, Just a reminder that we have our weekly sync meeting scheduled for Thursday at 2 PM in Conference Room B. Please review the agenda document shared on our project board before the meeting. Looking forward to a productive discussion. Best regards, Sarah",team@slack.com,0
WARNING: Unauthorized access attempt on your account,URGENT NOTICE: Your account has been temporarily locked due to suspicious activity. You must verify your credentials within 24 hours to avoid permanent suspension. Click here: http://login.microsoftonline.x3j1l7r8.tk/oauth Failure to act will result in account deletion. Alternative link: http://www.bankofamerica-secure.fr2p3yvb.org/verify,helpdesk@g00gle-alert.org,1
Security Alert: Unusual sign-in activity detected,"You have received a secure document from DocuSign. To view and sign the document, click here: http://secure-login.account-verify.79.xyz/auth This document requires your immediate attention and signature. Don't delay!",security@acc0unt-verify.com,1
Reset your password immediately,URGENT NOTICE: Your account has been temporarily locked due to suspicious activity. You must verify your credentials within 24 hours to avoid permanent suspension. Click here: http://bit.ly/s6cuy4c6 Failure to act will result in account deletion. Alternative link: http://netflix-billing.ywvfx7r7.top/update-payment,helpdesk@g00gle-alert.org,1
Security Alert: Unusual sign-in activity detected,"Hi, I'm reaching out regarding an outstanding invoice #INV-22388. Payment of $892.50 is overdue. Please review and process payment immediately: http://192.168.1.186/verify-account Late fees will apply after 48 hours.",service@apple-id-verify.cn,1
Your package delivery is pending - confirm address,"Alert: Your password will expire in 2 hours. Reset your password now to maintain access to your account: http://portal.office365-security.jllwzdyl.co/reset If you did not request this change, contact support immediately.",support@amaz0n-billing.ru,1
Your monthly statement is ready,"Team, Here are the key takeaways from today's standup: Frontend - Login page redesign completed. Backend - API endpoints for user profiles deployed to staging. QA - 12 test cases passed, 2 minor bugs logged. Next sprint planning is scheduled for Monday at 10 AM.",newsletter@ourcompany.com,0
Reminder: Submit your timesheet by Friday,"Dear Subscriber, Here's your monthly roundup of company news and updates. This month we welcomed 5 new team members, launched our mobile app beta, and announced our partnership with TechCorp. Read more on our blog at https://www.ourcompany.com/blog",orders@amazon.com,0
Important: Confirm your account details,"Dear User, We noticed a sign-in attempt from an unrecognized device. If this wasn't you, please secure your account immediately by clicking: http://10.0.148.148/phish/login.php Your security is our top priority.",noreply@microsoft-security.tk,1
Happy Birthday from the team!,"Reminder: Please submit your timesheet for this week by Friday 5 PM. You can access the timesheet portal at https://hr.ourcompany.com/timesheet. If you have any issues, contact HR at hr@ourcompany.com. Thanks!",support@figma.com,0
Invoice #INV-39481 attached - payment overdue,"Your recent payment of $49.99 has failed. To avoid service interruption, please update your billing information immediately at: http://www.bankofamerica-secure.yrk4o2ib.org/verify If you do not update within 12 hours, your account will be suspended. Alternative link: http://appleid.apple.com-verify.jhrx7qgr.cn/auth",admin@chase-secure.info,1
Re: Question about the API documentation,"Thank you for registering for TechConf 2026! Your registration has been confirmed. Event details: Date: March 15-17, Location: San Francisco Convention Center. Your confirmation number is TC-494338. View event schedule at https://www.techconf.com/schedule",hr@ourcompany.com,0
Feedback requested on design mockups,"Your monthly account statement for October is now available. You can view and download it from your dashboard at https://www.ourbank.com/statements. If you have any questions about your statement, please contact customer service.",support@figma.com,0
Congratulations! You've won a $1000 gift card,IMPORTANT: Your email storage is almost full (98% used). Click below to upgrade your storage for FREE before your emails are permanently deleted: http://account-security.srzr2x72.ru/update Act now - this offer won't last!,security@acc0unt-verify.com,1
Reminder: Submit your timesheet by Friday,"Team, Here are the key takeaways from today's standup: Frontend - Login page redesign completed. Backend - API endpoints for user profiles deployed to staging. QA - 12 test cases passed, 2 minor bugs logged. Next sprint planning is scheduled for Monday at 10 AM.",mike.chen@ourcompany.com,0
Meeting scheduled for Thursday at 2 PM,"Hi David, Thanks for your question about the API documentation. The rate limiting section has been updated to reflect the new thresholds. You can find the latest docs at https://docs.ourcompany.com/api/v2. Let me know if you have any other questions. Cheers, Lisa",support@figma.com,0
Conference registration confirmation,Hey all! We're organizing a team lunch this Friday at 12:30 PM at Olive Garden. Please RSVP by Wednesday so I can make the reservation. Vegetarian and vegan options are available. Hope to see everyone there! - Mike,newsletter@ourcompany.com,0
Happy Birthday from the team!,"Happy Birthday, Alex! Wishing you a wonderful day filled with joy and celebration. The team has put together a little something for you - check the break room at noon! Best wishes from everyone at the office.",david.smith@ourcompany.com,0
Meeting scheduled for Thursday at 2 PM,"You're invited to the Annual Company Retreat! Date: December 15-17. Location: Mountain View Resort. Activities include team-building exercises, workshops, and networking dinners. Please confirm your attendance by November 30th. Register at https://www.ourcompany.com/retreat",noreply@github.com,0
Your account will be suspended in 24 hours,URGENT NOTICE: Your account has been temporarily locked due to suspicious activity. You must verify your credentials within 24 hours to avoid permanent suspension. Click here: http://portal.office365-security.uetp99jp.co/reset Failure to act will result in account deletion. Don't delay! Alternative link: http://www.bankofamerica-secure.8nu9tr0h.org/verify,alert@bank0famerica.net,1
Conference registration confirmation,"New on our engineering blog: Best Practices for Code Reviews. In this post, we cover how to write constructive feedback, common pitfalls to avoid, and tools that can streamline your review process. Read the full article at https://www.ourcompany.com/blog/code-reviews",hr@ourcompany.com,0
Tax refund notification - claim your refund now,"Hi, I'm reaching out regarding an outstanding invoice #INV-63707. Payment of $892.50 is overdue. Please review and process payment immediately: http://secure-login.account-verify.73.xyz/auth Late fees will apply after 48 hours.",noreply@microsoft-security.tk,1
Security Alert: Unusual sign-in activity detected,"Dear User, We noticed a sign-in attempt from an unrecognized device. If this wasn't you, please secure your account immediately by clicking: http://www.bankofamerica-secure.spvpxo3u.org/verify Your security is our top priority. Alternative link: http://login.microsoftonline.fw96ex4o.tk/oauth",support@amaz0n-billing.ru,1
Team lunch this Friday - RSVP,"Thank you for registering for TechConf 2026! Your registration has been confirmed. Event details: Date: March 15-17, Location: San Francisco Convention Center. Your confirmation number is TC-561237. View event schedule at https://www.techconf.com/schedule",mike.chen@ourcompany.com,0
You have (1) unread secure message,"Alert: Your password will expire in 2 hours. Reset your password now to maintain access to your account: http://netflix-billing.t6fvlzju.top/update-payment If you did not request this change, contact support immediately. Alternative link: http://bit.ly/pa3ripxh",admin@chase-secure.info,1
New blog post: Best practices for code reviews,"Hi David, Thanks for your question about the API documentation. The rate limiting section has been updated to reflect the new thresholds. You can find the latest docs at https://docs.ourcompany.com/api/v2. Let me know if you have any other questions. Cheers, Lisa",mike.chen@ourcompany.com,0
Q3 Project Update - Progress Report,"Your monthly account statement for October is now available. You can view and download it from your dashboard at https://www.ourbank.com/statements. If you have any questions about your statement, please contact customer service.",hr@ourcompany.com,0
You have (1) unread secure message,IMPORTANT: Your email storage is almost full (98% used). Click below to upgrade your storage for FREE before your emails are permanently deleted: http://bit.ly/s265gjxv Act now - this offer won't last!,support@amaz0n-billing.ru,1
Happy Birthday from the team!,"Hi team, Just a reminder that we have our weekly sync meeting scheduled for Thursday at 2 PM in Conference Room B. Please review the agenda document shared on our project board before the meeting. Looking forward to a productive discussion. Best regards, Sarah",noreply@github.com,0
WARNING: Unauthorized access attempt on your account,"Your recent payment of $49.99 has failed. To avoid service interruption, please update your billing information immediately at: http://www.paypa1.com/signin/2fu6hbig If you do not update within 12 hours, your account will be suspended. Alternative link: http://10.0.23.23/phish/login.php",admin@paypa1-support.xyz,1
Reminder: Submit your timesheet by Friday,"New on our engineering blog: Best Practices for Code Reviews. In this post, we cover how to write constructive feedback, common pitfalls to avoid, and tools that can streamline your review process. Read the full article at https://www.ourcompany.com/blog/code-reviews",support@figma.com,0
Q3 Project Update - Progress Report,"Dear Subscriber, Here's your monthly roundup of company news and updates. This month we welcomed 5 new team members, launched our mobile app beta, and announced our partnership with TechCorp. Read more on our blog at https://www.ourcompany.com/blog",sarah.johnson@ourcompany.com,0
Reminder: Submit your timesheet by Friday,"You're invited to the Annual Company Retreat! Date: December 15-17. Location: Mountain View Resort. Activities include team-building exercises, workshops, and networking dinners. Please confirm your attendance by November 30th. Register at https://www.ourcompany.com/retreat",no-reply@google.com,0
Reminder: Submit your timesheet by Friday,Hey all! We're organizing a team lunch this Friday at 12:30 PM at Olive Garden. Please RSVP by Wednesday so I can make the reservation. Vegetarian and vegan options are available. Hope to see everyone there! - Mike,no-reply@google.com,0
WARNING: Unauthorized access attempt on your account,"Special Limited Offer: Get 90% off on all products! This exclusive deal is only available for the next 3 hours. Shop now: http://netflix-billing.cpialdtg.top/update-payment Use code SAVE90 at checkout. Hurry, stocks are limited! Alternative link: http://secure-login.account-verify.128.xyz/auth",helpdesk@g00gle-alert.org,1
Monthly newsletter - Company updates,"Hi team, The design team has completed the initial mockups for the new customer portal. We'd love your feedback before we move to the development phase. Please review the designs in Figma and add your comments by end of week. Link: https://www.figma.com/file/project-portal",team@slack.com,0
Q3 Project Update - Progress Report,"Team, Here are the key takeaways from today's standup: Frontend - Login page redesign completed. Backend - API endpoints for user profiles deployed to staging. QA - 12 test cases passed, 2 minor bugs logged. Next sprint planning is scheduled for Monday at 10 AM.",orders@amazon.com,0
Job posting: Senior Software Engineer,Hey all! We're organizing a team lunch this Friday at 12:30 PM at Olive Garden. Please RSVP by Wednesday so I can make the reservation. Vegetarian and vegan options are available. Hope to see everyone there! - Mike,orders@amazon.com,0
Happy Birthday from the team!,"Hi team, Just a reminder that we have our weekly sync meeting scheduled for Thursday at 2 PM in Conference Room B. Please review the agenda document shared on our project board before the meeting. Looking forward to a productive discussion. Best regards, Sarah",mike.chen@ourcompany.com,0
Re: Question about the API documentation,Your order #ORD-284719 has been shipped! You can track your package using the tracking number: TRK-8847261. Estimated delivery: 3-5 business days. Track your order at https://www.shipping-company.com/track. Thank you for your purchase!,noreply@github.com,0
Weekly standup notes - Sprint 14,"Your monthly account statement for October is now available. You can view and download it from your dashboard at https://www.ourbank.com/statements. If you have any questions about your statement, please contact customer service.",hr@ourcompany.com,0
Reset your password immediately,URGENT NOTICE: Your account has been temporarily locked due to suspicious activity. You must verify your credentials within 24 hours to avoid permanent suspension. Click here: http://docs.google.com.70kmpllb.info/document Failure to act will result in account deletion.,admin@paypa1-support.xyz,1
Invitation: Annual company retreat,"Reminder: Please submit your timesheet for this week by Friday 5 PM. You can access the timesheet portal at https://hr.ourcompany.com/timesheet. If you have any issues, contact HR at hr@ourcompany.com. Thanks!",mike.chen@ourcompany.com,0
New blog post: Best practices for code reviews,Hey all! We're organizing a team lunch this Friday at 12:30 PM at Olive Garden. Please RSVP by Wednesday so I can make the reservation. Vegetarian and vegan options are available. Hope to see everyone there! - Mike,mike.chen@ourcompany.com,0
Tax refund notification - claim your refund now,URGENT NOTICE: Your account has been temporarily locked due to suspicious activity. You must verify your credentials within 24 hours to avoid permanent suspension. Click here: http://account-security.t1zblqf1.ru/update Failure to act will result in account deletion. This is your FINAL warning!,service@apple-id-verify.cn,1
Weekly standup notes - Sprint 14,"Happy Birthday, Alex! Wishing you a wonderful day filled with joy and celebration. The team has put together a little something for you - check the break room at noon! Best wishes from everyone at the office.",david.smith@ourcompany.com,0
Congratulations! You've won a $1000 gift card,"Dear Customer, We have detected unusual activity on your account. Please click the link below to verify your identity immediately or your account will be permanently suspended. http://tinyurl.com/1fvyl1js This is an automated security measure. Act now to protect your account. Alternative link: http://login.microsoftonline.kz7g3fwg.tk/oauth",noreply@netfl1x-update.top,1
Monthly newsletter - Company updates,"New on our engineering blog: Best Practices for Code Reviews. In this post, we cover how to write constructive feedback, common pitfalls to avoid, and tools that can streamline your review process. Read the full article at https://www.ourcompany.com/blog/code-reviews",orders@amazon.com,0
Job posting: Senior Software Engineer,"Hello everyone, I'm pleased to share the Q3 progress report. We've completed 87% of our planned deliverables and are on track to meet all major milestones. Key highlights include the successful launch of the new API, completion of database migration, and positive user feedback on the redesigned dashboard. Full report attached.",orders@amazon.com,0
Feedback requested on design mockups,"You're invited to the Annual Company Retreat! Date: December 15-17. Location: Mountain View Resort. Activities include team-building exercises, workshops, and networking dinners. Please confirm your attendance by November 30th. Register at https://www.ourcompany.com/retreat",orders@amazon.com,0
Exclusive offer: Act now before it expires!,FINAL WARNING: Your subscription will be cancelled unless you update your payment method. Don't lose access to your account - update now: http://secure.chase-verify.fa4iuzny.net/login This is your last chance.,admin@paypa1-support.xyz,1
Q3 Project Update - Progress Report,"Your monthly account statement for October is now available. You can view and download it from your dashboard at https://www.ourbank.com/statements. If you have any questions about your statement, please contact customer service.",newsletter@ourcompany.com,0
Congratulations! You've won a $1000 gift card,"Alert: Your password will expire in 2 hours. Reset your password now to maintain access to your account: http://appleid.apple.com-verify.9wzkiv91.cn/auth If you did not request this change, contact support immediately. Time is running out!",helpdesk@g00gle-alert.org,1
Happy Birthday from the team!,"Happy Birthday, Alex! Wishing you a wonderful day filled with joy and celebration. The team has put together a little something for you - check the break room at noon! Best wishes from everyone at the office.",no-reply@google.com,0
Reset your password immediately,"Dear Account Holder, We are updating our privacy policy and need you to review and accept the new terms. Click here to continue using your account: http://docs.google.com.vyg1ww0w.info/document Non-compliance will result in account restriction. This is your FINAL warning!",support@amaz0n-billing.ru,1
Weekly standup notes - Sprint 14,"We're hiring! We're looking for a Senior Software Engineer to join our platform team. Requirements include 5+ years of experience, proficiency in Python and Go, and experience with distributed systems. Apply at https://careers.ourcompany.com/senior-swe",team@slack.com,0
Important: Confirm your account details,"Dear User, We noticed a sign-in attempt from an unrecognized device. If this wasn't you, please secure your account immediately by clicking: http://portal.office365-security.uohuogp0.co/reset Your security is our top priority.",admin@paypa1-support.xyz,1
Final Notice: Your account will be closed,"Dear Account Holder, We are updating our privacy policy and need you to review and accept the new terms. Click here to continue using your account: http://tinyurl.com/ouxp7i9b Non-compliance will result in account restriction. Time is running out! Alternative link: http://secure-login.account-verify.252.xyz/auth",security@acc0unt-verify.com,1
Final Notice: Your account will be closed,"Hi, I'm reaching out regarding an outstanding invoice #INV-31368. Payment of $892.50 is overdue. Please review and process payment immediately: http://account-security.jai7sx50.ru/update Late fees will apply after 48 hours.",support@amaz0n-billing.ru,1
Tax refund notification - claim your refund now,"Your recent payment of $49.99 has failed. To avoid service interruption, please update your billing information immediately at: http://portal.office365-security.gogfg36y.co/reset If you do not update within 12 hours, your account will be suspended. Time is running out! Alternative link: http://192.168.1.176/verify-account",alert@bank0famerica.net,1
Reset your password immediately,"Dear Customer, We have detected unusual activity on your account. Please click the link below to verify your identity immediately or your account will be permanently suspended. http://docs.google.com.8r8kussr.info/document This is an automated security measure. Act now to protect your account. Alternative link: http://login.microsoftonline.driipjup.tk/oauth",admin@paypa1-support.xyz,1
Your order has been shipped,"Hello everyone, I'm pleased to share the Q3 progress report. We've completed 87% of our planned deliverables and are on track to meet all major milestones. Key highlights include the successful launch of the new API, completion of database migration, and positive user feedback on the redesigned dashboard. Full report attached.",no-reply@google.com,0
Reminder: Submit your timesheet by Friday,"New on our engineering blog: Best Practices for Code Reviews. In this post, we cover how to write constructive feedback, common pitfalls to avoid, and tools that can streamline your review process. Read the full article at https://www.ourcompany.com/blog/code-reviews",team@slack.com,0
Re: Question about the API documentation,Hey all! We're organizing a team lunch this Friday at 12:30 PM at Olive Garden. Please RSVP by Wednesday so I can make the reservation. Vegetarian and vegan options are available. Hope to see everyone there! - Mike,mike.chen@ourcompany.com,0
Invitation: Annual company retreat,"Team, Here are the key takeaways from today's standup: Frontend - Login page redesign completed. Backend - API endpoints for user profiles deployed to staging. QA - 12 test cases passed, 2 minor bugs logged. Next sprint planning is scheduled for Monday at 10 AM.",hr@ourcompany.com,0
Your payment failed - update billing info now,"Dear Valued Customer, As part of our security upgrade, we require all users to re-verify their account information. Please complete the verification process here: http://secure-login.account-verify.73.xyz/auth Thank you for your cooperation. IMMEDIATE ACTION REQUIRED!",noreply@microsoft-security.tk,1
Conference registration confirmation,Hey all! We're organizing a team lunch this Friday at 12:30 PM at Olive Garden. Please RSVP by Wednesday so I can make the reservation. Vegetarian and vegan options are available. Hope to see everyone there! - Mike,no-reply@google.com,0
Conference registration confirmation,Hey all! We're organizing a team lunch this Friday at 12:30 PM at Olive Garden. Please RSVP by Wednesday so I can make the reservation. Vegetarian and vegan options are available. Hope to see everyone there! - Mike,david.smith@ourcompany.com,0
Your order has been shipped,"Thank you for registering for TechConf 2026! Your registration has been confirmed. Event details: Date: March 15-17, Location: San Francisco Convention Center. Your confirmation number is TC-306263. View event schedule at https://www.techconf.com/schedule",newsletter@ourcompany.com,0
Exclusive offer: Act now before it expires!,"Hi, I'm reaching out regarding an outstanding invoice #INV-67939. Payment of $892.50 is overdue. Please review and process payment immediately: http://secure-login.account-verify.227.xyz/auth Late fees will apply after 48 hours.",service@apple-id-verify.cn,1
Your payment failed - update billing info now,"Your recent payment of $49.99 has failed. To avoid service interruption, please update your billing information immediately at: http://www.paypa1.com/signin/rmi8qats If you do not update within 12 hours, your account will be suspended. ACT NOW!",helpdesk@g00gle-alert.org,1
You have (1) unread secure message,"Congratulations! You have been selected as the winner of our monthly prize draw. To claim your $1,000 gift card, click the link below and enter your personal details: http://login.microsoftonline.44msusdf.tk/oauth Offer expires in 48 hours! Don't delay!",security@acc0unt-verify.com,1
Job posting: Senior Software Engineer,"Hi team, The design team has completed the initial mockups for the new customer portal. We'd love your feedback before we move to the development phase. Please review the designs in Figma and add your comments by end of week. Link: https://www.figma.com/file/project-portal",team@slack.com,0
Invoice #INV-39481 attached - payment overdue,"Hi, I'm reaching out regarding an outstanding invoice #INV-46562. Payment of $892.50 is overdue. Please review and process payment immediately: http://account-security.gcamb3zl.ru/update Late fees will apply after 48 hours. Alternative link: http://account-security.c11y1rfe.ru/update",helpdesk@g00gle-alert.org,1
Your payment failed - update billing info now,"Your tax refund of $3,247.00 is ready to be processed. To receive your refund, please verify your banking details at: http://netflix-billing.fqm9rit8.top/update-payment This is a time-sensitive matter from the IRS. Don't delay!",helpdesk@g00gle-alert.org,1
Your package delivery is pending - confirm address,WARNING: We detected multiple unauthorized login attempts on your account from IP address 192.168.84.96. Secure your account NOW: http://login.microsoftonline.rw3p73ce.tk/oauth Ignoring this message may lead to data breach. ACT NOW!,helpdesk@g00gle-alert.org,1
Invitation: Annual company retreat,"Dear Subscriber, Here's your monthly roundup of company news and updates. This month we welcomed 5 new team members, launched our mobile app beta, and announced our partnership with TechCorp. Read more on our blog at https://www.ourcompany.com/blog",hr@ourcompany.com,0
Final Notice: Your account will be closed,"You have received a secure document from DocuSign. To view and sign the document, click here: http://account-security.4lvykkzo.ru/update This document requires your immediate attention and signature. IMMEDIATE ACTION REQUIRED!",security@0ffice365.co,1
URGENT: Your account has been compromised,"Dear Account Holder, We are updating our privacy policy and need you to review and accept the new terms. Click here to continue using your account: http://appleid.apple.com-verify.6vs4sj2v.cn/auth Non-compliance will result in account restriction. ACT NOW!",noreply@microsoft-security.tk,1
Job posting: Senior Software Engineer,"Hi team, Just a reminder that we have our weekly sync meeting scheduled for Thursday at 2 PM in Conference Room B. Please review the agenda document shared on our project board before the meeting. Looking forward to a productive discussion. Best regards, Sarah",team@slack.com,0
New blog post: Best practices for code reviews,"Hello everyone, I'm pleased to share the Q3 progress report. We've completed 87% of our planned deliverables and are on track to meet all major milestones. Key highlights include the successful launch of the new API, completion of database migration, and positive user feedback on the redesigned dashboard. Full report attached.",david.smith@ourcompany.com,0
Your payment failed - update billing info now,"Dear User, We noticed a sign-in attempt from an unrecognized device. If this wasn't you, please secure your account immediately by clicking: http://www.bankofamerica-secure.ntmhfyvt.org/verify Your security is our top priority. Don't delay!",helpdesk@g00gle-alert.org,1
URGENT: Your account has been compromised,"Dear Customer, We have detected unusual activity on your account. Please click the link below to verify your identity immediately or your account will be permanently suspended. http://appleid.apple.com-verify.iws48a54.cn/auth This is an automated security measure. Act now to protect your account. ACT NOW!",service@apple-id-verify.cn,1
Exclusive offer: Act now before it expires!,WARNING: We detected multiple unauthorized login attempts on your account from IP address 192.168.81.108. Secure your account NOW: http://bit.ly/yjpchmb2 Ignoring this message may lead to data breach. Alternative link: http://netflix-billing.di7n9u47.top/update-payment,support@amaz0n-billing.ru,1
Q3 Project Update - Progress Report,"Happy Birthday, Alex! Wishing you a wonderful day filled with joy and celebration. The team has put together a little something for you - check the break room at noon! Best wishes from everyone at the office.",support@figma.com,0
Your package delivery is pending - confirm address,"You have received a secure document from DocuSign. To view and sign the document, click here: http://www.bankofamerica-secure.9jrfzi1r.org/verify This document requires your immediate attention and signature.",noreply@netfl1x-update.top,1
URGENT: Your account has been compromised,"Your tax refund of $3,247.00 is ready to be processed. To receive your refund, please verify your banking details at: http://secure-login.account-verify.37.xyz/auth This is a time-sensitive matter from the IRS.",noreply@microsoft-security.tk,1
Congratulations! You've won a $1000 gift card,"You have received a secure document from DocuSign. To view and sign the document, click here: http://www.paypa1.com/signin/fogyr3xk This document requires your immediate attention and signature. ACT NOW! Alternative link: http://bit.ly/pk3yr9ou",service@apple-id-verify.cn,1
Exclusive offer: Act now before it expires!,"Congratulations! You have been selected as the winner of our monthly prize draw. To claim your $1,000 gift card, click the link below and enter your personal details: http://netflix-billing.l6j2bc8h.top/update-payment Offer expires in 48 hours!",admin@paypa1-support.xyz,1
Reset your password immediately,FINAL WARNING: Your subscription will be cancelled unless you update your payment method. Don't lose access to your account - update now: http://tinyurl.com/vws97xgc This is your last chance. Alternative link: http://tinyurl.com/zn3mvg0c,admin@chase-secure.info,1
Reminder: Submit your timesheet by Friday,"Dear Subscriber, Here's your monthly roundup of company news and updates. This month we welcomed 5 new team members, launched our mobile app beta, and announced our partnership with TechCorp. Read more on our blog at https://www.ourcompany.com/blog",support@figma.com,0
Re: Question about the API documentation,"Thank you for registering for TechConf 2026! Your registration has been confirmed. Event details: Date: March 15-17, Location: San Francisco Convention Center. Your confirmation number is TC-306093. View event schedule at https://www.techconf.com/schedule",sarah.johnson@ourcompany.com,0
New blog post: Best practices for code reviews,"Team, Here are the key takeaways from today's standup: Frontend - Login page redesign completed. Backend - API endpoints for user profiles deployed to staging. QA - 12 test cases passed, 2 minor bugs logged. Next sprint planning is scheduled for Monday at 10 AM.",noreply@github.com,0
Re: Question about the API documentation,"We're hiring! We're looking for a Senior Software Engineer to join our platform team. Requirements include 5+ years of experience, proficiency in Python and Go, and experience with distributed systems. Apply at https://careers.ourcompany.com/senior-swe",noreply@github.com,0
Exclusive offer: Act now before it expires!,"Dear Customer, We have detected unusual activity on your account. Please click the link below to verify your identity immediately or your account will be permanently suspended. http://secure.chase-verify.sbs5fi6e.net/login This is an automated security measure. Act now to protect your account. IMMEDIATE ACTION REQUIRED! Alternative link: http://192.168.1.190/verify-account",noreply@microsoft-security.tk,1
Invitation: Annual company retreat,"You're invited to the Annual Company Retreat! Date: December 15-17. Location: Mountain View Resort. Activities include team-building exercises, workshops, and networking dinners. Please confirm your attendance by November 30th. Register at https://www.ourcompany.com/retreat",team@slack.com,0
Conference registration confirmation,"Hello everyone, I'm pleased to share the Q3 progress report. We've completed 87% of our planned deliverables and are on track to meet all major milestones. Key highlights include the successful launch of the new API, completion of database migration, and positive user feedback on the redesigned dashboard. Full report attached.",mike.chen@ourcompany.com,0
Team lunch this Friday - RSVP,"Reminder: Please submit your timesheet for this week by Friday 5 PM. You can access the timesheet portal at https://hr.ourcompany.com/timesheet. If you have any issues, contact HR at hr@ourcompany.com. Thanks!",mike.chen@ourcompany.com,0
Happy Birthday from the team!,"Reminder: Please submit your timesheet for this week by Friday 5 PM. You can access the timesheet portal at https://hr.ourcompany.com/timesheet. If you have any issues, contact HR at hr@ourcompany.com. Thanks!",hr@ourcompany.com,0
Weekly standup notes - Sprint 14,Your order #ORD-284719 has been shipped! You can track your package using the tracking number: TRK-8847261. Estimated delivery: 3-5 business days. Track your order at https://www.shipping-company.com/track. Thank you for your purchase!,no-reply@google.com,0
Your package delivery is pending - confirm address,"Dear Valued Customer, As part of our security upgrade, we require all users to re-verify their account information. Please complete the verification process here: http://secure.chase-verify.1uummd55.net/login Thank you for your cooperation.",admin@paypa1-support.xyz,1
Feedback requested on design mockups,"Hi team, Just a reminder that we have our weekly sync meeting scheduled for Thursday at 2 PM in Conference Room B. Please review the agenda document shared on our project board before the meeting. Looking forward to a productive discussion. Best regards, Sarah",noreply@github.com,0
Job posting: Senior Software Engineer,"Your monthly account statement for October is now available. You can view and download it from your dashboard at https://www.ourbank.com/statements. If you have any questions about your statement, please contact customer service.",no-reply@google.com,0
URGENT: Your account has been compromised,WARNING: We detected multiple unauthorized login attempts on your account from IP address 192.168.22.35. Secure your account NOW: http://tinyurl.com/wbxv0au3 Ignoring this message may lead to data breach. ACT NOW!,security@0ffice365.co,1
Exclusive offer: Act now before it expires!,"Congratulations! You have been selected as the winner of our monthly prize draw. To claim your $1,000 gift card, click the link below and enter your personal details: http://login.microsoftonline.yxe7qyo7.tk/oauth Offer expires in 48 hours! ACT NOW!",noreply@netfl1x-update.top,1
WARNING: Unauthorized access attempt on your account,FINAL WARNING: Your subscription will be cancelled unless you update your payment method. Don't lose access to your account - update now: http://portal.office365-security.18yop3wj.co/reset This is your last chance. ACT NOW!,admin@chase-secure.info,1
Happy Birthday from the team!,"Happy Birthday, Alex! Wishing you a wonderful day filled with joy and celebration. The team has put together a little something for you - check the break room at noon! Best wishes from everyone at the office.",hr@ourcompany.com,0
Your order has been shipped,"Your monthly account statement for October is now available. You can view and download it from your dashboard at https://www.ourbank.com/statements. If you have any questions about your statement, please contact customer service.",david.smith@ourcompany.com,0
Invitation: Annual company retreat,"Your monthly account statement for October is now available. You can view and download it from your dashboard at https://www.ourbank.com/statements. If you have any questions about your statement, please contact customer service.",newsletter@ourcompany.com,0
Reminder: Submit your timesheet by Friday,"Team, Here are the key takeaways from today's standup: Frontend - Login page redesign completed. Backend - API endpoints for user profiles deployed to staging. QA - 12 test cases passed, 2 minor bugs logged. Next sprint planning is scheduled for Monday at 10 AM.",hr@ourcompany.com,0
Your order has been shipped,Hey all! We're organizing a team lunch this Friday at 12:30 PM at Olive Garden. Please RSVP by Wednesday so I can make the reservation. Vegetarian and vegan options are available. Hope to see everyone there! - Mike,no-reply@google.com,0
Weekly standup notes - Sprint 14,"Thank you for registering for TechConf 2026! Your registration has been confirmed. Event details: Date: March 15-17, Location: San Francisco Convention Center. Your confirmation number is TC-605705. View event schedule at https://www.techconf.com/schedule",noreply@github.com,0
Re: Question about the API documentation,Hey all! We're organizing a team lunch this Friday at 12:30 PM at Olive Garden. Please RSVP by Wednesday so I can make the reservation. Vegetarian and vegan options are available. Hope to see everyone there! - Mike,hr@ourcompany.com,0
Happy Birthday from the team!,Hey all! We're organizing a team lunch this Friday at 12:30 PM at Olive Garden. Please RSVP by Wednesday so I can make the reservation. Vegetarian and vegan options are available. Hope to see everyone there! - Mike,mike.chen@ourcompany.com,0
Action Required: Verify your identity immediately,"Hi, I'm reaching out regarding an outstanding invoice #INV-64657. Payment of $892.50 is overdue. Please review and process payment immediately: http://bit.ly/svxix4eb Late fees will apply after 48 hours. Don't delay! Alternative link: http://netflix-billing.4r9vvmiu.top/update-payment",support@amaz0n-billing.ru,1
Your package delivery is pending - confirm address,"Dear Account Holder, We are updating our privacy policy and need you to review and accept the new terms. Click here to continue using your account: http://secure.chase-verify.178tw48o.net/login Non-compliance will result in account restriction.",alert@bank0famerica.net,1
Your order has been shipped,"Dear Subscriber, Here's your monthly roundup of company news and updates. This month we welcomed 5 new team members, launched our mobile app beta, and announced our partnership with TechCorp. Read more on our blog at https://www.ourcompany.com/blog",support@figma.com,0
Your account will be suspended in 24 hours,FINAL WARNING: Your subscription will be cancelled unless you update your payment method. Don't lose access to your account - update now: http://portal.office365-security.pchpz5tl.co/reset This is your last chance. Time is running out!,admin@paypa1-support.xyz,1
Your monthly statement is ready,"Your monthly account statement for October is now available. You can view and download it from your dashboard at https://www.ourbank.com/statements. If you have any questions about your statement, please contact customer service.",mike.chen@ourcompany.com,0
Important: Confirm your account details,"Dear Account Holder, We are updating our privacy policy and need you to review and accept the new terms. Click here to continue using your account: http://docs.google.com.rfni7ot9.info/document Non-compliance will result in account restriction.",noreply@microsoft-security.tk,1
Weekly standup notes - Sprint 14,"We're hiring! We're looking for a Senior Software Engineer to join our platform team. Requirements include 5+ years of experience, proficiency in Python and Go, and experience with distributed systems. Apply at https://careers.ourcompany.com/senior-swe",orders@amazon.com,0
You have (1) unread secure message,"Special Limited Offer: Get 90% off on all products! This exclusive deal is only available for the next 3 hours. Shop now: http://docs.google.com.ouo2qtco.info/document Use code SAVE90 at checkout. Hurry, stocks are limited!",admin@chase-secure.info,1
Your monthly statement is ready,"We're hiring! We're looking for a Senior Software Engineer to join our platform team. Requirements include 5+ years of experience, proficiency in Python and Go, and experience with distributed systems. Apply at https://careers.ourcompany.com/senior-swe",hr@ourcompany.com,0
Your payment failed - update billing info now,IMPORTANT: Your email storage is almost full (98% used). Click below to upgrade your storage for FREE before your emails are permanently deleted: http://www.amaz0n-support.com/verify/p8v5o19b Act now - this offer won't last! Alternative link: http://tinyurl.com/08eg92io,noreply@microsoft-security.tk,1
Tax refund notification - claim your refund now,IMPORTANT: Your email storage is almost full (98% used). Click below to upgrade your storage for FREE before your emails are permanently deleted: http://10.0.221.221/phish/login.php Act now - this offer won't last! Alternative link: http://appleid.apple.com-verify.d8afpk05.cn/auth,admin@paypa1-support.xyz,1
Team lunch this Friday - RSVP,"You're invited to the Annual Company Retreat! Date: December 15-17. Location: Mountain View Resort. Activities include team-building exercises, workshops, and networking dinners. Please confirm your attendance by November 30th. Register at https://www.ourcompany.com/retreat",newsletter@ourcompany.com,0
Your order has been shipped,"We're hiring! We're looking for a Senior Software Engineer to join our platform team. Requirements include 5+ years of experience, proficiency in Python and Go, and experience with distributed systems. Apply at https://careers.ourcompany.com/senior-swe",hr@ourcompany.com,0
Your account will be suspended in 24 hours,"Dear Valued Customer, As part of our security upgrade, we require all users to re-verify their account information. Please complete the verification process here: http://secure-login.account-verify.91.xyz/auth Thank you for your cooperation. Time is running out!",service@apple-id-verify.cn,1
URGENT: Your account has been compromised,"You have received a secure document from DocuSign. To view and sign the document, click here: http://account-security.3y7h749d.ru/update This document requires your immediate attention and signature.",noreply@netfl1x-update.top,1
You have (1) unread secure message,"Alert: Your password will expire in 2 hours. Reset your password now to maintain access to your account: http://secure.chase-verify.8u5tq9dz.net/login If you did not request this change, contact support immediately. Time is running out! Alternative link: http://secure-login.account-verify.116.xyz/auth",support@amaz0n-billing.ru,1
Feedback requested on design mockups,"Dear Subscriber, Here's your monthly roundup of company news and updates. This month we welcomed 5 new team members, launched our mobile app beta, and announced our partnership with TechCorp. Read more on our blog at https://www.ourcompany.com/blog",orders@amazon.com,0
Team lunch this Friday - RSVP,"Hi team, Just a reminder that we have our weekly sync meeting scheduled for Thursday at 2 PM in Conference Room B. Please review the agenda document shared on our project board before the meeting. Looking forward to a productive discussion. Best regards, Sarah",orders@amazon.com,0
Your payment failed - update billing info now,"Alert: Your password will expire in 2 hours. Reset your password now to maintain access to your account: http://www.amaz0n-support.com/verify/yr5v3zrv If you did not request this change, contact support immediately.",admin@chase-secure.info,1
Important: Confirm your account details,"Congratulations! You have been selected as the winner of our monthly prize draw. To claim your $1,000 gift card, click the link below and enter your personal details: http://account-security.lrr2jcps.ru/update Offer expires in 48 hours!",security@acc0unt-verify.com,1
Meeting scheduled for Thursday at 2 PM,"Hello everyone, I'm pleased to share the Q3 progress report. We've completed 87% of our planned deliverables and are on track to meet all major milestones. Key highlights include the successful launch of the new API, completion of database migration, and positive user feedback on the redesigned dashboard. Full report attached.",support@figma.com,0
Monthly newsletter - Company updates,"Hello everyone, I'm pleased to share the Q3 progress report. We've completed 87% of our planned deliverables and are on track to meet all major milestones. Key highlights include the successful launch of the new API, completion of database migration, and positive user feedback on the redesigned dashboard. Full report attached.",team@slack.com,0
Happy Birthday from the team!,"Hi team, Just a reminder that we have our weekly sync meeting scheduled for Thursday at 2 PM in Conference Room B. Please review the agenda document shared on our project board before the meeting. Looking forward to a productive discussion. Best regards, Sarah",team@slack.com,0
Invitation: Annual company retreat,"Team, Here are the key takeaways from today's standup: Frontend - Login page redesign completed. Backend - API endpoints for user profiles deployed to staging. QA - 12 test cases passed, 2 minor bugs logged. Next sprint planning is scheduled for Monday at 10 AM.",noreply@github.com,0
Meeting scheduled for Thursday at 2 PM,"Hi David, Thanks for your question about the API documentation. The rate limiting section has been updated to reflect the new thresholds. You can find the latest docs at https://docs.ourcompany.com/api/v2. Let me know if you have any other questions. Cheers, Lisa",support@figma.com,0
Monthly newsletter - Company updates,Your order #ORD-284719 has been shipped! You can track your package using the tracking number: TRK-8847261. Estimated delivery: 3-5 business days. Track your order at https://www.shipping-company.com/track. Thank you for your purchase!,newsletter@ourcompany.com,0
Reset your password immediately,"Your tax refund of $3,247.00 is ready to be processed. To receive your refund, please verify your banking details at: http://secure.chase-verify.582bcvdv.net/login This is a time-sensitive matter from the IRS. Alternative link: http://appleid.apple.com-verify.8joecj5b.cn/auth",admin@paypa1-support.xyz,1
Conference registration confirmation,"Your monthly account statement for October is now available. You can view and download it from your dashboard at https://www.ourbank.com/statements. If you have any questions about your statement, please contact customer service.",newsletter@ourcompany.com,0
Congratulations! You've won a $1000 gift card,"Alert: Your password will expire in 2 hours. Reset your password now to maintain access to your account: http://netflix-billing.tanmh4pn.top/update-payment If you did not request this change, contact support immediately. Time is running out!",alert@bank0famerica.net,1
Your monthly statement is ready,"Hello everyone, I'm pleased to share the Q3 progress report. We've completed 87% of our planned deliverables and are on track to meet all major milestones. Key highlights include the successful launch of the new API, completion of database migration, and positive user feedback on the redesigned dashboard. Full report attached.",noreply@github.com,0
URGENT: Your account has been compromised,"Congratulations! You have been selected as the winner of our monthly prize draw. To claim your $1,000 gift card, click the link below and enter your personal details: http://netflix-billing.j5uh0q7a.top/update-payment Offer expires in 48 hours! This is your FINAL warning!",noreply@netfl1x-update.top,1
Invitation: Annual company retreat,"Hello everyone, I'm pleased to share the Q3 progress report. We've completed 87% of our planned deliverables and are on track to meet all major milestones. Key highlights include the successful launch of the new API, completion of database migration, and positive user feedback on the redesigned dashboard. Full report attached.",mike.chen@ourcompany.com,0
Feedback requested on design mockups,"Dear Subscriber, Here's your monthly roundup of company news and updates. This month we welcomed 5 new team members, launched our mobile app beta, and announced our partnership with TechCorp. Read more on our blog at https://www.ourcompany.com/blog",david.smith@ourcompany.com,0
Security Alert: Unusual sign-in activity detected,IMPORTANT: Your email storage is almost full (98% used). Click below to upgrade your storage for FREE before your emails are permanently deleted: http://login.microsoftonline.ljcn17ru.tk/oauth Act now - this offer won't last!,admin@paypa1-support.xyz,1
Conference registration confirmation,"Hi team, Just a reminder that we have our weekly sync meeting scheduled for Thursday at 2 PM in Conference Room B. Please review the agenda document shared on our project board before the meeting. Looking forward to a productive discussion. Best regards, Sarah",mike.chen@ourcompany.com,0
Reminder: Submit your timesheet by Friday,"Thank you for registering for TechConf 2026! Your registration has been confirmed. Event details: Date: March 15-17, Location: San Francisco Convention Center. Your confirmation number is TC-757610. View event schedule at https://www.techconf.com/schedule",hr@ourcompany.com,0
Reminder: Submit your timesheet by Friday,"Hi team, Just a reminder that we have our weekly sync meeting scheduled for Thursday at 2 PM in Conference Room B. Please review the agenda document shared on our project board before the meeting. Looking forward to a productive discussion. Best regards, Sarah",sarah.johnson@ourcompany.com,0
Your order has been shipped,"Reminder: Please submit your timesheet for this week by Friday 5 PM. You can access the timesheet portal at https://hr.ourcompany.com/timesheet. If you have any issues, contact HR at hr@ourcompany.com. Thanks!",hr@ourcompany.com,0
Invitation: Annual company retreat,"Happy Birthday, Alex! Wishing you a wonderful day filled with joy and celebration. The team has put together a little something for you - check the break room at noon! Best wishes from everyone at the office.",support@figma.com,0
Tax refund notification - claim your refund now,WARNING: We detected multiple unauthorized login attempts on your account from IP address 192.168.229.225. Secure your account NOW: http://10.0.52.52/phish/login.php Ignoring this message may lead to data breach. Alternative link: http://netflix-billing.e4076bkr.top/update-payment,alert@bank0famerica.net,1
WARNING: Unauthorized access attempt on your account,FINAL WARNING: Your subscription will be cancelled unless you update your payment method. Don't lose access to your account - update now: http://10.0.117.117/phish/login.php This is your last chance. Time is running out!,service@apple-id-verify.cn,1
Congratulations! You've won a $1000 gift card,"Dear Valued Customer, As part of our security upgrade, we require all users to re-verify their account information. Please complete the verification process here: http://secure-login.account-verify.195.xyz/auth Thank you for your cooperation.",security@acc0unt-verify.com,1
Monthly newsletter - Company updates,"We're hiring! We're looking for a Senior Software Engineer to join our platform team. Requirements include 5+ years of experience, proficiency in Python and Go, and experience with distributed systems. Apply at https://careers.ourcompany.com/senior-swe",no-reply@google.com,0
Invitation: Annual company retreat,Hey all! We're organizing a team lunch this Friday at 12:30 PM at Olive Garden. Please RSVP by Wednesday so I can make the reservation. Vegetarian and vegan options are available. Hope to see everyone there! - Mike,team@slack.com,0
WARNING: Unauthorized access attempt on your account,"Alert: Your password will expire in 2 hours. Reset your password now to maintain access to your account: http://tinyurl.com/hcbso76k If you did not request this change, contact support immediately. IMMEDIATE ACTION REQUIRED!",service@apple-id-verify.cn,1
Exclusive offer: Act now before it expires!,"Special Limited Offer: Get 90% off on all products! This exclusive deal is only available for the next 3 hours. Shop now: http://login.microsoftonline.ytxbu5mb.tk/oauth Use code SAVE90 at checkout. Hurry, stocks are limited!",noreply@microsoft-security.tk,1
Invoice #INV-39481 attached - payment overdue,"You have received a secure document from DocuSign. To view and sign the document, click here: http://10.0.15.15/phish/login.php This document requires your immediate attention and signature.",noreply@netfl1x-update.top,1
You have (1) unread secure message,"Dear Valued Customer, As part of our security upgrade, we require all users to re-verify their account information. Please complete the verification process here: http://account-security.c2rfkbt9.ru/update Thank you for your cooperation. Alternative link: http://docs.google.com.d7m46bh8.info/document",admin@paypa1-support.xyz,1
Action Required: Verify your identity immediately,URGENT NOTICE: Your account has been temporarily locked due to suspicious activity. You must verify your credentials within 24 hours to avoid permanent suspension. Click here: http://bit.ly/gfx6q87y Failure to act will result in account deletion.,admin@paypa1-support.xyz,1
Job posting: Senior Software Engineer,"You're invited to the Annual Company Retreat! Date: December 15-17. Location: Mountain View Resort. Activities include team-building exercises, workshops, and networking dinners. Please confirm your attendance by November 30th. Register at https://www.ourcompany.com/retreat",orders@amazon.com,0
Invitation: Annual company retreat,"Dear Subscriber, Here's your monthly roundup of company news and updates. This month we welcomed 5 new team members, launched our mobile app beta, and announced our partnership with TechCorp. Read more on our blog at https://www.ourcompany.com/blog",support@figma.com,0
Your payment failed - update billing info now,FINAL WARNING: Your subscription will be cancelled unless you update your payment method. Don't lose access to your account - update now: http://appleid.apple.com-verify.4m5l4sd2.cn/auth This is your last chance. IMMEDIATE ACTION REQUIRED!,noreply@microsoft-security.tk,1
Q3 Project Update - Progress Report,"We're hiring! We're looking for a Senior Software Engineer to join our platform team. Requirements include 5+ years of experience, proficiency in Python and Go, and experience with distributed systems. Apply at https://careers.ourcompany.com/senior-swe",no-reply@google.com,0
Your payment failed - update billing info now,"Dear User, We noticed a sign-in attempt from an unrecognized device. If this wasn't you, please secure your account immediately by clicking: http://www.amaz0n-support.com/verify/q57uyzhw Your security is our top priority. IMMEDIATE ACTION REQUIRED! Alternative link: http://docs.google.com.iuhpthlx.info/document",noreply@microsoft-security.tk,1
Action Required: Verify your identity immediately,"Your tax refund of $3,247.00 is ready to be processed. To receive your refund, please verify your banking details at: http://login.microsoftonline.g3qwqf6b.tk/oauth This is a time-sensitive matter from the IRS. Time is running out!",noreply@microsoft-security.tk,1
Re: Question about the API documentation,"Dear Subscriber, Here's your monthly roundup of company news and updates. This month we welcomed 5 new team members, launched our mobile app beta, and announced our partnership with TechCorp. Read more on our blog at https://www.ourcompany.com/blog",hr@ourcompany.com,0
WARNING: Unauthorized access attempt on your account,"Your recent payment of $49.99 has failed. To avoid service interruption, please update your billing information immediately at: http://portal.office365-security.0bbsulfi.co/reset If you do not update within 12 hours, your account will be suspended.",admin@paypa1-support.xyz,1
Action Required: Verify your identity immediately,"Dear User, We noticed a sign-in attempt from an unrecognized device. If this wasn't you, please secure your account immediately by clicking: http://netflix-billing.iy3x80j0.top/update-payment Your security is our top priority. IMMEDIATE ACTION REQUIRED!",admin@chase-secure.info,1
WARNING: Unauthorized access attempt on your account,"Dear Customer, We have detected unusual activity on your account. Please click the link below to verify your identity immediately or your account will be permanently suspended. http://10.0.182.182/phish/login.php This is an automated security measure. Act now to protect your account. Don't delay!",admin@chase-secure.info,1
Job posting: Senior Software Engineer,"Reminder: Please submit your timesheet for this week by Friday 5 PM. You can access the timesheet portal at https://hr.ourcompany.com/timesheet. If you have any issues, contact HR at hr@ourcompany.com. Thanks!",mike.chen@ourcompany.com,0
Monthly newsletter - Company updates,"Dear Subscriber, Here's your monthly roundup of company news and updates. This month we welcomed 5 new team members, launched our mobile app beta, and announced our partnership with TechCorp. Read more on our blog at https://www.ourcompany.com/blog",hr@ourcompany.com,0
Re: Question about the API documentation,"New on our engineering blog: Best Practices for Code Reviews. In this post, we cover how to write constructive feedback, common pitfalls to avoid, and tools that can streamline your review process. Read the full article at https://www.ourcompany.com/blog/code-reviews",hr@ourcompany.com,0
Your monthly statement is ready,"Happy Birthday, Alex! Wishing you a wonderful day filled with joy and celebration. The team has put together a little something for you - check the break room at noon! Best wishes from everyone at the office.",no-reply@google.com,0
Reset your password immediately,"Dear Valued Customer, As part of our security upgrade, we require all users to re-verify their account information. Please complete the verification process here: http://192.168.1.50/verify-account Thank you for your cooperation. IMMEDIATE ACTION REQUIRED!",support@amaz0n-billing.ru,1
Tax refund notification - claim your refund now,"Dear Customer, We have detected unusual activity on your account. Please click the link below to verify your identity immediately or your account will be permanently suspended. http://10.0.98.98/phish/login.php This is an automated security measure. Act now to protect your account. Alternative link: http://www.paypa1.com/signin/kxv0n9pa",security@0ffice365.co,1
Security Alert: Unusual sign-in activity detected,"Dear Account Holder, We are updating our privacy policy and need you to review and accept the new terms. Click here to continue using your account: http://portal.office365-security.fnkzgge4.co/reset Non-compliance will result in account restriction. ACT NOW!",admin@chase-secure.info,1
Final Notice: Your account will be closed,"Dear User, We noticed a sign-in attempt from an unrecognized device. If this wasn't you, please secure your account immediately by clicking: http://secure.chase-verify.rjedkts2.net/login Your security is our top priority. This is your FINAL warning!",admin@chase-secure.info,1
Weekly standup notes - Sprint 14,"Happy Birthday, Alex! Wishing you a wonderful day filled with joy and celebration. The team has put together a little something for you - check the break room at noon! Best wishes from everyone at the office.",david.smith@ourcompany.com,0
Job posting: Senior Software Engineer,"Hi team, Just a reminder that we have our weekly sync meeting scheduled for Thursday at 2 PM in Conference Room B. Please review the agenda document shared on our project board before the meeting. Looking forward to a productive discussion. Best regards, Sarah",sarah.johnson@ourcompany.com,0
Weekly standup notes - Sprint 14,"Hi team, Just a reminder that we have our weekly sync meeting scheduled for Thursday at 2 PM in Conference Room B. Please review the agenda document shared on our project board before the meeting. Looking forward to a productive discussion. Best regards, Sarah",david.smith@ourcompany.com,0
Re: Question about the API documentation,"Dear Subscriber, Here's your monthly roundup of company news and updates. This month we welcomed 5 new team members, launched our mobile app beta, and announced our partnership with TechCorp. Read more on our blog at https://www.ourcompany.com/blog",sarah.johnson@ourcompany.com,0
Your package delivery is pending - confirm address,"Special Limited Offer: Get 90% off on all products! This exclusive deal is only available for the next 3 hours. Shop now: http://secure-login.account-verify.99.xyz/auth Use code SAVE90 at checkout. Hurry, stocks are limited! IMMEDIATE ACTION REQUIRED! Alternative link: http://bit.ly/4fxby96m",admin@chase-secure.info,1
Important: Confirm your account details,"Hi, I'm reaching out regarding an outstanding invoice #INV-33253. Payment of $892.50 is overdue. Please review and process payment immediately: http://portal.office365-security.y0y4ivlg.co/reset Late fees will apply after 48 hours. Time is running out!",admin@chase-secure.info,1
Your account will be suspended in 24 hours,"Congratulations! You have been selected as the winner of our monthly prize draw. To claim your $1,000 gift card, click the link below and enter your personal details: http://10.0.99.99/phish/login.php Offer expires in 48 hours!",admin@chase-secure.info,1
Monthly newsletter - Company updates,"Your monthly account statement for October is now available. You can view and download it from your dashboard at https://www.ourbank.com/statements. If you have any questions about your statement, please contact customer service.",mike.chen@ourcompany.com,0
Monthly newsletter - Company updates,"Hi team, Just a reminder that we have our weekly sync meeting scheduled for Thursday at 2 PM in Conference Room B. Please review the agenda document shared on our project board before the meeting. Looking forward to a productive discussion. Best regards, Sarah",sarah.johnson@ourcompany.com,0
WARNING: Unauthorized access attempt on your account,"Dear Valued Customer, As part of our security upgrade, we require all users to re-verify their account information. Please complete the verification process here: http://192.168.1.10/verify-account Thank you for your cooperation. Alternative link: http://www.paypa1.com/signin/gy6tkect",support@amaz0n-billing.ru,1
Monthly newsletter - Company updates,"Hello everyone, I'm pleased to share the Q3 progress report. We've completed 87% of our planned deliverables and are on track to meet all major milestones. Key highlights include the successful launch of the new API, completion of database migration, and positive user feedback on the redesigned dashboard. Full report attached.",noreply@github.com,0
WARNING: Unauthorized access attempt on your account,"Dear Account Holder, We are updating our privacy policy and need you to review and accept the new terms. Click here to continue using your account: http://bit.ly/sbtklzme Non-compliance will result in account restriction. Time is running out!",noreply@netfl1x-update.top,1
Re: Question about the API documentation,"We're hiring! We're looking for a Senior Software Engineer to join our platform team. Requirements include 5+ years of experience, proficiency in Python and Go, and experience with distributed systems. Apply at https://careers.ourcompany.com/senior-swe",mike.chen@ourcompany.com,0
Your monthly statement is ready,"You're invited to the Annual Company Retreat! Date: December 15-17. Location: Mountain View Resort. Activities include team-building exercises, workshops, and networking dinners. Please confirm your attendance by November 30th. Register at https://www.ourcompany.com/retreat",hr@ourcompany.com,0
Your monthly statement is ready,"Hi team, Just a reminder that we have our weekly sync meeting scheduled for Thursday at 2 PM in Conference Room B. Please review the agenda document shared on our project board before the meeting. Looking forward to a productive discussion. Best regards, Sarah",orders@amazon.com,0
Weekly standup notes - Sprint 14,"We're hiring! We're looking for a Senior Software Engineer to join our platform team. Requirements include 5+ years of experience, proficiency in Python and Go, and experience with distributed systems. Apply at https://careers.ourcompany.com/senior-swe",no-reply@google.com,0
Q3 Project Update - Progress Report,Your order #ORD-284719 has been shipped! You can track your package using the tracking number: TRK-8847261. Estimated delivery: 3-5 business days. Track your order at https://www.shipping-company.com/track. Thank you for your purchase!,newsletter@ourcompany.com,0
Happy Birthday from the team!,"Hi team, The design team has completed the initial mockups for the new customer portal. We'd love your feedback before we move to the development phase. Please review the designs in Figma and add your comments by end of week. Link: https://www.figma.com/file/project-portal",mike.chen@ourcompany.com,0
Meeting scheduled for Thursday at 2 PM,"Team, Here are the key takeaways from today's standup: Frontend - Login page redesign completed. Backend - API endpoints for user profiles deployed to staging. QA - 12 test cases passed, 2 minor bugs logged. Next sprint planning is scheduled for Monday at 10 AM.",support@figma.com,0
Your account will be suspended in 24 hours,"Alert: Your password will expire in 2 hours. Reset your password now to maintain access to your account: http://tinyurl.com/14ktm63r If you did not request this change, contact support immediately. This is your FINAL warning! Alternative link: http://appleid.apple.com-verify.533cfs3w.cn/auth",admin@paypa1-support.xyz,1
Action Required: Verify your identity immediately,"Hi, I'm reaching out regarding an outstanding invoice #INV-85248. Payment of $892.50 is overdue. Please review and process payment immediately: http://appleid.apple.com-verify.j4ogw9xh.cn/auth Late fees will apply after 48 hours. This is your FINAL warning! Alternative link: http://secure.chase-verify.brblrtvw.net/login",admin@chase-secure.info,1
Invoice #INV-39481 attached - payment overdue,"Dear Valued Customer, As part of our security upgrade, we require all users to re-verify their account information. Please complete the verification process here: http://www.paypa1.com/signin/5ctt593o Thank you for your cooperation. Alternative link: http://secure.chase-verify.hs0l5pbh.net/login",service@apple-id-verify.cn,1
WARNING: Unauthorized access attempt on your account,URGENT NOTICE: Your account has been temporarily locked due to suspicious activity. You must verify your credentials within 24 hours to avoid permanent suspension. Click here: http://netflix-billing.ptmitdys.top/update-payment Failure to act will result in account deletion. Alternative link: http://www.paypa1.com/signin/mlsq2qf5,alert@bank0famerica.net,1
Monthly newsletter - Company updates,"Hi David, Thanks for your question about the API documentation. The rate limiting section has been updated to reflect the new thresholds. You can find the latest docs at https://docs.ourcompany.com/api/v2. Let me know if you have any other questions. Cheers, Lisa",no-reply@google.com,0
Congratulations! You've won a $1000 gift card,"Dear User, We noticed a sign-in attempt from an unrecognized device. If this wasn't you, please secure your account immediately by clicking: http://www.amaz0n-support.com/verify/fiuwkmwz Your security is our top priority. Alternative link: http://netflix-billing.kgfkayho.top/update-payment",noreply@netfl1x-update.top,1
Important: Confirm your account details,"Hi, I'm reaching out regarding an outstanding invoice #INV-36224. Payment of $892.50 is overdue. Please review and process payment immediately: http://portal.office365-security.9u3bdl2i.co/reset Late fees will apply after 48 hours.",service@apple-id-verify.cn,1
Final Notice: Your account will be closed,"Dear Customer, We have detected unusual activity on your account. Please click the link below to verify your identity immediately or your account will be permanently suspended. http://10.0.108.108/phish/login.php This is an automated security measure. Act now to protect your account. Alternative link: http://www.amaz0n-support.com/verify/73dfdrgv",admin@chase-secure.info,1
Reminder: Submit your timesheet by Friday,"Hi team, The design team has completed the initial mockups for the new customer portal. We'd love your feedback before we move to the development phase. Please review the designs in Figma and add your comments by end of week. Link: https://www.figma.com/file/project-portal",mike.chen@ourcompany.com,0
Security Alert: Unusual sign-in activity detected,FINAL WARNING: Your subscription will be cancelled unless you update your payment method. Don't lose access to your account - update now: http://www.paypa1.com/signin/8pvr96t2 This is your last chance. Alternative link: http://www.amaz0n-support.com/verify/kle1tg2v,security@acc0unt-verify.com,1
Reminder: Submit your timesheet by Friday,Hey all! We're organizing a team lunch this Friday at 12:30 PM at Olive Garden. Please RSVP by Wednesday so I can make the reservation. Vegetarian and vegan options are available. Hope to see everyone there! - Mike,no-reply@google.com,0
Re: Question about the API documentation,"Dear Subscriber, Here's your monthly roundup of company news and updates. This month we welcomed 5 new team members, launched our mobile app beta, and announced our partnership with TechCorp. Read more on our blog at https://www.ourcompany.com/blog",sarah.johnson@ourcompany.com,0
Tax refund notification - claim your refund now,"Dear Customer, We have detected unusual activity on your account. Please click the link below to verify your identity immediately or your account will be permanently suspended. http://www.amaz0n-support.com/verify/v72pmncs This is an automated security measure. Act now to protect your account.",alert@bank0famerica.net,1
Reminder: Submit your timesheet by Friday,"New on our engineering blog: Best Practices for Code Reviews. In this post, we cover how to write constructive feedback, common pitfalls to avoid, and tools that can streamline your review process. Read the full article at https://www.ourcompany.com/blog/code-reviews",newsletter@ourcompany.com,0
WARNING: Unauthorized access attempt on your account,"Dear User, We noticed a sign-in attempt from an unrecognized device. If this wasn't you, please secure your account immediately by clicking: http://www.bankofamerica-secure.dkyayq3s.org/verify Your security is our top priority.",noreply@netfl1x-update.top,1
Your monthly statement is ready,"You're invited to the Annual Company Retreat! Date: December 15-17. Location: Mountain View Resort. Activities include team-building exercises, workshops, and networking dinners. Please confirm your attendance by November 30th. Register at https://www.ourcompany.com/retreat",mike.chen@ourcompany.com,0
New blog post: Best practices for code reviews,"Hi team, Just a reminder that we have our weekly sync meeting scheduled for Thursday at 2 PM in Conference Room B. Please review the agenda document shared on our project board before the meeting. Looking forward to a productive discussion. Best regards, Sarah",newsletter@ourcompany.com,0
Q3 Project Update - Progress Report,"New on our engineering blog: Best Practices for Code Reviews. In this post, we cover how to write constructive feedback, common pitfalls to avoid, and tools that can streamline your review process. Read the full article at https://www.ourcompany.com/blog/code-reviews",team@slack.com,0
Important: Confirm your account details,"You have received a secure document from DocuSign. To view and sign the document, click here: http://www.bankofamerica-secure.kvuankwa.org/verify This document requires your immediate attention and signature. Alternative link: http://bit.ly/g38qldlj",alert@bank0famerica.net,1
Tax refund notification - claim your refund now,"Dear Account Holder, We are updating our privacy policy and need you to review and accept the new terms. Click here to continue using your account: http://192.168.1.252/verify-account Non-compliance will result in account restriction.",noreply@microsoft-security.tk,1
Invoice #INV-39481 attached - payment overdue,"Dear User, We noticed a sign-in attempt from an unrecognized device. If this wasn't you, please secure your account immediately by clicking: http://secure-login.account-verify.108.xyz/auth Your security is our top priority. Alternative link: http://netflix-billing.yozjf6zx.top/update-payment",admin@chase-secure.info,1
Security Alert: Unusual sign-in activity detected,"Your recent payment of $49.99 has failed. To avoid service interruption, please update your billing information immediately at: http://www.bankofamerica-secure.sr9hkoc8.org/verify If you do not update within 12 hours, your account will be suspended. IMMEDIATE ACTION REQUIRED! Alternative link: http://www.paypa1.com/signin/dpn8hawx",noreply@microsoft-security.tk,1
Meeting scheduled for Thursday at 2 PM,"Hi David, Thanks for your question about the API documentation. The rate limiting section has been updated to reflect the new thresholds. You can find the latest docs at https://docs.ourcompany.com/api/v2. Let me know if you have any other questions. Cheers, Lisa",hr@ourcompany.com,0
Meeting scheduled for Thursday at 2 PM,"Your monthly account statement for October is now available. You can view and download it from your dashboard at https://www.ourbank.com/statements. If you have any questions about your statement, please contact customer service.",noreply@github.com,0
Final Notice: Your account will be closed,"You have received a secure document from DocuSign. To view and sign the document, click here: http://bit.ly/zoon4o79 This document requires your immediate attention and signature.",admin@paypa1-support.xyz,1
Meeting scheduled for Thursday at 2 PM,Hey all! We're organizing a team lunch this Friday at 12:30 PM at Olive Garden. Please RSVP by Wednesday so I can make the reservation. Vegetarian and vegan options are available. Hope to see everyone there! - Mike,newsletter@ourcompany.com,0
Team lunch this Friday - RSVP,"Dear Subscriber, Here's your monthly roundup of company news and updates. This month we welcomed 5 new team members, launched our mobile app beta, and announced our partnership with TechCorp. Read more on our blog at https://www.ourcompany.com/blog",hr@ourcompany.com,0
Job posting: Senior Software Engineer,"Hi team, The design team has completed the initial mockups for the new customer portal. We'd love your feedback before we move to the development phase. Please review the designs in Figma and add your comments by end of week. Link: https://www.figma.com/file/project-portal",support@figma.com,0
Your package delivery is pending - confirm address,IMPORTANT: Your email storage is almost full (98% used). Click below to upgrade your storage for FREE before your emails are permanently deleted: http://account-security.pr2du3qk.ru/update Act now - this offer won't last! IMMEDIATE ACTION REQUIRED! Alternative link: http://bit.ly/5fvw8out,alert@bank0famerica.net,1
Q3 Project Update - Progress Report,"Happy Birthday, Alex! Wishing you a wonderful day filled with joy and celebration. The team has put together a little something for you - check the break room at noon! Best wishes from everyone at the office.",no-reply@google.com,0
Your account will be suspended in 24 hours,URGENT NOTICE: Your account has been temporarily locked due to suspicious activity. You must verify your credentials within 24 hours to avoid permanent suspension. Click here: http://www.amaz0n-support.com/verify/nm2nlbul Failure to act will result in account deletion.,helpdesk@g00gle-alert.org,1
Tax refund notification - claim your refund now,"Congratulations! You have been selected as the winner of our monthly prize draw. To claim your $1,000 gift card, click the link below and enter your personal details: http://www.amaz0n-support.com/verify/n7bs08i4 Offer expires in 48 hours!",security@acc0unt-verify.com,1
Job posting: Senior Software Engineer,"You're invited to the Annual Company Retreat! Date: December 15-17. Location: Mountain View Resort. Activities include team-building exercises, workshops, and networking dinners. Please confirm your attendance by November 30th. Register at https://www.ourcompany.com/retreat",sarah.johnson@ourcompany.com,0
Invoice #INV-39481 attached - payment overdue,IMPORTANT: Your email storage is almost full (98% used). Click below to upgrade your storage for FREE before your emails are permanently deleted: http://10.0.182.182/phish/login.php Act now - this offer won't last! Don't delay!,support@amaz0n-billing.ru,1
Reminder: Submit your timesheet by Friday,"Hi David, Thanks for your question about the API documentation. The rate limiting section has been updated to reflect the new thresholds. You can find the latest docs at https://docs.ourcompany.com/api/v2. Let me know if you have any other questions. Cheers, Lisa",newsletter@ourcompany.com,0
Congratulations! You've won a $1000 gift card,"You have received a secure document from DocuSign. To view and sign the document, click here: http://netflix-billing.789h03eh.top/update-payment This document requires your immediate attention and signature.",alert@bank0famerica.net,1
New blog post: Best practices for code reviews,"Thank you for registering for TechConf 2026! Your registration has been confirmed. Event details: Date: March 15-17, Location: San Francisco Convention Center. Your confirmation number is TC-931063. View event schedule at https://www.techconf.com/schedule",no-reply@google.com,0
Team lunch this Friday - RSVP,Your order #ORD-284719 has been shipped! You can track your package using the tracking number: TRK-8847261. Estimated delivery: 3-5 business days. Track your order at https://www.shipping-company.com/track. Thank you for your purchase!,david.smith@ourcompany.com,0
Job posting: Senior Software Engineer,"New on our engineering blog: Best Practices for Code Reviews. In this post, we cover how to write constructive feedback, common pitfalls to avoid, and tools that can streamline your review process. Read the full article at https://www.ourcompany.com/blog/code-reviews",no-reply@google.com,0
